frame,track_id,class,bbox_x1,bbox_y1,bbox_x2,bbox_y2,centroid_x,centroid_y
0,1,bus,657.5808,448.5341,852.97906,730.22546,755.2799,589.37976
0,2,car,605.7717,490.08615,699.81793,599.2395,652.7948,544.66284
0,3,car,689.55615,350.69925,769.6388,428.44693,729.5975,389.5731
0,4,car,187.51225,842.1803,424.06207,1078.8007,305.78717,960.4905
0,5,car,1396.9537,622.5416,1508.097,742.69086,1452.5254,682.6162
0,6,car,576.5182,737.9471,736.4229,940.6547,656.4706,839.3009
0,7,car,297.59732,556.0866,441.2949,678.0085,369.4461,617.04755
0,8,car,548.8176,408.4978,645.26404,493.6826,597.04083,451.0902
0,9,car,0.20957947,842.7102,171.17665,1059.034,85.693115,950.87213
0,10,car,416.81268,847.6279,559.3135,1015.8079,488.06308,931.7179
0,11,car,1521.2109,832.7101,1640.1489,963.84125,1580.6799,898.27563
0,12,person,1215.2693,510.4383,1240.306,561.3353,1227.7876,535.88684
0,13,person,1780.6161,903.5565,1814.4569,997.7771,1797.5365,950.6668
0,14,person,38.179924,986.56287,111.8726,1079.4895,75.02626,1033.0261
0,15,person,947.3031,578.3095,983.3192,662.2941,965.31116,620.3018
0,16,car,605.3973,308.93088,694.4477,372.62393,649.9225,340.7774
0,17,car,748.6548,196.83528,809.33026,236.48787,778.99255,216.66158
0,18,car,791.59155,266.23856,841.0183,309.9374,816.30493,288.08798
0,19,car,1317.1099,603.35425,1381.036,686.5407,1349.073,644.9475
0,20,car,734.32874,280.7525,779.1244,325.09195,756.72656,302.92224
0,21,truck,1312.5448,454.53845,1402.0797,566.9486,1357.3123,510.74353
1,1,bus,654.01,449.81595,850.80786,733.51715,752.40894,591.66656
1,2,car,600.3468,495.85352,693.9099,604.3569,647.12836,550.1052
1,3,car,688.70667,353.77264,767.9091,430.6125,728.30786,392.19257
1,4,car,185.33907,854.4222,410.41238,1079.2561,297.87573,966.8391
1,5,car,1396.4181,622.3504,1507.4817,742.4283,1451.95,682.38934
1,6,car,570.927,740.8042,734.871,948.6246,652.899,844.71436
1,7,car,291.3058,559.2756,434.79675,680.9299,363.05127,620.1027
1,8,car,546.5467,409.7695,645.5971,497.21732,596.0719,453.4934
1,9,car,0.0,849.8033,163.67448,1058.7197,81.83724,954.2615
1,10,car,411.38828,859.38727,551.24927,1024.4205,481.3188,941.90393
1,11,car,1521.3865,833.0213,1639.1562,962.90594,1580.2714,897.9636
1,12,person,1216.2224,512.9886,1240.5061,562.28455,1228.3643,537.6366
1,13,person,1781.138,905.0125,1813.0071,993.6018,1797.0725,949.3071
1,15,person,947.18646,584.2236,980.7451,662.373,963.9658,623.2983
1,16,car,609.8813,310.97992,697.46576,373.79523,653.6735,342.38757
1,17,car,749.0208,197.46043,807.1563,235.4131,778.08856,216.43677
1,18,car,789.02515,265.10913,841.1472,311.25693,815.0862,288.18304
1,21,truck,1310.5297,453.71332,1401.1449,567.43365,1355.8373,510.5735
2,1,bus,649.3758,450.5399,850.9377,741.2432,750.15674,595.89154
2,2,car,597.9059,499.8985,691.2818,608.018,644.5939,553.95825
2,3,car,686.2394,355.01154,766.9906,433.34775,726.615,394.17963
2,4,car,182.26994,866.8807,395.49283,1078.7533,288.88138,972.817
2,5,car,1396.0756,622.21277,1507.291,742.46094,1451.6833,682.33685
2,6,car,564.9032,743.535,734.58453,958.84973,649.7439,851.1924
2,7,car,284.68668,562.2658,430.7093,685.9187,357.698,624.0923
2,8,car,543.08105,410.60086,644.8433,500.50296,593.96216,455.5519
2,9,car,0.0,860.17377,155.43239,1059.0089,77.716194,959.5913
2,10,car,398.23218,869.6561,549.3729,1048.1992,473.80255,958.9277
2,11,car,1521.0181,833.6151,1639.4673,964.32104,1580.2427,898.9681
2,12,person,1217.1431,511.49066,1241.6046,561.1156,1229.3738,536.3031
2,13,person,1780.9961,903.2243,1813.4783,993.4743,1797.2372,948.3493
2,16,car,611.0981,311.99954,697.46594,374.28513,654.282,343.14233
2,17,car,747.14026,196.90157,806.5297,235.66248,776.83496,216.28201
2,18,car,788.60284,266.06555,841.0552,312.58093,814.829,289.32324
2,23,car,588.93646,313.82614,692.0412,375.74146,640.48883,344.7838
2,19,car,1320.2185,603.85205,1382.9438,685.6062,1351.5812,644.7291
3,1,bus,646.4265,452.90274,849.5981,746.07684,748.0123,599.4898
3,2,car,595.8688,503.14835,689.15857,610.9566,642.5137,557.0525
3,3,car,679.6707,353.93756,766.0725,437.94412,722.8716,395.94086
3,4,car,181.4167,879.15326,384.9139,1079.711,283.1653,979.4321
3,5,car,1397.3452,622.2684,1508.3629,742.4024,1452.854,682.3354
3,6,car,560.2321,749.4759,730.83246,966.1444,645.5323,857.8102
3,7,car,277.3774,563.80597,426.6663,690.0634,352.02185,626.9347
3,8,car,539.7444,414.7865,639.57196,502.90533,589.6582,458.84592
3,9,car,0.0,871.3333,149.98059,1070.759,74.990295,971.04614
3,10,car,390.3575,880.2487,539.81744,1056.7352,465.08746,968.49194
3,11,car,1522.2203,834.94904,1638.8466,963.66235,1580.5334,899.30566
3,12,person,1217.7319,513.19696,1242.7822,563.91925,1230.2571,538.5581
3,13,person,1781.5479,902.11066,1813.1964,989.7485,1797.3721,945.92957
3,16,car,609.2547,312.8637,695.4753,375.40396,652.365,344.13385
3,17,car,747.8327,197.58524,805.72485,235.30328,776.7788,216.44426
3,18,car,787.0245,265.77472,840.86707,313.62958,813.9458,289.70215
3,25,car,1309.6978,548.39996,1361.6726,607.19165,1335.6852,577.7958
3,19,car,1320.3436,603.71454,1382.6951,685.0357,1351.5193,644.3751
3,20,car,730.87646,278.71786,778.5973,326.10144,754.7369,302.40967
3,21,truck,1310.7847,451.8475,1403.4098,568.3403,1357.0972,510.09387
4,1,bus,643.84515,456.22388,848.0576,751.0094,745.9514,603.61664
4,2,car,594.27264,506.22125,689.3945,615.6835,641.83356,560.9524
4,3,car,677.42084,355.56192,763.83746,439.61618,720.62915,397.58905
4,4,car,177.84094,893.05914,368.5201,1078.6216,273.18054,985.84033
4,5,car,1399.4788,622.3032,1510.1134,742.23425,1454.7961,682.26874
4,6,car,555.6266,755.18866,729.2872,976.1898,642.4569,865.6892
4,7,car,272.2086,566.9444,424.2036,695.32666,348.20612,631.1355
4,8,car,537.3607,417.95294,637.0131,505.69568,587.1869,461.8243
4,9,car,0.0,880.18463,142.22609,1075.3269,71.113045,977.75574
4,10,car,381.4508,894.1214,531.6236,1071.376,456.5372,982.74866
4,11,car,1521.958,834.74023,1640.4097,965.54,1581.1838,900.14014
4,12,person,1218.0504,513.93475,1244.8307,568.25854,1231.4406,541.0967
4,13,person,1781.3776,903.66626,1811.7914,987.28754,1796.5845,945.4769
4,16,car,605.5371,314.1745,692.5036,377.59076,649.0204,345.88263
4,18,car,783.8265,264.96313,840.46857,315.36038,812.1475,290.16174
4,25,car,1309.5991,548.21814,1361.0322,606.34924,1335.3157,577.2837
4,19,car,1320.0006,603.57385,1382.4332,685.13135,1351.2169,644.3526
4,21,truck,1311.1698,451.21283,1403.0396,566.88513,1357.1047,509.04898
4,15,car,946.473,604.27997,976.2955,672.6896,961.3843,638.48474
5,1,bus,641.9445,460.28156,847.22626,756.6276,744.5854,608.4546
5,2,car,593.1744,509.99954,689.111,619.7224,641.1427,564.86096
5,3,car,675.9049,356.17776,763.6997,441.7169,719.8023,398.94733
5,4,car,175.75804,908.076,355.39938,1079.635,265.5787,993.85547
5,5,car,1400.1404,621.6564,1511.7255,742.74023,1455.9329,682.1983
5,6,car,552.0602,767.50574,723.96436,986.09644,638.01227,876.8011
5,7,car,267.7637,572.6042,419.1124,700.07245,343.43805,636.3383
5,8,car,533.91364,418.82788,635.3149,508.04706,584.61426,463.43747
5,9,car,0.0,891.01355,132.16943,1077.3107,66.08472,984.1621
5,10,car,378.8864,909.283,518.7866,1073.1804,448.83652,991.2317
5,11,car,1521.3904,833.2569,1642.1941,966.9511,1581.7922,900.104
5,12,person,1218.7313,519.1746,1244.4788,571.65784,1231.605,545.41626
5,13,person,1780.5138,902.3739,1812.3121,989.094,1796.413,945.73395
5,16,car,603.4872,316.50565,691.4129,381.04156,647.4501,348.77362
5,18,car,787.2298,267.62387,840.9594,315.5747,814.0946,291.5993
5,25,car,1309.8186,548.81726,1360.5609,606.0725,1335.1897,577.4449
5,19,car,1318.4818,604.30554,1381.4628,686.5681,1349.9723,645.4368
5,21,truck,1313.1631,451.00122,1404.2471,566.0965,1358.7051,508.54886
5,30,car,378.90018,978.5212,468.31656,1077.5771,423.60837,1028.0492
5,17,car,748.643,201.3843,802.89813,236.4533,775.77057,218.9188
6,1,bus,637.6101,462.3539,846.4964,764.2769,742.0532,613.3154
6,2,car,586.8876,511.695,686.4417,625.0723,636.6647,568.38367
6,3,car,668.4232,357.3062,758.558,444.58032,713.4906,400.94327
6,4,car,173.25615,922.8632,342.5388,1079.949,257.89746,1001.4061
6,5,car,1399.8802,621.5136,1509.5641,740.5961,1454.7222,681.0549
6,6,car,546.1899,774.69885,721.4855,997.69336,633.83765,886.1961
6,7,car,262.44714,575.69745,414.5625,703.5415,338.50482,639.6195
6,8,car,529.812,420.8106,631.852,510.24625,580.83203,465.52844
6,9,car,0.0,900.39417,124.16389,1077.1108,62.081944,988.7525
6,10,car,374.84076,923.374,508.27332,1077.5527,441.55704,1000.4634
6,11,car,1521.4155,833.66736,1641.2639,966.7308,1581.3397,900.1991
6,12,person,1218.6344,521.83527,1244.2058,574.1498,1231.4202,547.99255
6,13,person,1778.1475,898.4123,1810.9972,987.54614,1794.5723,942.97925
6,16,car,602.68445,318.1083,689.6934,382.51868,646.18896,350.31348
6,18,car,783.75964,268.51868,837.9614,316.9976,810.86053,292.75812
6,25,car,1309.1691,547.84424,1360.8096,606.0602,1334.9893,576.9522
6,19,car,1319.4521,604.5369,1381.9841,686.45575,1350.7181,645.49634
6,21,truck,1308.0868,450.69455,1399.4648,565.15594,1353.7759,507.92523
7,1,bus,632.96625,464.21515,844.7959,770.731,738.8811,617.4731
7,2,car,578.4022,516.2034,678.5203,630.3353,628.4613,573.2694
7,3,car,665.97,353.1916,760.55164,445.19418,713.2608,399.19287
7,4,car,172.37769,936.1175,332.08182,1079.5665,252.22975,1007.84204
7,5,car,1399.8002,620.6356,1508.7566,739.1162,1454.2783,679.8759
7,6,car,541.09814,783.08496,719.26575,1009.8353,630.18195,896.46014
7,7,car,255.13618,580.22327,410.58218,710.7942,332.8592,645.5087
7,8,car,525.97186,423.33026,630.1688,514.31433,578.0703,468.8223
7,9,car,0.0,911.6266,114.24514,1079.1399,57.12257,995.38324
7,10,car,371.84174,940.2568,495.31253,1079.5934,433.57715,1009.92505
7,11,car,1521.524,834.2747,1640.7914,967.23804,1581.1577,900.75635
7,12,person,1218.749,524.93915,1244.1737,576.9901,1231.4614,550.9646
7,16,car,601.1193,319.74792,688.9478,385.46683,645.03357,352.60736
7,18,car,782.23425,268.59714,837.75964,318.35623,809.99695,293.47668
7,25,car,1308.8596,547.2205,1361.4042,606.4322,1335.1318,576.82635
7,19,car,1319.9028,604.0622,1382.5465,686.4381,1351.2246,645.2501
7,21,truck,1307.5298,450.49203,1398.3419,563.362,1352.9358,506.927
7,20,car,725.30206,280.8966,776.5053,332.13223,750.9037,306.5144
8,1,bus,628.06146,466.72324,842.69714,777.6588,735.3793,622.19104
8,2,car,572.4493,518.4193,674.68646,634.895,623.5679,576.65717
8,3,car,664.81177,355.15762,758.15234,445.9017,711.48206,400.52966
8,4,car,171.42209,952.0268,318.64734,1079.9073,245.03471,1015.96704
8,5,car,1399.4618,619.6652,1508.3049,738.25244,1453.8833,678.95886
8,6,car,535.19794,789.07764,716.41064,1019.8725,625.8043,904.4751
8,7,car,249.88368,585.72577,405.58774,716.46893,327.73572,651.09735
8,8,car,521.1423,424.1992,627.10284,516.65106,574.12256,470.4251
8,9,car,0.0,923.19,104.43122,1079.0128,52.21561,1001.10144
8,10,car,364.72284,954.4318,481.08295,1080.0,422.9029,1017.21594
8,11,car,1522.2268,834.5954,1640.5625,966.94116,1581.3947,900.7683
8,12,person,1219.0452,524.14056,1245.3527,578.3058,1232.199,551.22314
8,16,car,598.72723,320.8564,686.25543,386.9175,642.49133,353.88696
8,18,car,782.3993,271.00894,835.8186,318.5656,809.10895,294.7873
8,25,car,1308.8954,546.5787,1362.0195,606.353,1335.4575,576.4658
8,19,car,1317.8679,598.6657,1384.9788,687.0274,1351.4233,642.84656
8,21,truck,1306.4602,450.10455,1398.5221,563.80096,1352.4912,506.95276
8,32,car,952.7378,296.86725,990.0103,347.2546,971.374,322.0609
8,20,car,723.652,280.4228,777.24457,334.8339,750.44824,307.62836
8,13,person,1774.2589,895.83325,1807.64,985.8737,1790.9495,940.8535
9,1,bus,624.7276,469.91983,841.2098,783.6888,732.9687,626.8043
9,2,car,568.4291,521.3954,673.3052,640.96655,620.8671,581.18097
9,3,car,666.11804,360.71878,755.5038,447.83255,710.8109,404.27567
9,4,car,170.7591,968.3875,305.63547,1080.0,238.19728,1024.1937
9,5,car,1398.3119,618.3535,1508.0603,737.8136,1453.186,678.08356
9,6,car,530.4839,797.4768,714.15247,1031.6057,622.3182,914.54126
9,7,car,242.21349,588.4208,402.42178,723.00616,322.31763,655.7135
9,8,car,516.9271,425.60876,624.57733,519.64935,570.7522,472.62906
9,9,car,0.0,934.38354,92.97171,1078.1489,46.485855,1006.26624
9,10,car,361.2549,971.18274,467.34903,1080.0,414.30197,1025.5913
9,11,car,1522.2133,834.1986,1641.2998,967.6441,1581.7566,900.9214
9,12,person,1219.3693,525.2186,1245.8439,579.85376,1232.6066,552.5362
9,16,car,595.6205,322.38898,681.68024,387.75336,638.6504,355.07117
9,18,car,781.85754,272.99765,834.4273,319.48853,808.14246,296.2431
9,20,car,721.5929,282.19974,775.34344,337.24142,748.46814,309.72058
10,1,bus,621.3647,474.05548,840.0049,791.056,730.6848,632.5558
10,2,car,567.4229,525.08356,671.28894,643.26447,619.35596,584.174
10,3,car,666.5376,364.42462,754.7703,450.74905,710.65393,407.58685
10,4,car,171.82294,984.0968,293.35776,1079.0258,232.59035,1031.5613
10,5,car,1398.0929,617.92645,1508.9733,738.8434,1453.5331,678.3849
10,6,car,526.22345,808.03864,709.8446,1041.898,618.03406,924.96826
10,7,car,235.77963,591.1464,398.68228,727.8788,317.23096,659.5126
10,8,car,512.7742,428.70618,620.7667,523.1509,566.77045,475.92853
10,9,car,0.0,945.98517,81.30062,1078.0265,40.65031,1012.00586
10,10,car,353.27365,987.6103,449.91898,1080.0,401.5963,1033.8052
10,11,car,1522.6025,835.2862,1641.1884,968.43146,1581.8955,901.8588
10,12,person,1220.238,526.4232,1247.0286,581.84314,1233.6333,554.1332
10,16,car,594.2554,323.93793,679.0384,388.99115,636.64685,356.46454
10,18,car,780.3785,274.02997,834.1171,321.4241,807.2478,297.72705
10,20,car,720.93427,283.7338,772.9914,337.58566,746.9628,310.65973
10,21,truck,1314.406,449.0946,1405.326,562.4458,1359.866,505.7702
10,32,car,954.6678,301.50937,988.5298,347.2597,971.59875,324.38452
11,1,bus,617.59784,477.35934,837.62836,796.4586,727.6131,636.909
11,2,car,563.3873,529.4063,668.9899,649.76953,616.1886,589.5879
11,3,car,663.01013,367.51697,751.5861,453.82764,707.2981,410.6723
11,4,car,168.83543,1000.32666,277.5666,1078.8016,223.20102,1039.5642
11,5,car,1399.3993,617.93396,1510.8115,739.99274,1455.1055,678.9634
11,6,car,520.63965,815.89825,705.9219,1051.9733,613.28076,933.9358
11,7,car,228.6092,596.0167,391.9165,732.9139,310.26285,664.46533
11,8,car,509.6289,431.73584,618.70966,527.1563,564.1693,479.44608
11,9,car,0.0,958.7365,69.79418,1079.8281,34.89709,1019.28235
11,10,car,352.8277,1001.17737,441.22568,1080.0,397.02667,1040.5886
11,11,car,1523.0936,836.10596,1640.8312,968.61273,1581.9624,902.3594
11,12,person,1219.797,526.39355,1248.092,585.25903,1233.9446,555.8263
11,16,car,590.7422,324.42645,675.752,390.46176,633.2471,357.4441
11,18,car,780.4224,274.9863,833.01025,320.9363,806.7163,297.9613
11,21,truck,1315.9482,448.89026,1404.4387,559.6044,1360.1935,504.2473
11,17,car,748.159,203.50209,799.9815,237.00357,774.07025,220.25284
11,25,car,1313.6532,547.54987,1359.6587,598.2997,1336.656,572.9248
11,13,person,1771.984,888.55524,1807.5879,984.9107,1789.7859,936.733
12,1,bus,614.1771,477.3768,839.00745,803.7014,726.5923,640.5391
12,2,car,562.54095,535.0693,668.34705,654.9723,615.444,595.02075
12,3,car,661.8939,371.02716,749.95605,456.8036,705.925,413.91537
12,4,car,166.98003,1017.14374,258.70926,1077.1075,212.84464,1047.1256
12,5,car,1400.0956,616.6794,1511.4137,739.1128,1455.7546,677.8961
12,6,car,514.2797,821.99744,703.13275,1062.7909,608.70624,942.39417
12,7,car,221.02173,599.1966,388.30444,739.60754,304.6631,669.4021
12,8,car,506.2992,433.61444,616.28033,529.98145,561.2898,481.79794
12,10,car,354.3365,1021.761,425.04553,1080.0,389.691,1050.8805
12,11,car,1523.2781,837.6149,1640.3169,969.70135,1581.7975,903.65814
12,12,person,1219.8834,527.4144,1248.2856,586.6466,1234.0845,557.0305
12,16,car,589.73236,325.24576,675.455,392.71475,632.5937,358.98026
12,18,car,779.42633,276.3302,831.8769,321.83658,805.6516,299.08337
12,21,truck,1316.0847,448.7088,1403.8469,558.6132,1359.9658,503.661
12,38,car,553.8831,327.0219,671.14435,395.20593,612.51373,361.11392
12,13,person,1771.0881,885.93915,1806.502,981.26117,1788.795,933.60016
12,20,car,718.56964,288.7521,769.09125,341.53262,743.83044,315.14236
13,1,bus,611.0668,479.024,838.638,809.53973,724.8524,644.28186
13,2,car,556.59216,538.3523,665.9338,661.2759,611.26294,599.8141
13,3,car,659.4446,373.13953,748.8276,459.64594,704.1361,416.39273
13,5,car,1400.4814,615.58466,1510.0491,736.3856,1455.2653,675.9851
13,6,car,509.6206,830.9673,700.06537,1073.7877,604.843,952.3775
13,7,car,213.57635,604.71686,382.26846,746.18665,297.92242,675.4518
13,8,car,500.86456,435.45822,611.32025,532.3676,556.0924,483.9129
13,11,car,1523.6763,838.2124,1640.4263,970.15326,1582.0513,904.18286
13,12,person,1220.1675,527.7857,1248.4983,587.09143,1234.3329,557.4386
13,16,car,589.606,327.55893,673.6713,394.2755,631.6387,360.91724
13,18,car,778.43384,277.58093,830.3162,322.62888,804.375,300.10492
13,21,truck,1311.4774,448.44882,1400.9313,559.34454,1356.2043,503.89667
13,38,car,555.1663,327.87457,670.92816,395.20554,613.04724,361.54004
13,13,person,1768.0388,885.09033,1804.4673,983.2444,1786.253,934.16736
13,41,person,938.5645,440.07562,969.9912,506.80917,954.27783,473.44238
13,19,car,1312.9059,591.5413,1383.8104,685.9358,1348.3582,638.7385
14,1,bus,605.2332,482.47012,836.4587,818.877,720.84595,650.6736
14,2,car,547.44476,540.21924,659.4936,665.51215,603.4692,602.8657
14,3,car,658.3398,375.83652,747.5554,462.12408,702.94763,418.9803
14,5,car,1400.4913,614.9485,1509.2827,735.17365,1454.887,675.06104
14,6,car,506.32477,838.7582,696.1774,1080.0,601.2511,959.3791
14,7,car,206.93391,608.49927,378.51132,752.2651,292.72263,680.3822
14,8,car,494.88736,435.98367,608.6361,536.3137,551.7617,486.14868
14,11,car,1524.6775,838.54895,1640.8607,969.9582,1582.769,904.25354
14,12,person,1220.3663,529.9807,1248.6187,589.2041,1234.4924,559.5924
14,16,car,587.3451,329.75812,670.1585,395.76968,628.75183,362.76392
14,18,car,778.3535,276.89355,830.6404,322.44077,804.49695,299.66718
14,21,truck,1309.1753,447.82275,1400.5873,560.2169,1354.8813,504.01984
14,38,car,555.92523,330.193,670.3946,396.81027,613.1599,363.50165
14,13,person,1766.7947,884.68054,1802.8693,981.79785,1784.832,933.2392
14,41,person,939.2682,448.63666,969.1944,512.2572,954.2313,480.44693
14,19,car,1313.4785,591.4466,1383.6931,685.61395,1348.5858,638.5303
15,1,bus,600.2113,484.6453,834.6521,827.18536,717.4317,655.91534
15,2,car,539.6593,542.0994,655.2044,671.35077,597.4319,606.7251
15,3,car,657.1797,379.9682,745.4048,464.98206,701.29224,422.47513
15,5,car,1400.7778,615.78955,1507.5876,733.5436,1454.1827,674.66656
15,6,car,503.0301,844.4543,691.16895,1080.0,597.0995,962.2272
15,7,car,199.64001,610.40515,376.1659,758.7278,287.90295,684.56647
15,8,car,492.50067,439.87103,604.7462,538.9151,548.6234,489.39307
15,11,car,1524.8691,838.6221,1641.2867,970.6771,1583.0779,904.6496
15,12,person,1220.8472,531.4638,1248.9777,590.4196,1234.9124,560.9417
15,16,car,585.8713,331.55527,666.69214,396.0966,626.28174,363.82593
15,18,car,776.4348,276.49255,829.0606,322.52466,802.7477,299.5086
15,38,car,554.53656,331.04037,668.87585,397.61597,611.7062,364.3282
15,41,person,939.35767,451.7715,967.5181,511.61005,953.43787,481.6908
15,19,car,1314.4664,592.9309,1382.9906,685.1094,1348.7285,639.02014
15,53,truck,1554.6573,379.218,1919.5343,843.1255,1737.0958,611.17175
16,1,bus,594.5923,488.33954,830.63275,833.6466,712.61255,660.99304
16,2,car,532.4446,544.92804,651.77856,678.8448,592.1116,611.8864
16,3,car,652.8987,381.53378,741.93384,467.13007,697.41626,424.3319
16,5,car,1397.9419,614.4283,1507.291,734.7364,1452.6165,674.58234
16,6,car,502.94516,855.54315,684.3568,1080.0,593.651,967.7716
16,7,car,190.28027,613.82806,370.213,765.36957,280.24664,689.5988
16,8,car,490.7871,443.8723,600.9666,540.80255,545.87683,492.33743
16,11,car,1526.4694,838.31866,1640.9498,968.14636,1583.7096,903.23254
16,12,person,1221.1755,532.41,1249.8224,592.55554,1235.499,562.4828
16,16,car,580.5142,331.66687,667.6268,401.85678,624.0705,366.76184
16,18,car,774.79614,279.68927,825.93866,324.23337,800.36743,301.9613
16,38,car,552.053,331.69678,668.2134,399.45428,610.1332,365.57553
16,41,person,939.98413,453.43567,966.82935,510.0033,953.40674,481.71948
16,19,car,1315.5535,594.07,1382.9331,684.8789,1349.2433,639.4745
16,25,car,1311.6635,545.94116,1360.771,599.3041,1336.2173,572.6226
16,21,truck,1311.4718,446.289,1404.0011,560.47906,1357.7365,503.38403
17,1,bus,588.0996,491.3919,828.473,843.29407,708.2863,667.343
17,2,car,528.3195,550.01587,647.1153,683.1669,587.7174,616.5914
17,3,car,652.10925,384.11554,742.4272,471.20557,697.2682,427.66055
17,5,car,1399.2762,615.50934,1507.3578,734.3439,1453.317,674.92664
17,6,car,502.5145,864.372,678.7253,1080.0,590.6199,972.18604
17,7,car,181.3917,616.5132,365.6189,771.89777,273.5053,694.20544
17,8,car,486.51233,445.55215,599.07916,545.1768,542.7958,495.3645
17,11,car,1526.5636,837.91986,1642.4218,969.6929,1584.4927,903.8064
17,12,person,1221.973,538.28705,1249.2136,595.7028,1235.5933,566.99493
17,16,car,578.7469,332.1282,667.86865,404.92496,623.30774,368.52658
17,18,car,771.05676,278.0194,825.4658,324.92032,798.2613,301.46985
17,19,car,1317.8455,593.28,1383.9364,683.6404,1350.8909,638.4602
17,25,car,1310.5121,544.75226,1362.1617,600.5017,1336.3369,572.62695
18,1,bus,585.30273,495.1622,828.0101,851.17395,706.6564,673.1681
18,2,car,524.8451,555.836,642.87,687.1762,583.85754,621.5061
18,3,car,648.74146,384.40268,741.2684,474.3562,695.0049,429.37946
18,5,car,1399.9209,614.8656,1508.0276,733.775,1453.9742,674.3203
18,6,car,502.05862,870.97974,674.3105,1080.0,588.1846,975.48987
18,7,car,176.43265,623.7211,359.2722,777.8353,267.85242,700.7782
18,8,car,482.8169,448.01242,596.3403,548.95056,539.5786,498.4815
18,11,car,1526.8984,838.052,1643.6581,971.439,1585.2783,904.7455
18,12,person,1223.1166,541.50183,1250.0957,598.583,1236.6062,570.0424
18,16,car,578.34235,333.6578,666.50183,406.44775,622.4221,370.0528
18,18,car,773.1638,278.99054,825.5526,324.47305,799.3582,301.7318
18,19,car,1315.5612,587.9013,1385.1062,684.1393,1350.3337,636.02026
18,25,car,1309.9048,544.7719,1362.5194,601.3677,1336.2122,573.0698
18,41,person,935.8203,458.20306,968.4206,527.12775,952.1205,492.6654
19,1,bus,581.81085,497.9801,827.57227,859.2904,704.6915,678.63525
19,2,car,520.5246,559.6324,640.8385,693.61163,580.6815,626.622
19,3,car,646.8452,384.92746,739.44867,475.4833,693.147,430.20538
19,5,car,1400.3506,614.8108,1507.5848,732.67944,1453.9678,673.7451
19,6,car,503.30276,881.16125,669.36255,1080.0,586.33264,980.5806
19,7,car,169.72182,630.4036,352.76764,784.4729,261.24472,707.43823
19,8,car,478.95526,449.61215,593.22095,551.6439,536.08813,500.62805
19,11,car,1527.1838,838.426,1643.9198,972.3097,1585.5518,905.36786
19,12,person,1224.0908,544.977,1250.7761,601.3608,1237.4335,573.1689
19,16,car,576.0143,335.8382,661.4623,406.30045,618.7383,371.06934
19,18,car,770.0334,280.9729,823.49115,327.23245,796.76227,304.10266
19,19,car,1315.9805,588.30206,1384.782,684.0242,1350.3812,636.1631
19,25,car,1309.3551,544.2163,1363.0892,602.0417,1336.2222,573.129
19,41,person,934.5112,460.08618,968.76575,532.9138,951.6385,496.5
20,1,bus,577.62646,500.42178,827.42883,868.9137,702.52765,684.6677
20,2,car,514.12213,560.59503,641.18097,702.71576,577.65155,631.6554
20,3,car,644.11945,385.45734,737.2199,476.7752,690.6697,431.11627
20,5,car,1400.4617,614.7977,1507.6097,732.33636,1454.0356,673.567
20,6,car,502.5155,888.8779,664.1697,1080.0,583.3426,984.43896
20,7,car,161.89053,635.6076,347.10342,791.5097,254.49698,713.55865
20,8,car,474.80026,451.7425,591.7553,556.27136,533.2778,504.00693
20,11,car,1528.1439,839.30505,1645.0244,973.8201,1586.5842,906.5626
20,12,person,1224.6091,545.4455,1251.8413,602.781,1238.2252,574.1133
20,16,car,571.7949,337.31342,657.8813,407.89108,614.83813,372.60223
20,18,car,769.94604,282.76273,822.1112,327.7392,796.0286,305.25098
20,19,car,1315.9784,587.28973,1384.8765,683.7463,1350.4275,635.518
20,25,car,1309.6755,543.6912,1363.5637,601.60364,1336.6196,572.64746
20,41,person,933.842,463.8253,968.7244,538.54846,951.2832,501.1869
20,53,truck,1552.5273,377.34644,1920.0,845.87524,1736.2637,611.61084
21,1,bus,573.1543,503.39453,824.9525,875.21533,699.0534,689.30493
21,2,car,509.59656,566.0095,636.7951,708.776,573.1958,637.39276
21,3,car,640.1031,386.41162,735.6715,480.1628,687.8873,433.28723
21,5,car,1400.2399,614.489,1507.8563,732.3768,1454.0481,673.43286
21,6,car,497.6604,900.10034,653.5353,1080.0,575.59784,990.0502
21,7,car,154.82654,640.0725,342.22742,797.90027,248.52698,718.9864
21,8,car,469.08353,454.18402,588.8304,561.4669,528.957,507.82547
21,11,car,1529.267,839.7654,1646.1245,974.61365,1587.6958,907.1895
21,12,person,1225.8392,546.95264,1252.4956,602.72485,1239.1675,574.83875
21,16,car,564.9425,339.07266,652.1534,410.00873,608.548,374.5407
21,18,car,767.8381,282.98355,822.57794,330.04263,795.208,306.5131
21,19,car,1316.2483,588.6602,1383.7904,683.3242,1350.0193,635.9922
21,25,car,1311.0817,544.8822,1362.9608,600.0462,1337.0212,572.46423
21,41,person,934.8825,470.39014,967.2881,540.0986,951.0853,505.24435
21,53,truck,1549.683,374.58466,1920.0,852.21985,1734.8416,613.4022
21,20,car,705.7158,300.0271,756.88794,353.82718,731.3019,326.92712
21,13,person,1762.9172,874.0604,1796.271,962.77966,1779.5941,918.42004
22,1,bus,570.5483,506.02274,823.77765,880.6631,697.16296,693.3429
22,2,car,505.05728,573.6426,630.30225,714.62134,567.67975,644.13196
22,3,car,635.5567,385.9112,734.7532,483.67383,685.1549,434.7925
22,5,car,1400.1177,614.3114,1507.4403,731.7335,1453.779,673.02246
22,6,truck,499.6605,910.46027,651.21063,1080.0,575.43555,995.2301
22,7,car,145.43802,645.6589,335.77054,805.98846,240.60428,725.82367
22,8,car,465.25055,457.10223,584.59955,564.15015,524.92505,510.6262
22,11,car,1530.5168,840.19434,1646.9954,974.81696,1588.7561,907.5056
22,12,person,1226.2391,547.5768,1253.977,605.55334,1240.1082,576.56506
22,16,car,564.18164,340.84186,651.5277,412.34814,607.8547,376.595
22,18,car,766.595,283.15875,822.2694,331.15363,794.4322,307.1562
22,25,car,1311.8379,546.3878,1361.9945,598.92694,1336.9163,572.65735
22,41,person,935.8398,472.95847,966.66095,539.2095,951.25037,506.08398
22,20,car,705.09344,304.27692,754.3843,356.3613,729.7389,330.3191
22,32,car,947.1106,316.60687,985.0348,367.70285,966.0727,342.15485
22,21,truck,1312.892,443.0178,1405.7915,558.75134,1359.3418,500.88458
23,1,bus,567.2484,511.33768,821.9407,888.8398,694.59454,700.08875
23,2,car,498.37137,574.8939,630.07983,724.3358,564.2256,649.61487
23,3,car,631.68744,385.826,734.9585,488.0498,683.323,436.9379
23,5,car,1399.7021,613.7348,1507.4985,731.44525,1453.6003,672.59
23,6,car,498.78967,920.2916,646.0963,1080.0,572.443,1000.1458
23,7,car,137.29156,651.5569,330.1424,813.7098,233.71698,732.6333
23,8,car,461.6527,460.38766,581.96454,568.5025,521.8086,514.44507
23,11,car,1531.9822,839.4426,1647.6165,973.23486,1589.7993,906.33875
23,12,person,1227.033,550.02637,1254.216,606.7467,1240.6245,578.38654
23,16,car,561.43854,343.16333,649.144,415.32333,605.29126,379.24335
23,18,car,763.538,284.5414,821.2654,334.5291,792.40173,309.53528
23,25,car,1311.5325,546.1456,1362.3864,598.86084,1336.9595,572.50323
23,41,person,933.1345,473.955,967.7119,548.783,950.4232,511.36902
23,66,person,1075.224,519.8231,1098.4708,573.59827,1086.8474,546.7107
23,21,truck,1312.4027,442.42877,1405.0261,557.98444,1358.7144,500.2066
23,53,truck,1549.9999,376.74258,1920.0,854.0177,1735.0,615.3801
24,1,bus,564.1815,517.0751,819.19684,895.6501,691.6892,706.36255
24,2,car,495.75424,582.776,626.0534,730.4616,560.9038,656.6188
24,3,car,630.0231,388.20398,734.3681,492.03806,682.19556,440.12103
24,5,car,1399.6863,612.6096,1508.0148,730.8634,1453.8506,671.7365
24,6,car,493.9465,930.4778,637.8244,1080.0,565.88544,1005.2389
24,7,car,131.27025,658.238,323.6768,819.70514,227.47351,738.97156
24,8,car,456.13907,463.2156,577.82513,572.80304,516.9821,518.00934
24,11,car,1531.3927,839.945,1647.8097,974.84955,1589.6012,907.3973
24,12,person,1227.1088,550.53186,1254.9735,608.79224,1241.0411,579.66205
24,16,car,559.9682,346.1186,646.9444,418.24292,603.4563,382.18076
24,18,car,759.62256,285.54425,819.54205,337.1316,789.5823,311.33792
24,25,car,1311.6724,545.7063,1362.8627,598.2637,1337.2676,571.985
24,41,person,933.0689,477.73068,967.10913,551.8423,950.089,514.7865
24,66,person,1075.7886,520.14197,1098.3491,572.332,1087.0688,546.23694
24,21,truck,1311.6637,441.76245,1404.0204,556.78015,1357.842,499.2713
24,68,car,649.32227,519.8683,695.8291,582.15717,672.5757,551.0127
24,69,car,728.2293,212.55324,786.5436,246.89485,757.3865,229.72404
24,70,car,679.7629,249.68088,734.1784,294.95035,706.97064,272.3156
24,53,truck,1550.6399,377.98303,1920.0,852.5815,1735.32,615.2822
24,20,car,701.2234,307.0425,752.35046,361.36618,726.7869,334.20435
25,1,bus,561.2998,522.2044,817.6936,903.9155,689.4967,713.05994
25,2,car,490.33832,591.2416,619.8184,737.66534,555.07837,664.4535
25,3,car,628.9291,393.53775,730.979,495.36273,679.95404,444.45026
25,5,car,1399.2904,612.68475,1506.8196,729.9431,1453.0549,671.31396
25,6,car,493.19662,940.8403,632.75916,1080.0,562.9779,1010.42017
25,7,car,122.1173,662.9838,318.44763,827.86774,220.28247,745.4258
25,8,car,453.97888,467.46643,574.6551,576.2261,514.317,521.84625
25,11,car,1532.7628,839.5318,1647.4425,972.65265,1590.1027,906.0922
25,12,person,1228.3678,552.038,1256.1552,609.5254,1242.2615,580.78174
25,16,car,558.94183,347.182,646.3465,420.3553,602.64417,383.76865
25,18,car,759.6216,285.17426,821.8289,339.41702,790.7252,312.29565
25,25,car,1312.3862,545.7769,1363.3418,597.51337,1337.864,571.64514
25,41,person,932.5446,481.1719,966.74835,555.7111,949.6465,518.4415
25,66,person,1076.178,520.2687,1098.112,570.9585,1087.145,545.6136
25,21,truck,1311.3298,441.5078,1403.6724,556.3538,1357.5011,498.93082
25,68,car,646.1082,521.4392,694.4187,585.9837,670.2634,553.7114
25,69,car,726.14685,213.00482,786.10895,248.30046,756.1279,230.65265
25,70,car,679.2277,250.5088,733.24396,295.44318,706.23584,272.97598
25,53,truck,1552.4596,381.67377,1920.0,854.5524,1736.2297,618.1131
25,32,car,948.34906,321.14084,985.9142,371.22827,967.1316,346.18457
26,1,bus,555.86523,524.34863,816.7628,913.2961,686.314,718.8224
26,2,car,484.78656,597.9575,615.4926,745.62006,550.1396,671.7888
26,3,car,624.52594,395.42474,728.34906,499.0228,676.4375,447.22375
26,5,car,1399.4259,611.46405,1508.3336,729.7041,1453.8798,670.5841
26,6,truck,492.04782,952.1891,626.349,1080.0,559.1984,1016.09454
26,7,car,112.19075,667.1681,314.3684,837.2887,213.27957,752.2284
26,8,car,451.64496,470.67267,572.4827,579.27136,512.06384,524.97205
26,11,car,1532.4928,840.48737,1648.8455,975.5754,1590.6692,908.0314
26,12,person,1228.3462,555.1449,1256.7413,613.6767,1242.5437,584.41077
26,16,car,558.1514,349.86743,644.1132,422.16882,601.1323,386.01813
26,18,car,755.3901,285.70276,817.86755,340.00565,786.6288,312.8542
26,25,car,1312.8875,545.75494,1364.1177,597.20233,1338.5026,571.47864
26,41,person,930.8646,483.96207,965.4232,560.04376,948.1439,522.0029
26,66,person,1075.6437,519.5945,1097.9962,571.20184,1086.82,545.3982
26,21,truck,1310.2523,440.92114,1403.2516,556.56464,1356.752,498.7429
26,68,car,639.9634,525.9618,690.04315,592.83154,665.0033,559.39667
26,69,car,725.1122,213.70836,785.8002,249.39677,755.4562,231.55257
26,70,car,677.0967,251.9521,732.1579,297.5661,704.6273,274.7591
26,53,truck,1554.8005,381.63376,1920.0,851.4066,1737.4003,616.5202
26,20,car,698.542,309.36017,750.48566,365.0843,724.5138,337.22223
27,1,bus,550.94324,526.8406,816.051,922.6987,683.49713,724.76965
27,2,car,478.5275,602.19446,612.6283,753.91516,545.5779,678.0548
27,3,car,619.3546,396.2492,725.26117,501.80933,672.30786,449.02927
27,5,car,1398.2833,610.59894,1507.7382,729.49817,1453.0107,670.0486
27,7,car,103.97857,671.4541,310.85593,845.98206,207.41725,758.7181
27,8,car,446.88156,473.00613,569.9054,583.2642,508.3935,528.1352
27,11,car,1532.3824,841.3746,1648.5736,976.5517,1590.478,908.96313
27,12,person,1230.3058,557.4043,1258.8905,616.0843,1244.5981,586.74426
27,16,car,555.9681,351.6088,642.6061,424.71274,599.2871,388.16077
27,18,car,753.69684,285.81415,817.71436,341.7236,785.70557,313.76886
27,25,car,1312.942,545.345,1365.2986,597.48175,1339.1204,571.4133
27,41,person,929.09827,490.9674,964.91296,569.87256,947.0056,530.42
27,66,person,1075.2168,518.5998,1097.2487,569.159,1086.2327,543.8794
27,21,truck,1311.6581,440.55115,1404.5215,556.77747,1358.0898,498.6643
27,69,car,725.2549,213.73915,786.56006,249.78548,755.9075,231.76231
27,53,truck,1554.4491,378.44247,1920.0,852.83124,1737.2246,615.63684
27,32,car,947.33484,325.2366,985.094,376.05,966.2144,350.6433
28,1,bus,546.1626,530.34564,814.41907,931.5641,680.29083,730.95483
28,2,car,470.7697,606.8634,605.395,759.3454,538.0824,683.1044
28,3,car,619.6015,401.91116,722.7398,504.4042,671.17065,453.15768
28,5,car,1397.5603,610.3046,1507.2705,729.33936,1452.4154,669.822
28,7,car,94.88606,679.3987,303.5196,855.441,199.20282,767.4198
28,8,car,441.6895,476.25397,566.69745,588.4272,504.19348,532.3406
28,11,car,1534.4536,841.5725,1647.5806,973.5186,1591.0171,907.54553
28,12,person,1231.3645,559.81464,1260.8721,620.53815,1246.1183,590.1764
28,16,car,554.02734,353.70337,641.30743,427.48026,597.66736,390.5918
28,18,car,752.969,287.23447,817.3316,343.4419,785.15027,315.3382
28,25,car,1313.5259,545.3523,1365.7833,596.92084,1339.6545,571.1366
28,41,person,928.0547,495.76166,964.6738,576.6778,946.36426,536.2197
28,66,person,1075.0605,518.75116,1096.9518,568.56055,1086.0061,543.6559
28,21,truck,1313.9369,439.86847,1407.5165,558.6358,1360.7267,499.25214
28,69,car,722.84906,214.05777,786.4117,251.45412,754.6304,232.75595
28,32,car,947.4868,326.78177,985.7976,378.56912,966.6422,352.67545
28,6,car,489.28268,975.3587,609.51886,1080.0,549.40076,1027.6793
28,68,car,636.4003,533.7809,687.21075,600.86597,661.80554,567.3234
28,70,car,676.3266,256.17255,727.7359,298.42154,702.03125,277.29706
29,1,bus,540.6682,533.4281,813.0235,941.6141,676.8458,737.5211
29,2,car,465.97894,615.50604,601.8193,769.48553,533.8991,692.4958
29,3,car,617.5772,407.38098,719.57104,508.38705,668.5741,457.88403
29,5,car,1396.3221,609.8142,1506.9883,729.6347,1451.6553,669.7245
29,7,car,84.254555,685.67804,296.50122,865.00433,190.37788,775.3412
29,8,car,435.42014,478.60333,564.60486,595.0919,500.0125,536.84766
29,11,car,1533.9309,842.4505,1648.5717,976.5711,1591.2512,909.5108
29,12,person,1233.5215,561.2526,1263.803,624.33636,1248.6622,592.7945
29,16,car,550.0849,354.44147,638.78125,429.27698,594.4331,391.85922
29,18,car,753.72955,288.94336,817.0073,344.20508,785.3684,316.57422
29,25,car,1314.04,545.7221,1366.3032,596.9588,1340.1716,571.34045
29,41,person,927.18335,498.48065,964.5858,581.5201,945.8846,540.00037
29,66,person,1074.9604,517.89246,1097.5067,568.92804,1086.2336,543.4103
29,21,truck,1316.7511,439.6521,1410.0726,560.23267,1363.4119,499.94238
29,69,car,723.18243,215.25868,785.6299,252.06427,754.4061,233.66147
29,80,car,651.7642,260.38562,728.28735,300.9724,690.02576,280.67902
29,6,car,487.15628,985.87305,604.6732,1080.0,545.91473,1032.9365
29,68,car,632.2754,537.7814,684.0724,605.4179,658.1739,571.5996
29,70,car,675.1914,258.63297,724.7189,298.7042,699.95514,278.66858
29,20,car,695.40533,311.47394,750.22504,371.1911,722.8152,341.33252
30,1,bus,536.6663,537.84955,811.42206,950.60626,674.0442,744.2279
30,2,car,459.90384,622.60913,597.8916,778.7093,528.8977,700.6592
30,3,car,615.28864,410.11508,718.2879,512.0936,666.78827,461.10437
30,5,car,1396.5979,609.69446,1507.5558,729.69336,1452.0769,669.6939
30,7,car,76.91094,692.21655,290.2256,872.708,183.56827,782.4623
30,8,car,431.53232,481.7639,561.9752,599.65247,496.75378,540.7082
30,11,car,1533.907,842.92163,1649.4092,978.3366,1591.6581,910.62915
30,12,person,1235.1974,565.25073,1264.6001,626.82153,1249.8987,596.03613
30,16,car,543.87915,355.69382,634.44073,431.20767,589.1599,393.45074
30,18,car,756.1455,289.91916,818.87665,345.43146,787.5111,317.6753
30,25,car,1313.8396,545.76117,1367.1771,597.8565,1340.5083,571.80884
30,41,person,926.30676,503.03854,963.7642,586.2838,945.0355,544.6612
30,66,person,1074.4313,517.0272,1097.6625,569.4883,1086.0469,543.25775
30,21,truck,1318.8455,439.49283,1410.593,559.9849,1364.7192,499.7389
30,69,car,723.88605,215.44992,785.16754,251.71887,754.5268,233.5844
30,6,car,486.29343,997.6686,598.46606,1080.0,542.37976,1038.8342
30,68,car,626.7245,543.2317,679.4783,611.583,653.1014,577.40735
30,70,car,677.59845,259.0545,727.55334,299.53033,702.5759,279.29242
31,1,bus,530.1858,542.4658,809.43414,962.48425,669.80994,752.47504
31,2,car,454.5295,627.9411,595.1703,786.6767,524.8499,707.3089
31,3,car,613.2649,413.34955,716.3667,515.2599,664.8158,464.30472
31,5,car,1395.345,609.5809,1506.6578,729.37146,1451.0015,669.4762
31,7,car,67.34335,697.8737,284.3091,881.4277,175.82623,789.6507
31,8,car,428.3005,485.5976,557.8557,602.59644,493.07812,544.09705
31,11,car,1535.0203,843.8193,1649.6594,978.23566,1592.3398,911.02747
31,12,person,1235.2194,566.44507,1265.3224,629.83093,1250.2709,598.138
31,16,car,542.4095,358.48187,632.9165,434.03534,587.66296,396.2586
31,18,car,753.78827,291.1243,816.95435,347.2433,785.37134,319.18378
31,25,car,1313.1447,545.07153,1368.4802,599.23254,1340.8125,572.15204
31,41,person,927.1119,506.34622,963.0403,586.7093,945.07605,546.5278
31,66,person,1074.2375,516.1446,1097.8481,569.46576,1086.0428,542.8052
31,21,truck,1320.2656,439.28772,1410.7815,560.01624,1365.5236,499.65198
31,69,car,719.9876,215.87468,783.0212,253.24258,751.5044,234.55862
31,6,car,488.91962,1011.6361,591.0828,1079.9607,540.0012,1045.7983
31,68,car,623.993,547.2347,674.9647,612.64996,649.4789,579.9423
31,80,car,656.1147,260.65616,734.27856,302.33963,695.19666,281.4979
31,20,car,671.0974,312.67337,735.30865,376.49042,703.203,344.5819
32,1,bus,525.6196,547.13367,807.6582,971.7894,666.6389,759.46155
32,2,car,448.32956,634.45483,592.10376,796.92346,520.2167,715.68915
32,3,car,611.2592,416.23535,715.835,519.58307,663.5471,467.9092
32,5,car,1395.5582,609.6331,1506.8495,729.03864,1451.2039,669.3359
32,7,car,57.74665,703.63916,278.27545,890.693,168.01105,797.1661
32,8,car,423.4599,491.01703,554.0851,608.71124,488.7725,549.86414
32,11,car,1535.6652,843.9243,1650.0172,978.03656,1592.8412,910.98047
32,12,person,1236.1432,568.8149,1266.4615,632.88605,1251.3024,600.85046
32,16,car,540.0606,361.7319,630.72516,437.4149,585.3929,399.5734
32,18,car,752.1408,293.4261,814.36426,348.616,783.25256,321.02106
32,25,car,1311.7568,544.92786,1369.0303,601.15216,1340.3936,573.04004
32,41,person,925.1602,513.1893,963.5946,599.2517,944.37744,556.22046
32,66,person,1074.4918,515.5546,1098.3751,569.7244,1086.4335,542.6395
32,21,truck,1320.6052,439.14325,1409.2877,558.513,1364.9465,498.82812
32,69,car,719.25305,217.41573,782.4562,254.96556,750.8546,236.19064
32,68,car,618.0298,551.06415,674.4347,623.59875,646.23224,587.3314
32,80,car,651.99774,259.00128,739.86847,306.478,695.9331,282.73962
33,1,bus,520.7023,550.9437,806.1814,981.51904,663.44183,766.2314
33,2,car,440.77362,640.37854,587.46625,806.54803,514.11993,723.46326
33,3,car,608.5097,419.0659,713.76105,523.058,661.1354,471.06195
33,5,car,1397.335,610.5395,1508.2015,729.2665,1452.7683,669.90295
33,7,car,49.002506,712.2907,270.7518,900.488,159.87715,806.38934
33,8,car,419.03598,495.03033,550.8152,613.4551,484.9256,554.2427
33,11,car,1536.0005,843.972,1650.275,977.8479,1593.1377,910.9099
33,12,person,1237.4496,571.9387,1267.4943,635.8768,1252.4719,603.9077
33,16,car,537.1176,365.46298,627.1651,440.55768,582.14136,403.0103
33,25,car,1309.8578,545.4325,1369.332,604.26917,1339.595,574.8508
33,66,person,1074.5944,511.7377,1098.9952,567.4626,1086.7948,539.60016
33,21,truck,1319.3312,438.98474,1407.3927,557.9821,1363.3619,498.48343
33,69,car,720.6522,218.02287,783.6479,255.86423,752.15,236.94354
33,68,car,611.3154,554.0,672.0536,632.3327,641.6845,593.1664
33,92,person,1676.7699,796.9899,1710.0688,861.5321,1693.4194,829.261
33,93,person,890.1116,360.35052,915.64343,416.8919,902.8775,388.62122
33,94,car,1327.485,566.01324,1435.7169,685.78326,1381.601,625.89825
33,32,car,945.2272,336.86484,985.54877,391.31567,965.38794,364.09027
34,1,bus,516.5715,554.4063,805.6946,991.4136,661.13306,772.9099
34,2,car,434.36563,647.01105,583.22437,816.4985,508.79498,731.75476
34,3,car,606.2256,421.47562,712.89594,526.89716,659.5608,474.1864
34,5,car,1398.6952,611.053,1509.1138,729.2651,1453.9045,670.15906
34,7,car,36.72727,718.30316,264.07504,911.4988,150.40115,814.901
34,8,car,414.31622,496.76892,548.51874,617.5234,481.41748,557.1461
34,11,car,1536.1099,843.9845,1651.123,979.0273,1593.6165,911.50586
34,12,person,1238.7035,573.2475,1269.6403,639.22034,1254.1719,606.2339
34,16,car,535.17346,366.8633,625.25885,442.1697,580.2162,404.5165
34,25,car,1310.2708,546.1753,1368.0476,603.5967,1339.1592,574.886
34,21,truck,1318.9733,438.95377,1405.9783,556.66327,1362.4758,497.80853
34,69,car,718.1591,218.00986,783.38464,257.68683,750.77185,237.84834
34,92,person,1674.5723,795.20807,1711.4373,866.9204,1693.0048,831.0642
34,93,person,890.7524,361.9294,916.8347,419.66852,903.7936,390.79895
34,94,car,1325.7972,570.5102,1430.1589,686.1342,1377.978,628.3222
34,32,car,944.43195,337.79517,985.8144,393.68808,965.12317,365.74164
35,1,bus,511.06192,557.6078,804.9495,1003.6577,658.00574,780.63275
35,2,car,428.37823,653.1859,578.2458,823.81287,503.312,738.4994
35,3,car,603.09045,424.6448,710.4719,530.72656,656.7812,477.68567
35,5,car,1398.8794,611.51605,1508.9833,729.15564,1453.9314,670.3358
35,7,car,27.61541,724.223,258.61124,920.72266,143.11333,822.47284
35,8,car,408.2412,501.4619,542.4621,622.3637,475.35165,561.91284
35,11,car,1537.821,845.90137,1650.4912,978.7405,1594.1561,912.3209
35,12,person,1239.3385,575.7659,1270.4366,642.1377,1254.8876,608.9518
35,16,car,533.32025,368.0257,623.89233,443.90784,578.6063,405.96677
35,25,car,1309.3253,546.2329,1368.347,605.4141,1338.8362,575.8235
35,21,truck,1317.7329,439.078,1404.1853,555.6201,1360.9591,497.34906
35,69,car,715.76373,218.52997,781.389,258.69366,748.57635,238.61182
35,92,person,1673.3843,794.0955,1711.0936,867.83795,1692.239,830.96674
35,93,person,890.4678,363.9971,916.41187,421.50784,903.4398,392.75247
35,94,car,1327.3956,570.79395,1432.0221,686.6759,1379.7089,628.7349
35,32,car,944.51025,339.457,985.91565,395.2112,965.21295,367.3341
35,68,car,607.31903,563.191,666.13873,638.16364,636.7289,600.6773
36,1,bus,506.60907,563.62476,804.25385,1016.7768,655.43146,790.2008
36,2,car,421.3413,662.2759,572.5901,834.0136,496.9657,748.1448
36,3,car,601.81085,428.25076,708.0816,532.6307,654.9462,480.44073
36,5,car,1398.933,611.6944,1509.0205,729.1464,1453.9768,670.4204
36,7,car,15.768333,731.9983,251.02505,932.49866,133.3967,832.2485
36,8,car,402.7864,505.27884,538.04456,627.4099,470.41547,566.34436
36,11,car,1540.4751,845.06415,1653.8752,978.7755,1597.1752,911.9198
36,12,person,1240.0746,576.79114,1271.8536,644.8363,1255.9641,610.8137
36,16,car,530.10925,371.48843,620.6901,447.10803,575.39966,409.29822
36,21,truck,1317.3276,439.21304,1403.6108,555.0819,1360.4692,497.14746
36,69,car,715.72577,219.70395,781.4598,260.51712,748.5928,240.11053
36,92,person,1672.9539,792.23413,1710.6807,866.6037,1691.8173,829.41895
36,93,person,890.2459,367.67877,914.99927,422.48138,902.62256,395.08008
36,94,car,1327.1189,585.1268,1419.0048,687.03015,1373.0618,636.0785
36,32,car,943.4634,341.19376,986.0028,398.16998,964.7331,369.6819
36,106,car,684.23517,330.45087,741.1254,389.46057,712.6803,359.95572
36,68,car,603.6295,568.0809,665.6759,646.5333,634.6527,607.3071
36,53,truck,1556.127,381.09662,1920.0,855.9202,1738.0635,618.5084
36,70,car,661.35986,266.556,718.4035,312.81485,689.8817,289.68542
36,18,car,744.6721,296.85715,812.46985,357.52856,778.571,327.19287
37,1,bus,499.57138,568.25305,801.3271,1028.6866,650.4492,798.46985
37,2,car,413.30283,671.20984,567.0051,844.8743,490.154,758.0421
37,3,car,598.2938,431.424,704.988,535.8699,651.64087,483.64694
37,5,car,1399.4747,611.447,1509.7388,729.2052,1454.6067,670.3261
37,7,car,4.569961,739.2369,243.11263,942.75885,123.84129,840.99786
37,8,car,396.58102,509.31863,533.9346,633.58765,465.2578,571.4531
37,11,car,1540.206,844.60565,1656.3304,981.59247,1598.2683,913.09906
37,12,person,1240.7555,578.43286,1273.1653,648.1677,1256.9604,613.3003
37,16,car,527.10693,373.72415,618.8999,450.1848,573.0034,411.95447
37,21,truck,1316.2644,439.38904,1402.9424,554.99585,1359.6034,497.19244
37,69,car,713.6947,219.44324,780.6245,261.41727,747.1596,240.43025
37,92,person,1672.9103,790.2644,1709.5918,863.1866,1691.251,826.72546
37,93,person,889.08765,368.93704,914.3695,425.16663,901.7286,397.05182
37,94,car,1325.252,586.6499,1415.2147,686.7683,1370.2334,636.7091
37,32,car,943.4223,342.88394,985.92865,399.7705,964.6755,371.3272
37,106,car,683.55505,329.60126,742.84204,391.18604,713.19855,360.39365
37,68,car,599.1802,572.4174,665.41095,655.5273,632.29553,613.97235
37,111,car,777.0389,450.15997,833.30054,535.726,805.1697,492.943
37,53,truck,1554.6022,379.24762,1920.0,861.908,1737.301,620.5778
37,18,car,743.9491,299.35986,812.0862,360.64117,778.01764,330.00052
37,19,car,1327.3777,594.7309,1390.4252,685.77075,1358.9014,640.25085
37,41,person,920.5517,541.4172,962.4887,636.4781,941.5202,588.94763
38,1,bus,492.95148,576.8666,796.48474,1039.6913,644.71814,808.27893
38,2,car,401.6653,677.7453,560.2586,857.657,480.96198,767.7012
38,3,car,593.8496,433.15717,704.1939,541.3217,649.0217,487.23944
38,5,car,1399.6929,611.0205,1510.0719,729.0321,1454.8823,670.0263
38,7,car,0.0,747.87384,239.12581,956.6323,119.562904,852.25305
38,8,car,392.5432,513.4717,531.206,639.14606,461.8746,576.30884
38,11,car,1540.2418,845.98,1655.6154,982.44147,1597.9286,914.2107
38,12,person,1240.9294,579.9486,1274.1857,651.70135,1257.5576,615.82495
38,16,car,524.63904,375.6598,617.06226,452.51694,570.85065,414.08838
38,21,truck,1317.4547,440.15207,1403.916,556.3328,1360.6853,498.24243
38,69,car,713.2258,220.30702,779.463,262.21375,746.3444,241.26038
38,93,person,887.5415,373.43494,913.708,431.85443,900.62476,402.64468
38,32,car,943.40204,347.10675,986.326,404.49994,964.864,375.80334
38,106,car,681.3766,333.96368,739.8151,394.6716,710.5958,364.31763
38,68,car,593.98254,577.2442,661.4989,661.47986,627.7407,619.36206
38,111,car,777.45166,454.47067,831.1719,536.1416,804.31177,495.30615
38,53,truck,1556.563,378.09503,1920.0,857.50775,1738.2815,617.8014
38,18,car,744.58887,301.2597,811.59735,361.9097,778.09314,331.58472
38,19,car,1328.4586,595.628,1389.5919,685.73047,1359.0253,640.6792
38,25,car,1312.4329,546.507,1368.5128,603.01196,1340.4729,574.7595
38,70,car,656.2539,267.5755,717.9142,317.9812,687.08405,292.77835
39,1,bus,488.06677,581.74194,796.3156,1052.5382,642.19116,817.1401
39,2,car,391.8552,686.4616,554.1149,870.25793,472.98505,778.35974
39,3,car,590.70074,436.4327,701.9543,545.40125,646.3275,490.917
39,5,car,1400.1255,610.76025,1510.5118,729.0048,1455.3186,669.88257
39,7,car,0.0,757.95715,234.06792,968.24603,117.03396,863.10156
39,8,car,388.1969,517.4216,527.5019,643.6288,457.8494,580.52515
39,11,car,1540.2368,847.04785,1656.0392,984.8127,1598.138,915.9303
39,12,person,1241.3627,582.67773,1274.5201,654.08154,1257.9414,618.37964
39,16,car,519.99,376.7465,615.57025,456.13058,567.78015,416.43854
39,21,truck,1317.8228,440.78906,1404.1715,557.4972,1360.9971,499.14313
39,69,car,711.87,219.9632,778.53973,262.7409,745.20483,241.35205
39,93,person,886.7842,378.98453,912.21765,435.75983,899.5009,407.3722
39,106,car,677.5973,332.8929,740.50684,398.43726,709.05206,365.6651
39,68,car,589.57874,583.57104,655.6398,665.75854,622.60925,624.6648
39,53,truck,1557.6813,377.5846,1920.0,855.8364,1738.8406,616.7105
39,18,car,742.8143,304.7503,808.6723,364.30756,775.7433,334.52893
39,19,car,1330.0503,598.75824,1388.641,685.8347,1359.3457,642.2965
39,25,car,1311.8461,547.3033,1369.0247,605.4332,1340.4353,576.3683
39,70,car,655.70966,269.515,716.21246,319.31436,685.96106,294.41467
40,1,bus,480.55103,584.48285,794.55695,1065.1875,637.55396,824.8352
40,2,car,382.16568,693.47076,548.76996,882.2784,465.46783,787.8746
40,3,car,589.5627,442.43088,699.1729,549.47174,644.3678,495.9513
40,5,car,1399.0299,610.7788,1509.6838,729.17303,1454.3569,669.97595
40,7,car,0.0,764.4468,231.40366,979.87415,115.70183,872.16046
40,8,car,383.5365,521.16675,525.62787,650.0352,454.58218,585.60095
40,11,car,1543.58,848.766,1658.7838,985.61786,1601.1819,917.1919
40,12,person,1241.7809,588.7617,1273.8335,657.8992,1257.8071,623.33044
40,16,car,516.85114,380.40176,612.0606,459.16913,564.4559,419.78546
40,21,truck,1318.9027,441.1986,1404.4484,557.7966,1361.6755,499.4976
40,69,car,712.50037,222.22777,776.8073,263.91644,744.6538,243.07211
40,93,person,885.09503,381.94742,910.7866,439.43985,897.9408,410.69363
40,68,car,585.66705,587.917,651.87134,669.6019,618.76917,628.75946
40,53,truck,1560.8003,376.5678,1919.0759,845.7801,1739.9381,611.17395
40,18,car,741.1244,306.45584,806.5233,365.6229,773.82385,336.03937
40,19,car,1329.929,601.0067,1387.9862,686.9243,1358.9575,643.9655
40,25,car,1313.1019,547.718,1368.0819,603.8241,1340.5919,575.77106
40,70,car,654.9359,270.15115,716.1382,320.94397,685.53705,295.54755
40,32,car,941.9227,350.13614,986.305,409.27924,964.1139,379.7077
40,111,car,772.31573,460.11972,828.2965,544.899,800.30615,502.50934
41,1,bus,476.03738,588.26245,792.63916,1072.9912,634.33826,830.62683
41,2,car,374.32535,702.6291,544.0916,895.1068,459.2085,798.8679
41,3,car,586.61743,445.126,697.7659,553.8106,642.19165,499.46832
41,5,car,1398.0939,611.05316,1508.8112,729.3787,1453.4525,670.21594
41,7,car,0.0,775.55176,226.38216,992.9572,113.19108,884.2545
41,8,car,377.8446,524.4771,522.47125,655.6424,450.15793,590.05975
41,11,car,1544.9652,850.3805,1659.898,986.47943,1602.4316,918.42993
41,12,person,1242.9788,591.8603,1275.2535,661.4616,1259.1162,626.66095
41,16,car,515.0306,385.16394,609.4312,463.4065,562.2309,424.28522
41,21,truck,1320.2954,441.43198,1404.519,557.1585,1362.4072,499.29523
41,69,car,712.75696,223.48657,775.1219,264.30032,743.93945,243.89345
41,93,person,883.24866,383.88757,909.7979,443.5752,896.5233,413.73138
41,68,car,578.0484,593.64844,650.21063,682.906,614.1295,638.2772
41,53,truck,1561.1478,376.07538,1919.0582,845.1769,1740.103,610.6261
41,18,car,738.9808,309.10715,804.0452,367.42728,771.513,338.2672
41,19,car,1330.2313,601.7327,1388.3158,687.6997,1359.2736,644.7162
41,25,car,1313.1476,547.86487,1367.1754,603.1556,1340.1615,575.51025
41,70,car,652.4783,272.2777,712.0805,321.42493,682.2794,296.85132
41,128,car,786.9486,176.3649,822.3336,205.58627,804.6411,190.97559
41,32,car,940.0938,351.86008,985.6334,412.8272,962.86365,382.34363
41,111,car,769.4668,463.4949,827.53107,551.2375,798.4989,507.3662
41,41,person,920.3934,564.42377,959.6522,652.8841,940.0228,608.65393
42,1,bus,470.30508,593.3367,786.9001,1077.4751,628.6026,835.4059
42,2,car,367.57098,712.29004,538.51605,906.3542,453.04352,809.32214
42,3,car,581.97614,447.5198,696.3694,559.61993,639.1727,503.5699
42,5,car,1395.397,609.67786,1508.1283,729.9256,1451.7627,669.80176
42,7,car,0.0,782.9404,223.16365,1006.3569,111.581825,894.6487
42,8,car,369.9275,528.4481,516.9384,662.0181,443.43295,595.23315
42,11,car,1545.4299,851.36847,1659.2847,986.2044,1602.3573,918.78644
42,12,person,1243.675,594.50287,1275.9219,664.37415,1259.7985,629.4385
42,16,car,512.4125,387.93524,606.47424,466.14142,559.44336,427.03833
42,21,truck,1320.4397,441.3055,1403.4882,555.8383,1361.9639,498.5719
42,69,car,710.4388,224.95844,775.90204,268.5476,743.1704,246.75302
42,68,car,573.4164,598.1149,647.3331,689.7855,610.37476,643.9502
42,53,truck,1560.1553,375.09793,1919.4191,846.5009,1739.7871,610.79944
42,18,car,741.40155,311.59857,804.8093,368.7298,773.10547,340.16418
42,19,car,1330.2474,601.7306,1388.6353,688.20435,1359.4414,644.96747
42,25,car,1312.2438,547.0305,1367.3308,603.88025,1339.7874,575.4554
42,70,car,651.09564,275.69077,709.08545,323.11575,680.0906,299.40326
42,128,car,785.87463,175.48242,822.85834,206.0692,804.36646,190.77582
43,1,bus,465.5296,597.36847,781.50836,1079.7166,623.519,838.5425
43,2,car,360.2944,721.5826,532.92786,917.9896,446.61115,819.78613
43,3,car,576.6711,449.55264,694.0916,564.77924,635.38135,507.16595
43,5,car,1397.4293,611.114,1508.8096,729.7936,1453.1194,670.4538
43,7,car,0.0,788.68695,219.64917,1018.746,109.824585,903.71643
43,8,car,365.9368,535.63367,511.60428,668.15045,438.77054,601.8921
43,11,car,1546.8182,853.7573,1659.5378,987.31757,1603.178,920.5375
43,12,person,1244.6733,597.04755,1277.7518,668.5487,1261.2126,632.7981
43,16,car,509.32382,390.2072,603.1914,468.575,556.2576,429.3911
43,21,truck,1320.293,441.32034,1402.6857,555.2037,1361.4893,498.26202
43,69,car,709.75415,226.6953,773.7476,269.46744,741.75085,248.08136
43,53,truck,1561.71,373.85522,1918.5471,842.06415,1740.1285,607.9597
43,18,car,741.57996,313.36353,805.186,371.04684,773.38293,342.2052
43,19,car,1331.0991,601.7724,1389.778,688.44727,1360.4385,645.10986
43,25,car,1312.2544,546.2748,1367.1547,603.36475,1339.7046,574.81976
43,70,car,649.3868,277.1127,709.7854,326.4861,679.58606,301.7994
43,106,car,665.2454,342.94708,730.805,411.63248,698.0252,377.2898
43,32,car,938.5801,359.29694,983.23004,418.92566,960.905,389.1113
43,111,car,767.2958,472.02554,824.9637,558.76465,796.12976,515.3951
44,1,bus,462.1991,602.2076,777.1034,1080.0,619.65125,841.10376
44,2,car,352.66614,729.9552,529.4124,931.5412,441.03928,830.74817
44,3,car,574.465,454.53568,693.15845,571.42114,633.81177,512.9784
44,5,car,1399.1913,612.1857,1509.6763,730.001,1454.4338,671.0934
44,7,car,0.0,799.96313,214.3406,1031.9618,107.1703,915.96246
44,8,car,360.26743,539.71674,508.65872,675.1017,434.46307,607.4092
44,11,car,1547.975,854.7082,1660.0469,987.2374,1604.011,920.9728
44,12,person,1247.2683,600.663,1279.3741,669.8248,1263.3213,635.2439
44,16,car,505.3223,391.4976,601.364,471.91483,553.34314,431.7062
44,21,truck,1319.8566,441.11194,1402.3124,555.16046,1361.0845,498.1362
44,69,car,705.64124,228.30725,772.1274,272.94485,738.8843,250.62605
44,53,truck,1562.7659,373.79184,1920.0,843.6307,1741.3829,608.71124
44,18,car,740.2036,315.13177,803.96106,372.9865,772.08234,344.05914
44,19,car,1331.6672,603.3034,1390.0706,689.1811,1360.8689,646.24225
44,70,car,650.085,282.95383,708.0515,330.0963,679.06824,306.5251
44,135,person,1583.304,664.6126,1605.5603,730.0642,1594.4321,697.3384
44,106,car,665.08417,346.9624,729.54474,415.06934,697.31445,381.01587
44,32,car,937.81415,362.58853,982.80145,422.633,960.3078,392.61078
44,93,person,882.68396,388.69424,910.64233,451.62756,896.66315,420.1609
44,68,car,564.34247,609.8804,642.8988,707.5847,603.6206,658.73254
44,128,car,784.61835,176.87369,823.0423,208.68405,803.8303,192.77887
45,1,bus,459.52448,609.67865,770.34125,1077.962,614.93286,843.8203
45,2,car,344.61438,739.8003,524.4624,945.2733,434.5384,842.5368
45,3,car,571.55493,457.12137,691.5235,575.8335,631.5392,516.4774
45,5,car,1398.2135,610.67065,1510.513,730.6505,1454.3633,670.6606
45,7,car,0.0,807.3216,207.16606,1039.2246,103.58303,923.2731
45,8,car,355.56747,546.4497,504.07483,681.88617,429.82117,614.16797
45,11,car,1547.5876,854.0497,1661.3455,988.50476,1604.4666,921.2772
45,12,person,1248.4143,603.46564,1281.6038,675.0802,1265.009,639.27295
45,16,car,502.7306,394.97653,598.4462,474.96945,550.5884,434.973
45,21,truck,1318.4803,440.96448,1402.3755,556.9085,1360.428,498.9365
45,69,car,708.20105,231.28352,770.20074,273.3025,739.2009,252.293
45,53,truck,1563.85,374.7075,1920.0,846.3565,1741.925,610.532
45,18,car,740.3786,317.90036,803.1468,375.31717,771.7627,346.60876
45,19,car,1332.7632,604.16095,1390.9397,689.54456,1361.8514,646.8528
45,70,car,646.5922,285.25537,704.4101,331.9444,675.50116,308.59988
45,135,person,1583.105,664.91693,1605.2773,730.13306,1594.1912,697.525
45,106,car,664.5717,351.3467,727.5287,418.00546,696.0502,384.6761
45,32,car,938.3141,365.87128,982.93274,425.30536,960.6234,395.58832
45,68,car,557.75446,616.4912,634.25134,712.0373,596.0029,664.2643
45,128,car,782.5458,174.75356,824.8594,209.84633,803.7026,192.29994
45,41,person,918.3222,589.66534,958.2342,678.9528,938.2782,634.3091
46,1,bus,456.42892,616.7336,766.02124,1077.7786,611.2251,847.2561
46,2,car,333.97565,750.2538,516.7712,959.77673,425.3734,855.01526
46,3,car,567.62714,460.89767,688.4533,580.91693,628.0402,520.9073
46,5,car,1398.9933,612.467,1509.6855,730.5087,1454.3394,671.48785
46,7,car,0.0,815.8593,200.80414,1051.9744,100.40207,933.9169
46,8,car,349.682,549.28595,501.22174,687.8382,425.45187,618.5621
46,11,car,1548.0745,854.7709,1661.8419,989.1548,1604.9583,921.9628
46,12,person,1249.5182,606.2662,1282.4265,676.91406,1265.9724,641.5901
46,16,car,498.73206,397.916,595.6132,478.58667,547.1726,438.25134
46,21,truck,1317.6146,440.89722,1402.4166,557.79816,1360.0156,499.3477
46,69,car,706.3555,232.8395,769.67053,276.0271,738.01306,254.43329
46,53,truck,1564.315,375.13736,1920.0,847.8393,1742.1575,611.48834
46,18,car,738.63824,321.22495,800.7676,377.7337,769.7029,349.4793
46,19,car,1333.0737,606.12103,1390.9296,690.5418,1362.0017,648.3314
46,70,car,646.93964,286.77344,704.65063,333.58728,675.79517,310.18036
46,106,car,662.61664,352.44653,726.6725,420.5853,694.64453,386.51593
46,32,car,938.8665,368.74664,983.06305,427.7216,960.9648,398.23413
46,68,car,553.76074,622.0647,629.4846,716.4986,591.6227,669.2816
46,128,car,783.0646,175.5287,823.975,209.51505,803.5198,192.52188
46,41,person,920.6813,598.0284,956.67065,676.5229,938.67596,637.27563
46,111,car,762.045,485.12225,824.033,577.8694,793.039,531.49585
47,1,bus,456.48465,623.109,764.8935,1077.9073,610.6891,850.5082
47,2,car,323.88452,760.7439,508.25125,972.2443,416.06787,866.49414
47,3,car,564.445,463.8202,685.98145,584.9512,625.21326,524.3857
47,5,car,1399.624,613.2797,1509.6797,730.4914,1454.6519,671.88556
47,7,car,0.0,827.6237,192.27399,1062.0793,96.13699,944.85156
47,8,car,343.69943,551.5221,499.23322,694.1228,421.4663,622.82245
47,11,car,1550.6018,856.5449,1661.7238,987.31006,1606.1628,921.9275
47,12,person,1251.8132,610.70654,1283.1915,677.0141,1267.5024,643.86035
47,16,car,494.25214,399.56073,594.9721,483.59232,544.6121,441.57654
47,69,car,704.86926,233.92464,767.40784,276.54895,736.13855,255.23679
47,53,truck,1567.3823,376.8608,1919.6061,842.341,1743.4941,609.6009
47,18,car,734.5291,323.32,797.66705,380.14157,766.0981,351.73077
47,19,car,1333.1163,607.72815,1390.7408,691.38245,1361.9286,649.5553
47,70,car,644.8145,287.54535,703.5487,335.1347,674.18164,311.34003
47,106,car,661.89526,356.22458,725.12836,423.55212,693.51184,389.88837
47,32,car,938.66394,372.73822,982.6382,431.51456,960.65106,402.1264
47,68,car,550.5623,629.21796,626.7627,723.9607,588.6625,676.58936
47,128,car,782.54205,176.90157,822.9595,210.46176,802.75073,193.68167
47,111,car,761.4239,489.28348,822.88837,580.31537,792.1561,534.79944
47,135,person,1582.8358,662.8225,1605.4537,729.4886,1594.1448,696.1555
48,1,bus,451.8624,629.60394,760.5705,1079.345,606.21643,854.4745
48,2,car,314.2805,771.98553,501.6149,987.4258,407.9477,879.7057
48,3,car,560.9963,466.23,685.00745,590.1534,623.00183,528.1917
48,5,car,1401.243,613.2893,1511.0039,730.517,1456.1235,671.9032
48,7,car,0.0,835.62897,184.70486,1071.3845,92.35243,953.5067
48,8,car,338.99103,557.3775,494.3148,699.8679,416.6529,628.6227
48,11,car,1551.4003,858.56036,1661.8315,988.0524,1606.616,923.3064
48,12,person,1253.5559,614.0677,1284.2257,677.6386,1268.8909,645.85315
48,16,car,491.88876,402.99136,593.59894,487.95923,542.74384,445.47528
48,69,car,701.7787,234.62614,767.1327,279.65268,734.4557,257.1394
48,18,car,733.023,327.17944,794.7283,381.93814,763.8756,354.55878
48,19,car,1332.2688,608.20276,1390.2288,691.86194,1361.2488,650.03235
48,70,car,639.7241,289.50888,699.84515,338.23398,669.78467,313.87143
48,106,car,659.82837,357.50165,724.0202,426.05557,691.9243,391.77863
48,32,car,937.41693,375.2958,982.77,436.11713,960.0935,405.70648
48,68,car,545.69653,634.9955,623.49426,730.93036,584.5954,682.9629
48,111,truck,759.6191,493.83432,821.8849,585.6001,790.75195,539.7172
48,135,person,1582.6039,661.5852,1605.6072,729.6181,1594.1055,695.6017
48,93,person,879.98584,405.95657,908.0395,469.13974,894.0127,437.54816
49,1,bus,446.3004,634.1273,756.0783,1079.1941,601.18933,856.6607
49,2,car,305.53104,782.88763,496.9502,1003.3822,401.2406,893.1349
49,3,car,555.76654,468.2706,681.94543,594.7937,618.85596,531.53217
49,5,car,1402.2898,613.086,1511.9137,730.57404,1457.1018,671.83
49,7,car,0.0,848.5156,174.09138,1076.9083,87.04569,962.712
49,8,car,333.4126,562.256,489.53238,705.795,411.47247,634.0255
49,11,car,1551.4944,859.2176,1663.8777,990.9845,1607.686,925.1011
49,12,person,1255.863,618.0566,1287.2572,682.42126,1271.56,650.2389
49,16,car,488.85876,405.36554,592.7293,492.17798,540.79407,448.77176
49,69,car,701.1593,236.05783,764.5569,279.67603,732.8581,257.86694
49,18,car,731.82855,326.156,798.48083,385.9015,765.15466,356.02875
49,19,car,1331.985,605.00793,1391.6827,691.17224,1361.8339,648.0901
49,70,car,639.5485,290.56717,700.06024,339.80692,669.8044,315.18704
49,106,car,659.09125,360.698,723.17334,428.89664,691.1323,394.7973
49,32,car,936.64197,376.747,983.62823,440.09338,960.13513,408.4202
49,68,car,540.6302,640.2223,621.85016,739.6238,581.2402,689.92303
49,111,car,759.19836,499.87445,821.2943,591.0685,790.24634,545.47144
49,135,person,1582.2867,660.61633,1605.4321,729.3352,1593.8594,694.97577
49,147,car,817.1317,195.68387,875.3986,236.46696,846.26514,216.07541
49,93,person,880.43176,410.39545,906.93274,470.09814,893.68225,440.2468
49,53,truck,1567.4778,378.32593,1917.4283,840.2766,1742.4531,609.3013
49,128,car,777.2522,178.55858,820.39655,214.38138,798.82434,196.46997
50,1,bus,442.28888,638.4066,753.46027,1079.4882,597.8746,858.9474
50,2,car,295.59375,793.1332,489.7181,1016.99054,392.65594,905.0619
50,3,car,552.28436,472.8558,678.3223,598.85095,615.30334,535.8534
50,5,car,1402.3738,612.5603,1512.1471,730.3666,1457.2605,671.46344
50,7,car,0.0,856.9671,162.07521,1075.5364,81.037605,966.2517
50,8,car,326.74655,568.3725,484.45358,713.17645,405.60007,640.7745
50,11,car,1552.5383,860.8517,1664.0321,991.32275,1608.2852,926.0872
50,12,person,1256.408,621.0524,1290.4176,689.7446,1273.4128,655.39856
50,16,car,484.06796,407.61514,588.4098,494.78516,536.2389,451.20013
50,69,car,699.83563,236.56844,766.2721,282.91562,733.05383,259.74203
50,18,car,727.3737,326.4311,798.06195,390.0904,762.71783,358.26074
50,19,car,1332.0481,606.5725,1391.1478,691.77985,1361.5979,649.17615
50,70,car,637.5019,292.6688,696.70807,340.80496,667.105,316.73688
50,106,car,654.4094,361.92764,721.74896,433.88763,688.0792,397.90765
50,32,car,936.9636,379.87964,983.5235,442.87476,960.2435,411.3772
50,68,car,535.9262,646.52203,617.6329,745.6398,576.77954,696.08093
50,135,person,1582.0826,660.05115,1604.851,727.9256,1593.4668,693.9884
50,147,car,816.6826,196.48228,873.2075,236.0923,844.94507,216.2873
50,154,motorcycle,1253.518,623.1082,1288.5548,694.4661,1271.0364,658.7872
50,53,truck,1567.415,380.84256,1917.0448,841.90875,1742.23,611.3757
50,66,person,1077.3663,508.66132,1100.2653,561.0459,1088.8158,534.85364
50,92,person,1668.2307,779.95154,1696.8495,837.2715,1682.54,808.6115
51,1,bus,437.3253,642.9101,749.1491,1078.2585,593.2372,860.58435
51,2,car,284.2717,805.96564,482.7427,1035.2074,383.5072,920.58655
51,3,car,547.24286,474.2025,676.72095,604.16046,611.98193,539.1815
51,5,car,1402.3185,612.71857,1511.956,730.289,1457.1372,671.5038
51,7,car,0.0,867.0905,149.8965,1075.1497,74.94825,971.1201
51,8,car,320.1774,573.5229,480.33005,720.88904,400.25372,647.20593
51,11,car,1554.189,861.1156,1664.3356,989.7851,1609.2622,925.4503
51,12,person,1257.9302,624.9678,1292.7893,694.9032,1275.3597,659.9355
51,16,car,477.8092,410.29028,583.40686,498.67273,530.60803,454.4815
51,69,car,698.4749,238.67387,763.96326,284.29968,731.2191,261.4868
51,18,car,724.55237,326.9835,795.0352,390.0328,759.7938,358.50815
51,19,car,1331.9104,607.28534,1391.4546,692.9783,1361.6825,650.13184
51,70,car,634.19135,292.2247,697.2181,343.61258,665.7047,317.91864
51,106,car,651.5215,363.2276,720.43805,437.2544,685.97974,400.241
51,32,car,937.3958,384.94763,982.2839,445.53662,959.83984,415.24213
51,68,car,529.66223,653.3535,613.7459,755.24243,571.7041,704.298
51,135,person,1582.0161,659.95483,1604.4689,726.9676,1593.2424,693.4612
51,147,car,819.7003,201.23741,870.14496,236.52429,844.9226,218.88086
51,53,truck,1564.8192,380.8787,1918.0133,846.7306,1741.4163,613.8046
51,157,truck,545.66235,475.34845,679.51514,605.2846,612.58875,540.3165
51,66,person,1077.205,508.48505,1099.8595,560.5519,1088.5322,534.51843
51,92,person,1668.1942,779.60486,1695.9115,835.1524,1682.0529,807.37866
51,111,car,755.12744,506.1907,816.27563,595.41595,785.70154,550.80334
52,1,bus,431.5959,651.8602,741.89764,1077.1857,586.74677,864.52295
52,2,car,273.54007,817.3292,476.01434,1051.2947,374.77722,934.31195
52,3,car,544.78906,479.8727,673.3832,608.64545,609.0861,544.2591
52,5,car,1402.758,612.47076,1512.8738,730.62213,1457.8159,671.54645
52,7,car,0.0,876.913,138.73923,1077.4562,69.36961,977.1846
52,8,car,314.8962,577.9385,476.89563,727.317,395.89594,652.62775
52,11,car,1551.547,861.2498,1667.4808,997.93665,1609.5139,929.59326
52,12,person,1259.5336,627.7644,1295.3073,699.44507,1277.4204,663.60474
52,16,car,475.34982,413.77393,580.4037,501.3039,527.8768,457.5389
52,69,car,695.4203,238.96025,762.73364,285.71948,729.07697,262.33987
52,19,car,1330.9656,606.85504,1391.0692,693.2559,1361.0173,650.0555
52,70,car,633.3014,295.31314,695.7396,346.19226,664.5205,320.7527
52,106,car,649.1348,365.00092,719.02893,440.43936,684.0819,402.72015
52,32,car,936.6196,386.69006,982.3293,448.41895,959.4745,417.5545
52,68,car,521.70056,662.42316,608.5543,768.1158,565.12744,715.2695
52,135,person,1581.668,659.6663,1604.3132,727.3545,1592.9906,693.5104
52,147,car,818.9866,203.39117,870.72656,239.57887,844.85657,221.48502
52,53,truck,1564.7654,381.5898,1917.5352,846.548,1741.1503,614.0689
52,157,truck,544.3114,480.9589,676.2536,609.0801,610.2825,545.0195
52,66,person,1077.181,508.9389,1100.2355,561.515,1088.7083,535.2269
52,92,person,1667.1724,779.4937,1696.3906,838.6193,1681.7815,809.0565
52,25,car,1311.4663,549.8986,1373.6176,617.0661,1342.542,583.48236
52,21,truck,1320.4813,441.10425,1406.872,560.34595,1363.6766,500.7251
53,1,bus,427.2703,656.31635,738.5412,1075.8962,582.90576,866.1063
53,2,car,261.0046,828.92236,468.27917,1069.0197,364.6419,948.971
53,3,car,541.0738,487.9554,669.56213,616.22504,605.318,552.0902
53,5,car,1402.3015,612.26984,1512.9337,730.9354,1457.6177,671.60266
53,7,car,0.0,885.16455,127.63554,1078.6537,63.81777,981.9091
53,8,car,310.20193,584.6376,472.39105,733.8962,391.2965,659.26685
53,11,car,1551.7865,863.16345,1669.1388,1002.23834,1610.4626,932.7009
53,12,person,1260.5701,631.753,1297.2112,705.8622,1278.8906,668.8076
53,16,car,470.5642,415.59094,577.94055,504.93286,524.2524,460.2619
53,69,car,691.7533,241.27345,758.4156,286.68347,725.0845,263.97845
53,19,car,1330.9153,607.6199,1390.6407,693.0805,1360.7781,650.3502
53,70,car,631.02734,297.53033,693.94745,348.64127,662.4874,323.08582
53,106,car,648.17236,370.0333,717.44415,444.943,682.8082,407.48816
53,32,car,935.53156,388.0991,982.4807,451.92215,959.0061,420.01062
53,68,car,516.91095,667.9188,604.4713,774.0097,560.69116,720.96423
53,135,person,1581.6129,659.8064,1604.0321,726.73175,1592.8225,693.26904
53,53,truck,1563.3467,381.31708,1918.9924,850.53894,1741.1696,615.928
53,157,truck,539.13824,487.39746,672.19617,616.7267,605.66724,552.0621
53,66,person,1077.7184,509.26932,1100.5804,561.0596,1089.1494,535.1644
53,92,person,1666.1962,779.6392,1696.8282,842.6915,1681.5122,811.1654
53,161,truck,1424.8434,340.40286,1587.9937,526.18097,1506.4185,433.29193
53,21,truck,1321.1832,441.35406,1406.5215,558.7849,1363.8523,500.0695
53,128,car,774.2182,183.6397,820.03357,221.99278,797.12585,202.81624
53,111,car,749.54626,515.47144,810.7956,604.16003,780.1709,559.81573
54,1,bus,420.96524,665.39923,732.0431,1076.3478,576.50415,870.87354
54,2,car,251.7589,840.48346,458.27902,1079.8236,355.01895,960.15356
54,5,car,1402.7155,612.254,1513.4021,731.02155,1458.0588,671.6378
54,7,car,0.0,897.56824,116.75343,1079.7366,58.376717,988.6524
54,8,car,302.30444,590.0795,467.21527,742.0507,384.75986,666.0651
54,11,car,1553.7076,862.8461,1671.0103,1002.19086,1612.3589,932.5185
54,12,car,1262.3281,637.0451,1296.3871,705.24097,1279.3577,671.14307
54,16,car,467.66348,419.66663,575.671,509.65802,521.66724,464.66232
54,69,car,690.59894,242.21126,759.17096,288.88495,724.88495,265.5481
54,19,car,1331.5975,608.636,1390.9888,692.8144,1361.2932,650.7252
54,70,car,627.9011,299.91837,691.3196,351.0013,659.61035,325.45984
54,106,car,647.0092,372.13446,717.48254,448.7198,682.24585,410.42712
54,32,car,934.5527,390.60583,982.2739,455.86554,958.4133,423.2357
54,68,car,513.2218,674.01874,601.5742,780.3437,557.398,727.1812
54,53,truck,1563.7919,382.45337,1918.6411,850.6619,1741.2166,616.5576
54,66,person,1077.9012,509.20883,1100.5736,560.47186,1089.2374,534.84033
54,92,person,1666.0671,779.3418,1696.2511,841.9388,1681.1592,810.64026
54,161,truck,1424.6276,340.3069,1587.6063,525.8067,1506.117,433.0568
54,165,car,871.27203,229.41792,914.0936,262.1345,892.68286,245.77621
54,128,car,775.5535,186.74077,818.105,222.37343,796.8292,204.5571
54,111,truck,747.41187,520.59674,809.7229,610.2367,778.5674,565.41675
54,18,car,727.7416,333.27078,798.2343,397.48285,762.9879,365.37683
55,1,bus,415.56342,673.58844,727.09894,1076.5958,571.3312,875.09216
55,2,car,245.58766,853.2056,446.8428,1080.0,346.21524,966.6028
55,5,car,1402.8523,612.37854,1513.7881,731.4233,1458.3202,671.9009
55,7,car,0.0,908.78107,104.602264,1078.5482,52.301132,993.6647
55,8,car,294.92197,595.30756,462.71378,750.3075,378.81787,672.8075
55,11,car,1553.8595,862.17676,1672.5321,1003.79114,1613.1958,932.98395
55,12,car,1262.322,638.9207,1297.1002,708.25903,1279.7112,673.58984
55,16,car,463.77338,419.9566,576.10254,514.1994,519.938,467.078
55,69,car,694.36536,244.14758,760.61566,289.6882,727.4905,266.9179
55,19,car,1332.9377,609.585,1393.0089,694.71277,1362.9734,652.1489
55,70,car,624.738,301.3857,689.1418,352.9245,656.9399,327.1551
55,106,car,643.29065,374.0858,714.4014,451.48798,678.84607,412.78687
55,32,car,933.1876,392.62027,981.9183,459.4909,957.553,426.0556
55,68,car,507.89267,681.8126,599.65894,791.68365,553.7758,736.74817
55,53,truck,1563.3461,382.5131,1918.8333,851.74664,1741.0896,617.1299
55,66,person,1077.8708,508.26868,1100.513,559.5967,1089.1919,533.9327
55,92,person,1666.1202,779.011,1695.3287,839.43274,1680.7245,809.22186
55,161,truck,1424.6973,340.3265,1587.4719,525.4668,1506.0846,432.89667
55,165,car,869.0638,228.37976,915.7539,264.08615,892.4088,246.23296
55,128,car,774.2427,187.31682,817.68054,223.69884,795.9616,205.50783
55,18,car,718.6612,330.78442,795.76,400.85648,757.2106,365.82043
55,147,car,814.00494,203.7725,870.9102,243.63943,842.4576,223.70596
55,3,car,534.5146,495.84152,666.91815,627.86096,600.7164,561.85126
56,1,bus,408.0468,678.61145,722.3856,1076.343,565.2162,877.47723
56,2,car,239.56442,866.35974,433.16998,1080.0,336.3672,973.1799
56,5,car,1402.7124,612.4709,1513.8342,731.6119,1458.2733,672.0414
56,7,car,0.0,922.8436,92.01635,1078.9038,46.008175,1000.8737
56,8,car,288.60858,600.5758,458.8124,758.1588,373.7105,679.3673
56,11,car,1552.0089,862.2435,1673.657,1008.6088,1612.833,935.42615
56,12,person,1263.9844,641.0296,1300.7054,714.3214,1282.345,677.67554
56,16,car,460.97714,424.2265,571.91504,517.17285,516.4461,470.69968
56,69,car,693.14294,245.30182,760.0249,291.7054,726.5839,268.5036
56,19,car,1333.0364,610.13885,1393.5319,695.91943,1363.2842,653.0292
56,70,car,621.7577,303.67975,687.90344,356.28473,654.83057,329.98224
56,106,car,640.3196,377.606,712.24023,455.7498,676.2799,416.6779
56,32,car,932.14734,394.87332,981.49506,462.78427,956.82117,428.8288
56,68,car,500.90195,688.3216,595.6578,801.0855,548.27985,744.70355
56,53,truck,1563.853,381.6716,1920.0,853.1958,1741.9265,617.4337
56,66,person,1077.8401,507.9368,1100.661,559.8033,1089.2505,533.87006
56,92,person,1666.2039,778.1508,1695.0151,837.40295,1680.6095,807.77686
56,161,truck,1425.2572,340.4201,1588.124,525.59924,1506.6907,433.00967
56,165,car,865.32983,223.84601,919.5117,265.55023,892.4208,244.69812
56,128,car,774.533,187.4689,818.3867,224.23628,796.45984,205.8526
56,18,car,705.83704,327.2334,791.1622,403.2985,748.49963,365.26593
56,147,car,813.6477,206.85155,868.72327,245.40826,841.1855,226.12991
56,3,car,530.6409,500.43457,664.42377,633.5113,597.53235,566.9729
56,135,person,1580.5164,659.7792,1602.2477,723.967,1591.3821,691.87305
56,111,truck,740.7274,529.4737,809.7222,629.31726,775.22485,579.3955
57,1,bus,401.61642,681.92584,720.4727,1077.3298,561.04456,879.6278
57,2,car,235.51282,879.475,420.3728,1080.0,327.9428,979.7375
57,5,car,1402.6177,612.57385,1514.0468,732.02954,1458.3323,672.3017
57,7,car,0.0,932.8096,80.73849,1077.6848,40.369244,1005.2472
57,8,car,280.76447,606.6716,453.15106,766.1408,366.95776,686.4062
57,11,car,1551.8024,863.021,1673.9972,1010.9461,1612.8998,936.9835
57,12,person,1265.9896,643.2263,1302.7725,716.558,1284.3811,679.89215
57,16,car,459.17065,430.1804,566.6649,519.68854,512.9178,474.93445
57,69,car,692.72107,247.55713,760.19965,295.07425,726.4603,271.31567
57,19,car,1332.6326,610.36475,1393.7762,697.1812,1363.2043,653.77295
57,70,car,619.3138,305.47568,686.0668,358.4274,652.6903,331.95154
57,106,car,638.6877,381.1194,710.4671,458.9981,674.5774,420.05875
57,32,car,932.4157,400.34375,980.10956,465.93726,956.26263,433.1405
57,68,car,492.1748,694.394,589.70026,810.567,540.9375,752.48047
57,53,truck,1564.8667,380.96432,1920.0,853.11005,1742.4333,617.0372
57,66,person,1077.5436,506.98923,1100.9027,560.3918,1089.2231,533.6905
57,92,person,1665.357,777.6522,1695.1254,838.6571,1680.2412,808.15466
57,165,car,863.9599,224.49373,918.21436,266.42255,891.08716,245.45813
57,128,car,768.8897,186.80026,817.1578,226.87704,793.02374,206.83865
57,18,car,705.5993,328.29745,792.51685,405.42496,749.0581,366.8612
57,147,car,812.317,206.70143,869.9437,247.2186,841.1304,226.96002
57,3,car,525.6702,504.8744,660.2157,638.8722,592.943,571.8733
57,111,truck,738.5486,533.5376,808.41705,635.06525,773.4828,584.3014
57,21,truck,1320.7621,440.95456,1406.8567,558.03815,1363.8093,499.49634
58,1,bus,401.70035,688.8617,721.37805,1077.6946,561.5392,883.27814
58,2,car,233.73024,894.3878,408.86166,1080.0,321.29596,987.1939
58,5,car,1403.0343,612.5931,1514.6868,732.5115,1458.8606,672.55225
58,7,car,0.0,944.5076,69.23898,1077.0074,34.61949,1010.75757
58,8,car,273.2621,612.79803,447.1736,774.0166,360.21783,693.40735
58,11,car,1553.0182,862.54956,1676.2909,1012.6123,1614.6545,937.58093
58,12,person,1268.2292,648.23956,1303.4518,718.1976,1285.8406,683.21857
58,16,car,453.1331,431.26804,565.12714,524.35675,509.13013,477.81238
58,69,car,693.61456,250.44832,756.1564,294.8802,724.8855,272.66425
58,19,car,1332.3536,610.6919,1393.8678,698.2012,1363.1107,654.44653
58,70,car,618.33014,308.38443,684.0544,360.2455,651.19226,334.31497
58,106,car,635.6414,382.60532,708.6846,462.18124,672.16296,422.39328
58,32,car,932.20087,404.55197,979.992,470.14902,956.09644,437.3505
58,68,car,484.8294,703.09204,583.6395,820.54156,534.2345,761.8168
58,53,truck,1566.2902,380.6623,1920.0,849.369,1743.145,615.0156
58,66,person,1077.3961,506.34824,1101.1394,560.9548,1089.2678,533.6515
58,92,person,1663.3469,777.5271,1694.1431,840.4484,1678.745,808.9878
58,128,car,770.77594,188.1683,818.2199,227.8858,794.4979,208.02705
58,18,car,709.97034,335.16977,792.0777,408.12567,751.02405,371.6477
58,147,car,812.79456,210.73773,866.6758,248.52318,839.73517,229.63046
58,3,car,520.40454,508.31973,656.58014,644.0995,588.4923,576.2096
58,111,car,736.8949,540.0228,807.3017,641.93225,772.09827,590.97754
58,181,car,793.7128,278.54672,832.544,324.14883,813.1284,301.34778
58,21,truck,1321.0333,442.0663,1407.3813,559.757,1364.2073,500.91168
59,1,bus,398.93222,694.54755,719.8756,1077.6534,559.40393,886.10046
59,2,car,229.62871,910.2046,395.15433,1080.0,312.3915,995.1023
59,5,car,1402.1432,611.52893,1515.3618,733.4055,1458.7524,672.4672
59,7,car,0.0,959.4784,57.211338,1077.4589,28.605669,1018.4686
59,8,car,266.6776,619.5421,441.25757,781.14984,353.9676,700.34595
59,11,car,1554.901,864.594,1676.884,1013.63745,1615.8926,939.1157
59,12,person,1270.2859,651.7278,1305.533,721.80444,1287.9094,686.7661
59,16,car,449.31522,434.02765,562.36914,527.96136,505.84216,480.9945
59,69,car,693.1916,252.80171,753.55896,295.94742,723.37524,274.37457
59,19,car,1332.532,610.7751,1394.1049,698.413,1363.3184,654.59406
59,70,car,614.31396,310.53595,683.77203,365.19275,649.04297,337.86435
59,106,car,634.1859,385.61707,707.5484,465.6106,670.8672,425.61383
59,32,car,931.8293,407.85083,980.312,474.45312,956.0707,441.15198
59,68,car,480.59952,710.23816,580.32056,828.07697,530.46,769.1576
59,53,truck,1565.4287,379.2834,1920.0,852.67255,1742.7144,615.97797
59,66,person,1077.4652,506.04684,1100.534,559.1537,1088.9996,532.6003
59,92,person,1661.7595,777.1013,1692.7927,840.07556,1677.2761,808.58844
59,128,car,770.7669,187.7953,819.534,228.7874,795.15045,208.29135
59,147,car,812.7648,211.62268,868.13794,250.8041,840.45135,231.21338
59,3,car,515.48987,512.2821,653.9736,650.54126,584.7317,581.4117
59,111,car,736.10657,546.05133,805.9412,646.6725,771.0239,596.36194
59,181,car,793.75336,278.64328,833.2798,325.10382,813.5166,301.87354
59,21,truck,1320.2079,441.5142,1407.5233,559.2966,1363.8656,500.4054
59,25,car,1312.1835,552.57837,1374.7068,623.28174,1343.4451,587.93005
60,1,bus,396.64224,700.20013,718.7895,1078.2352,557.7159,889.21765
60,2,car,218.63185,922.9323,378.05368,1080.0,298.34277,1001.4662
60,5,car,1403.3243,612.34674,1515.6873,733.4274,1459.5059,672.8871
60,8,car,261.40964,625.4895,437.01297,787.9219,349.2113,706.7057
60,11,car,1557.5149,868.4897,1675.8,1013.1747,1616.6575,940.83215
60,16,car,445.59924,436.52914,558.7221,530.67114,502.16068,483.60016
60,69,car,687.82996,253.94623,749.8633,298.04437,718.8466,275.9953
60,19,car,1332.5819,610.55725,1394.3091,698.38367,1363.4456,654.47046
60,70,car,611.9587,312.69562,681.8059,367.3382,646.8823,340.0169
60,106,car,631.58105,393.20584,703.06537,470.5976,667.32324,431.90173
60,32,car,931.64703,411.56213,980.1179,478.10013,955.88245,444.83112
60,68,car,471.69382,716.91125,580.00244,844.7646,525.84814,780.8379
60,53,truck,1563.7303,377.13815,1920.0,853.6553,1741.8652,615.3967
60,66,person,1077.4874,505.2556,1100.2106,557.6155,1088.849,531.43555
60,92,person,1660.0405,776.9332,1691.7358,841.2024,1675.8882,809.0678
60,128,car,763.9952,187.6667,815.51495,229.82062,789.75507,208.74365
60,147,car,812.67267,211.51747,867.2545,250.43466,839.9636,230.97607
60,3,car,511.00323,515.59515,650.89215,655.84735,580.9477,585.72125
60,111,car,735.05865,550.42126,804.705,650.1048,769.88184,600.26306
60,181,car,791.5258,278.8926,833.11725,327.99313,812.32153,303.44287
60,21,truck,1319.988,442.2357,1408.4481,561.8502,1364.218,502.04297
60,191,car,664.99976,252.62291,754.4547,299.7466,709.72723,276.18475
60,25,car,1313.6305,553.3505,1373.3512,622.91046,1343.4908,588.1305
60,165,car,853.17444,213.86769,923.9844,269.8324,888.5794,241.85004
61,1,bus,397.25677,706.7379,718.3059,1077.6521,557.7814,892.195
61,2,car,212.77266,937.2031,364.79074,1080.0,288.7817,1008.60156
61,5,car,1403.6649,612.49994,1515.5398,733.2719,1459.6023,672.8859
61,8,car,253.8318,630.6287,432.45932,796.2056,343.14557,713.4172
61,11,car,1559.6703,871.6124,1675.4321,1013.05347,1617.5513,942.33295
61,16,car,442.52567,438.14017,558.3843,535.0277,500.45496,486.58392
61,69,car,688.0156,255.25365,750.7345,300.18396,719.37506,277.7188
61,19,car,1333.1401,610.63226,1394.6737,698.03973,1363.907,654.336
61,70,car,610.13715,314.49713,681.0507,370.20074,645.59393,342.34894
61,106,car,628.10864,394.76492,701.0944,473.86197,664.60156,434.31345
61,32,car,930.2537,413.23022,980.16907,481.74332,955.2114,447.48676
61,68,car,467.47803,724.4244,575.54614,851.19055,521.5121,787.8075
61,66,person,1077.4297,504.57977,1100.4133,557.7883,1088.9215,531.1841
61,92,person,1658.1041,776.4387,1691.2671,843.73456,1674.6855,810.0867
61,128,car,760.87665,188.23535,814.1766,231.08136,787.5266,209.65836
61,3,car,506.7958,519.6411,648.5017,662.1987,577.64874,590.9199
61,181,car,791.21735,280.3268,832.6541,329.45227,811.9357,304.88953
61,21,truck,1319.7689,442.50174,1408.6105,562.87805,1364.1897,502.68988
61,191,car,662.66614,253.3341,753.71204,301.30298,708.1891,277.31854
61,25,car,1313.9249,553.1041,1372.4744,623.0226,1343.1997,588.06335
61,200,person,903.4339,724.0362,942.45044,789.3776,922.94214,756.7069
62,1,bus,399.08603,716.1846,716.7125,1077.3005,557.8993,896.74255
62,2,car,211.17851,954.2936,352.21658,1080.0,281.69754,1017.1468
62,5,car,1403.8325,612.8333,1515.0515,733.1249,1459.442,672.9791
62,8,car,247.23956,636.5922,429.68903,805.5,338.4643,721.04614
62,11,car,1562.0164,874.7258,1676.9031,1014.17957,1619.4597,944.4527
62,16,car,438.09183,441.3635,555.6904,539.8753,496.8911,490.6194
62,69,car,684.8812,257.37482,747.36475,301.84137,716.123,279.6081
62,19,car,1333.5657,611.4177,1395.0197,698.85364,1364.2927,655.1357
62,70,car,608.2687,315.8803,678.8932,371.69965,643.58093,343.78998
62,106,car,624.9881,395.40155,699.8864,476.89017,662.43726,436.14587
62,32,car,929.98914,417.16058,979.6595,485.6703,954.82434,451.41544
62,68,car,458.1391,734.36926,565.4631,860.57764,511.8011,797.47345
62,66,person,1077.4249,504.74167,1100.2439,557.88983,1088.8345,531.31573
62,92,person,1656.6812,775.74066,1692.1528,848.4025,1674.417,812.0716
62,128,car,759.1703,189.02248,814.4972,232.65907,786.83374,210.84077
62,3,car,502.28412,524.6722,645.6294,669.1751,573.9568,596.92365
62,181,car,790.4724,281.86182,831.34204,330.51773,810.9072,306.18976
62,21,truck,1319.5713,442.2165,1408.5254,561.5511,1364.0483,501.8838
62,191,car,661.4196,255.83788,750.9749,303.00912,706.19727,279.4235
62,25,car,1313.9961,554.1831,1372.4298,625.51886,1343.2129,589.85095
62,111,car,730.5183,558.1524,802.6396,662.0095,766.579,610.08093
63,1,bus,397.07477,722.76447,713.3099,1076.1265,555.1923,899.44543
63,2,car,212.50807,970.5986,343.2054,1080.0,277.85675,1025.2993
63,5,car,1402.9379,613.08124,1514.0573,733.0844,1458.4976,673.0828
63,8,car,238.78467,643.4448,423.9257,814.7067,331.35516,729.0758
63,11,car,1559.7512,874.74164,1678.1611,1018.49567,1618.9562,946.61865
63,16,car,434.82983,449.00555,548.6901,543.7242,491.75998,496.36487
63,69,car,685.83563,258.01483,748.35297,302.8143,717.0943,280.41455
63,19,car,1333.2913,611.682,1395.0801,699.96826,1364.1857,655.82513
63,70,car,603.67896,315.60312,678.1239,374.84265,640.9014,345.2229
63,106,car,621.61725,397.0293,699.1717,481.66638,660.3945,439.34784
63,68,car,450.62003,745.5122,558.31134,871.1511,504.4657,808.33167
63,92,person,1655.3472,774.54346,1692.6611,852.1006,1674.0042,813.322
63,128,car,755.7607,187.46864,814.02844,233.1739,784.89453,210.32127
63,3,car,497.8795,526.3271,644.9486,675.2389,571.41406,600.78296
63,181,car,791.384,285.56488,831.0825,332.8774,811.2333,309.22113
63,21,truck,1318.5809,442.68332,1408.273,563.06244,1363.427,502.87286
63,191,car,657.52795,255.74478,751.1847,305.17288,704.3563,280.45883
63,25,car,1314.2135,554.88513,1372.3655,626.7191,1343.2896,590.8021
63,210,person,896.9642,744.1525,948.6506,820.7756,922.8074,782.46405
63,111,truck,729.27765,561.72424,802.06757,666.4584,765.6726,614.0913
63,53,truck,1561.4872,376.34308,1920.0,860.34076,1740.7437,618.3419
64,1,bus,393.28397,727.99255,710.7672,1077.1294,552.0256,902.561
64,2,car,211.79135,986.7444,330.60834,1080.0,271.19983,1033.3722
64,5,car,1402.342,613.0634,1513.6686,733.0689,1458.0054,673.06616
64,8,car,229.33846,648.83936,417.73944,823.3767,323.53894,736.10803
64,11,car,1560.2917,877.3137,1678.2037,1020.2886,1619.2478,948.80115
64,16,car,430.3297,454.0558,543.9091,547.83374,487.11942,500.94476
64,69,car,682.6801,259.15707,746.51385,304.71664,714.597,281.93686
64,19,car,1333.1382,612.04663,1394.9711,700.574,1364.0547,656.3103
64,70,car,600.1853,316.78857,676.3997,377.2555,638.2925,347.02203
64,106,car,617.72327,398.96793,698.14014,487.36084,657.9317,443.16437
64,68,car,445.71103,756.112,553.31415,880.7073,499.51257,818.40967
64,92,person,1654.7404,774.2357,1692.2295,853.1528,1673.4849,813.6942
64,128,car,756.18134,187.93019,814.97705,233.72198,785.5792,210.82608
64,3,car,493.87796,531.4976,641.3171,681.10205,567.59753,606.2998
64,21,truck,1319.2104,442.27603,1408.7554,561.7017,1363.9829,501.9889
64,210,person,893.76434,754.44934,948.239,835.37683,921.0017,794.9131
64,111,truck,725.67334,566.9348,799.3198,672.7725,762.4966,619.85364
64,53,truck,1562.4457,377.98575,1920.0,859.12354,1741.2229,618.5546
64,18,car,684.71356,336.0222,785.42554,425.83585,735.0696,380.92902
65,1,bus,393.5683,734.3372,711.108,1078.6595,552.33813,906.4984
65,2,car,212.42145,1006.2707,313.5456,1080.0,262.98352,1043.1354
65,5,car,1403.7402,613.71674,1513.7701,732.313,1458.7551,673.0149
65,8,car,222.67224,655.5634,412.04715,831.12744,317.35968,743.34546
65,11,car,1561.6697,878.20825,1678.6249,1019.8599,1620.1472,949.03406
65,16,car,425.64423,457.94376,540.1378,552.06903,482.89102,505.0064
65,69,car,680.3666,260.4296,745.7549,307.5487,713.0607,283.98914
65,19,car,1334.0436,612.4292,1395.776,700.7201,1364.9098,656.57465
65,70,car,598.4376,320.56186,673.25415,379.66144,635.8459,350.11163
65,106,car,617.99133,404.87897,695.7887,490.3078,656.89,447.59338
65,68,car,437.24112,766.77545,546.4647,892.5921,491.8529,829.6838
65,128,car,754.1444,190.31746,813.45776,236.1406,783.8011,213.22903
65,3,car,489.271,536.1946,637.80865,687.6606,563.5398,611.9276
65,111,car,723.55145,572.68304,798.9496,681.4812,761.2505,627.08215
65,53,truck,1562.1167,376.56033,1920.0,857.981,1741.0583,617.2707
65,220,person,865.12115,479.16678,895.5547,556.1714,880.3379,517.66907
65,18,car,684.5705,341.9333,782.13556,428.19742,733.353,385.06537
66,1,bus,394.0516,740.55566,710.36285,1079.5391,552.2072,910.04736
66,2,car,210.29247,1022.8409,296.01285,1080.0,253.15265,1051.4204
66,5,car,1403.1532,613.8776,1513.2452,732.33295,1458.1992,673.1053
66,8,car,215.37318,662.5886,407.8482,841.1109,311.6107,751.84973
66,11,car,1560.3645,876.6649,1680.0797,1022.1894,1620.2222,949.4271
66,16,car,419.48956,457.53027,539.67377,556.71027,479.58167,507.12027
66,69,car,679.0353,261.5493,744.6312,309.2245,711.83325,285.3869
66,19,car,1334.9338,613.6233,1395.7817,700.4453,1365.3578,657.0343
66,70,car,597.13275,322.833,672.1944,382.35153,634.6636,352.5923
66,106,car,613.6677,406.32013,692.4117,492.92694,653.0397,449.62354
66,68,car,429.15076,775.1026,539.11487,900.99414,484.1328,838.04834
66,3,car,485.36365,540.46466,634.4778,692.8591,559.9207,616.66187
66,53,truck,1562.8795,377.4495,1920.0,855.8815,1741.4397,616.66547
66,18,car,684.7983,344.44162,781.54987,430.31195,733.1741,387.37677
66,32,car,924.7843,431.45508,977.79,504.31018,951.2871,467.88263
66,66,person,1077.453,501.45706,1099.2329,552.76373,1088.343,527.1104
66,25,car,1318.066,555.9556,1372.8457,624.8203,1345.4558,590.38794
66,92,person,1655.1641,771.1185,1687.8977,839.893,1671.5309,805.50574
66,21,truck,1320.1638,443.4023,1410.0244,564.3322,1365.0941,503.86725
66,210,person,892.228,776.9388,944.8731,854.95966,918.55054,815.9492
67,1,bus,394.6643,747.277,708.15094,1078.7557,551.4076,913.01636
67,2,car,214.42374,1041.1813,280.22052,1080.0,247.32213,1060.5906
67,5,car,1403.6656,614.2924,1513.2648,732.17413,1458.4652,673.2333
67,8,car,207.13141,669.8563,401.45294,850.35077,304.29218,760.1035
67,11,car,1560.5675,876.5703,1680.6027,1022.8439,1620.5851,949.7071
67,16,car,414.7634,459.942,535.8779,560.44855,475.32068,510.19525
67,69,car,678.18384,262.0623,743.6931,310.16528,710.9385,286.11377
67,19,car,1334.6602,613.2244,1396.1864,701.04205,1365.4233,657.13324
67,70,car,597.661,327.51004,668.6637,383.7855,633.16235,355.64777
67,106,car,609.89526,409.26328,690.9219,498.77426,650.40857,454.01877
67,68,car,419.09775,784.55817,536.39453,919.3934,477.74615,851.97577
67,3,car,482.38782,545.8781,631.73114,698.8018,557.05945,622.33997
67,53,truck,1563.5677,377.14346,1919.4121,853.054,1741.49,615.09875
67,233,motorcycle,894.0034,852.4432,938.1927,934.95636,916.098,893.69977
67,236,person,887.1006,787.27435,945.9675,907.1473,916.53406,847.2108
67,32,car,924.1208,430.64322,979.17706,507.02493,951.6489,468.83408
67,66,person,1077.2515,499.82947,1098.7678,550.708,1088.0096,525.26874
67,25,car,1320.344,556.8052,1372.5526,623.11163,1346.4482,589.9584
67,21,truck,1320.0736,443.83078,1409.0405,564.2001,1364.5571,504.01544
67,210,person,889.3458,789.5489,946.4071,874.6888,917.87646,832.11884
67,12,person,1287.6559,686.1672,1325.6256,760.65314,1306.6407,723.41016
67,128,car,756.57,197.6286,811.8401,239.77644,784.2051,218.70251
67,111,car,718.142,581.7481,796.162,695.3544,757.152,638.5513
68,1,bus,395.69305,755.8737,705.601,1079.2498,550.64703,917.56177
68,5,car,1404.5419,614.22296,1514.0011,732.19763,1459.2715,673.2103
68,8,car,198.16106,675.8286,395.93835,859.915,297.0497,767.8718
68,11,car,1560.8896,876.809,1679.7365,1021.9848,1620.313,949.3969
68,16,car,409.44598,461.58612,532.2401,563.8401,470.84305,512.71313
68,69,car,675.5861,262.7966,742.86914,312.56668,709.22766,287.68164
68,19,car,1334.6392,612.7501,1396.5657,701.4461,1365.6024,657.09814
68,70,car,595.2674,329.43787,666.2301,385.77118,630.7488,357.60452
68,106,car,607.3314,411.36707,689.0642,501.85907,648.1978,456.61307
68,68,car,411.43054,794.1806,531.4168,932.14703,471.42368,863.1638
68,3,car,476.15146,549.78827,627.7341,705.26666,551.94275,627.52747
68,53,truck,1561.8997,377.20642,1919.1448,855.2428,1740.5222,616.2246
68,236,person,884.79535,798.29645,944.88855,920.78033,914.8419,859.5384
68,32,car,925.20184,436.49524,978.8043,511.43994,952.00305,473.9676
68,66,person,1077.5894,498.63513,1099.0496,549.4832,1088.3195,524.0592
68,25,car,1320.8682,558.4435,1373.2554,625.85785,1347.0618,592.15063
68,21,truck,1320.3125,444.1138,1408.4099,563.80914,1364.3612,503.9615
68,12,person,1288.6824,690.1629,1328.382,767.6735,1308.5322,728.9182
68,128,car,755.03656,198.64046,809.03656,239.60356,782.03656,219.12201
68,111,truck,715.0329,588.64404,794.0986,705.3542,754.56573,646.99915
69,1,bus,396.49152,764.66473,702.88763,1079.9302,549.6896,922.2975
69,5,car,1405.3508,614.291,1514.4904,732.218,1459.9207,673.2545
69,8,car,189.02977,682.1125,390.2893,870.0503,289.65955,776.0814
69,11,car,1560.3293,875.8927,1681.1327,1024.0544,1620.731,949.9736
69,16,car,406.61588,468.19772,526.0163,567.6476,466.3161,517.92267
69,69,car,674.4472,263.32388,742.1645,313.95007,708.30585,288.63696
69,19,car,1334.1359,613.10706,1396.8787,703.0125,1365.5073,658.0598
69,70,car,576.60754,329.11365,657.0884,391.16843,616.84796,360.14105
69,106,car,604.5784,415.60065,685.94543,505.6838,645.26196,460.6422
69,68,car,402.6082,804.3531,524.42883,943.8429,463.5185,874.098
69,3,car,469.33963,553.3157,623.9047,711.9013,546.6222,632.6085
69,53,truck,1561.9513,378.47388,1918.4578,855.5071,1740.2046,616.9905
69,32,car,926.6437,440.6638,978.07086,512.64777,952.3573,476.65576
69,66,person,1076.7726,497.41394,1098.9811,550.89746,1087.8768,524.1557
69,25,car,1320.0085,559.1491,1373.5865,628.95654,1346.7976,594.05286
69,21,truck,1320.7692,444.31094,1408.1332,563.407,1364.4512,503.85895
69,12,motorcycle,1290.6792,694.78534,1329.6405,769.8102,1310.1599,732.2977
69,111,car,710.7246,592.8068,791.7418,713.337,751.2332,653.0719
69,249,person,799.255,660.9352,844.3302,756.1183,821.7926,708.52673
69,18,car,696.3998,365.6228,778.50714,439.714,737.4535,402.6684
69,92,person,1655.106,769.68536,1682.7982,827.0378,1668.9521,798.3616
70,1,bus,396.67303,773.06934,698.43634,1078.824,547.5547,925.94666
70,5,car,1405.7485,614.2502,1514.5596,732.20306,1460.154,673.2266
70,8,car,180.3146,689.9594,382.99075,879.42957,281.65268,784.69446
70,11,car,1562.8119,877.08295,1683.0358,1024.7574,1622.9238,950.92017
70,16,car,403.22925,472.53342,522.1101,571.36346,462.66968,521.9484
70,69,car,673.8854,264.24692,740.86896,314.60916,707.3772,289.42804
70,19,car,1334.5001,613.6834,1397.5841,704.04755,1366.0421,658.8655
70,70,car,574.25836,331.09836,656.4223,393.5844,615.34033,362.34137
70,106,car,601.83875,418.9449,683.1027,508.42505,642.4707,463.68497
70,68,car,393.16092,814.52136,518.4183,958.3152,455.7896,886.4183
70,3,car,463.7449,558.7912,621.14185,720.5293,542.44336,639.6603
70,53,truck,1561.4657,379.1821,1918.8048,857.6082,1740.1353,618.39514
70,66,person,1075.9984,495.0738,1098.9735,551.33984,1087.486,523.2068
70,25,car,1319.2792,559.5566,1373.4761,630.81335,1346.3777,595.18494
70,21,truck,1320.7941,444.19818,1407.9124,563.22296,1364.3533,503.71057
70,12,person,1292.6342,698.7748,1329.5154,768.69196,1311.0747,733.7334
70,111,car,709.36346,599.6115,789.8306,719.8238,749.59705,659.71765
70,249,person,797.2061,667.23145,843.4621,764.92474,820.3341,716.0781
70,18,car,698.0305,368.9877,776.7951,440.6512,737.41284,404.81946
70,92,person,1654.6794,769.54987,1682.0889,825.66797,1668.3842,797.6089
70,191,car,647.3997,263.59537,746.3933,316.57312,696.8965,290.08423
70,210,person,888.86847,826.68677,941.6257,905.393,915.2471,866.0399
70,236,person,886.1737,824.1819,937.8644,928.8465,912.01904,876.51416
70,128,car,754.55963,202.77394,806.77594,242.06216,780.6678,222.41806
71,1,bus,398.1859,781.99384,694.9053,1078.0154,546.5456,930.00464
71,5,car,1405.5288,614.18066,1514.2197,732.2309,1459.8743,673.2058
71,8,car,171.99448,697.27277,377.12988,888.9792,274.5622,793.126
71,11,car,1563.5554,876.72925,1685.116,1026.7611,1624.3357,951.7452
71,16,car,398.14722,474.8841,519.7882,575.8624,458.9677,525.3733
71,69,car,670.9924,264.7116,739.61865,316.54645,705.30554,290.62903
71,19,car,1334.7776,613.91016,1397.8918,704.18365,1366.3347,659.0469
71,70,car,569.33624,332.08362,655.4886,396.5442,612.4124,364.3139
71,106,car,598.9102,421.84665,681.0341,512.2431,639.97217,467.04486
71,68,car,384.37564,823.3846,511.84164,969.9957,448.10864,896.6902
71,3,car,459.70477,565.0397,616.7607,726.4077,538.2327,645.7237
71,66,person,1076.2063,495.0726,1098.4695,550.1274,1087.3379,522.6
71,25,car,1318.2227,558.8792,1373.3907,631.97253,1345.8066,595.4259
71,21,truck,1320.6847,444.28458,1407.5265,563.07837,1364.1056,503.68146
71,12,person,1293.0659,702.4869,1329.9204,772.43866,1311.4932,737.46277
71,111,car,708.20593,605.8444,788.13745,726.074,748.1717,665.9592
71,249,person,794.06683,672.8242,841.10455,772.48987,817.5857,722.65704
71,18,car,696.5817,370.2184,775.4666,442.6555,736.0242,406.43695
71,92,person,1652.7179,768.4095,1683.1504,831.4314,1667.9341,799.9204
71,262,person,1791.6439,865.76025,1824.6346,951.338,1808.1393,908.54913
71,128,car,753.5955,202.72052,807.69476,243.05132,780.64514,222.88593
72,1,bus,399.59158,788.3773,693.5351,1077.3885,546.56335,932.88293
72,5,car,1405.0532,614.2125,1513.5684,732.0805,1459.3108,673.1465
72,8,car,163.04385,704.5582,370.58014,898.8327,266.812,801.69543
72,11,car,1564.4072,875.8941,1686.1963,1026.6566,1625.3018,951.2754
72,16,car,394.55566,476.94382,517.69574,579.4923,456.1257,528.2181
72,69,car,669.8623,265.761,738.90454,317.88287,704.3834,291.82193
72,19,car,1334.8088,613.73694,1398.254,704.4557,1366.5315,659.0963
72,70,car,566.4394,334.14883,652.9395,397.78125,609.68945,365.96503
72,106,car,595.4144,424.29892,678.649,516.08954,637.03174,470.1942
72,68,car,374.47702,831.0815,505.65155,981.99554,440.06427,906.5385
72,3,car,453.34302,570.191,612.1673,733.7242,532.7551,651.9576
72,66,person,1076.1321,494.64563,1098.2449,549.7385,1087.1885,522.1921
72,25,car,1318.7438,559.46515,1373.477,632.1752,1346.1104,595.8202
72,21,truck,1320.5701,444.31842,1407.5267,563.4333,1364.0483,503.87585
72,111,car,707.43726,610.7028,786.1495,729.6454,746.79333,670.1741
72,249,person,792.7143,681.38513,840.6679,783.2251,816.6911,732.3051
72,18,car,696.2383,372.44598,774.949,445.60614,735.5936,409.02606
72,92,person,1652.6562,766.98145,1682.2028,828.50287,1667.4294,797.7422
72,128,car,752.85046,202.54918,808.2518,243.34264,780.55115,222.9459
72,147,car,795.6586,226.14719,861.80383,274.80884,828.7312,250.47801
72,53,truck,1563.5298,379.07077,1919.2506,855.3051,1741.3901,617.1879
72,191,car,641.636,267.1577,739.3527,319.4301,690.4944,293.2939
72,236,person,879.78253,852.49854,937.5135,969.5301,908.648,911.0143
73,1,bus,399.90018,796.1524,690.0054,1076.6699,544.95276,936.41113
73,5,car,1405.631,614.35834,1513.9316,732.1844,1459.7812,673.27136
73,8,car,154.46292,712.3118,364.4836,909.1703,259.47327,810.7411
73,11,car,1564.558,875.9122,1686.4658,1026.9164,1625.512,951.4143
73,16,car,390.81302,479.41373,516.0977,583.65045,453.45538,531.5321
73,69,car,664.5477,266.80322,735.45154,320.13138,699.99963,293.4673
73,19,car,1335.3131,613.5095,1399.184,704.83075,1367.2485,659.17017
73,70,car,564.93506,336.21194,653.21747,399.98575,609.0763,368.09885
73,106,car,592.1959,427.93173,676.1697,520.3455,634.1828,474.1386
73,68,car,366.19495,842.7895,497.2276,993.0779,431.71127,917.9337
73,3,car,445.17142,571.41223,610.2826,741.9993,527.727,656.7058
73,66,person,1076.5515,494.79303,1097.9672,548.13824,1087.2593,521.46564
73,25,car,1319.4551,559.4191,1374.1836,632.56854,1346.8193,595.99384
73,21,truck,1319.0381,443.601,1406.5719,562.1639,1362.8049,502.88245
73,111,truck,705.599,615.8755,785.2535,737.34143,745.4263,676.60846
73,249,person,791.4564,685.83997,838.68854,786.62756,815.0725,736.23376
73,18,car,694.8195,375.56268,773.47455,449.31894,734.14703,412.4408
73,128,car,749.6077,202.71756,807.24347,245.3871,778.4256,224.05234
73,147,car,795.67725,227.67226,857.0662,273.98596,826.3717,250.8291
73,53,truck,1564.068,378.30475,1918.6146,852.56305,1741.3413,615.4339
73,236,person,880.3671,864.62225,931.7215,967.2841,906.0443,915.9532
73,32,car,920.988,455.26968,976.70013,534.83057,948.84406,495.0501
73,12,person,1298.8383,709.66266,1334.6945,776.28296,1316.7664,742.9728
74,1,bus,397.5243,805.97595,684.6292,1078.9343,541.0768,942.45514
74,5,car,1405.9323,614.3521,1514.1658,732.2848,1460.0491,673.3185
74,8,car,144.07335,718.7701,358.76242,920.1675,251.41788,819.46875
74,11,car,1563.4596,876.4791,1686.5835,1029.0911,1625.0215,952.7851
74,16,car,382.25018,481.38516,510.38235,588.21375,446.31628,534.79944
74,69,car,661.3575,267.5393,733.85724,322.0616,697.60736,294.80048
74,19,car,1336.2682,613.4467,1400.121,704.7217,1368.1946,659.0842
74,70,car,560.6919,336.7677,652.1764,402.58875,606.43414,369.67822
74,106,car,591.21515,433.72336,673.0426,523.0209,632.1289,478.37213
74,68,car,355.2398,852.70886,489.3885,1007.2405,422.31415,929.9747
74,3,car,440.9739,575.3181,608.69257,749.093,524.83325,662.20557
74,66,person,1077.1714,495.89548,1097.9774,547.7388,1087.5745,521.81714
74,25,car,1320.0638,559.8577,1374.8486,633.2633,1347.4563,596.56055
74,21,truck,1316.9215,443.29486,1405.7654,561.9816,1361.3435,502.63824
74,111,car,704.1642,621.9237,784.7883,745.716,744.47626,683.8198
74,18,car,695.6473,380.65125,770.60864,451.1059,733.1279,415.87857
74,128,car,748.1315,203.80768,807.45825,248.15744,777.79486,225.98256
74,53,truck,1563.0133,377.5287,1919.2955,854.1541,1741.1544,615.84143
74,236,person,882.42706,879.60004,927.5175,967.22485,904.9723,923.4125
74,32,car,919.3758,457.77002,976.09375,540.10535,947.73474,498.93768
74,12,person,1302.0392,712.94824,1339.7313,781.5501,1320.8853,747.24915
75,1,bus,396.12042,814.7308,680.2776,1079.7523,538.199,947.2416
75,5,car,1405.5367,614.3971,1513.7482,732.3425,1459.6425,673.3698
75,8,car,134.89986,725.9195,352.26508,929.7197,243.58246,827.8196
75,11,car,1562.7899,876.1927,1687.468,1030.9739,1625.1289,953.58325
75,16,car,378.3532,485.45486,508.49136,593.4834,443.4223,539.4691
75,69,car,662.4166,268.01654,734.0876,322.4712,698.2521,295.24387
75,19,car,1336.896,613.4113,1400.9229,705.2026,1368.9094,659.30695
75,70,car,558.2645,339.23642,650.8727,405.57635,604.5686,372.40637
75,106,car,589.5888,438.23877,670.75977,526.4095,630.1743,482.32413
75,68,car,345.21948,865.266,483.7101,1025.4221,414.46478,945.34406
75,3,car,434.1926,580.5753,606.0201,759.6916,520.1063,670.1334
75,66,person,1077.7776,495.9305,1098.1405,546.5221,1087.959,521.2263
75,25,car,1320.8458,561.3278,1375.1951,634.0113,1348.0205,597.66956
75,111,car,701.7116,627.5592,782.6728,752.3664,742.1922,689.96277
75,18,car,692.6536,383.73953,768.2151,454.82788,730.4343,419.2837
75,128,car,746.7445,201.01329,809.30273,248.1114,778.0236,224.56235
75,53,truck,1562.5411,376.63718,1920.0,855.9603,1741.2705,616.29877
75,12,motorcycle,1301.8119,720.01746,1346.6475,802.11273,1324.2297,761.06506
75,262,person,1792.1798,869.2876,1828.4088,962.83044,1810.2943,916.059
75,147,car,796.7172,229.0819,853.5157,272.79956,825.11646,250.94073
76,1,bus,395.2692,822.45575,677.038,1080.0,536.1536,951.2279
76,5,car,1405.1504,614.22284,1513.6089,732.4259,1459.3796,673.32434
76,8,car,125.38383,733.2166,345.49112,939.7819,235.43747,836.49927
76,11,car,1564.1183,876.0817,1688.306,1030.6737,1626.2122,953.3777
76,16,car,374.9359,491.3301,505.4138,598.726,440.17487,545.0281
76,69,car,665.8613,272.27264,731.9015,322.89404,698.8814,297.58334
76,19,car,1337.5602,613.3762,1401.3546,705.2585,1369.4574,659.3174
76,70,car,555.7096,341.9967,648.802,408.22668,602.2558,375.1117
76,106,car,585.7432,440.30807,668.90063,530.32367,627.3219,485.31586
76,68,car,336.26,875.16675,477.059,1038.5068,406.6595,956.8368
76,3,car,429.81976,587.132,601.8294,767.13727,515.8246,677.13464
76,66,person,1078.8184,498.0905,1098.1127,545.5282,1088.4656,521.8093
76,25,car,1320.3641,562.0813,1374.5485,634.6469,1347.4563,598.36414
76,111,truck,699.26855,634.8574,781.36334,761.7958,740.3159,698.3266
76,18,car,672.768,382.39578,758.1675,459.65045,715.4678,421.02313
76,128,car,745.91187,201.34904,808.0396,248.5238,776.9757,224.93643
76,53,truck,1563.5016,375.93393,1920.0,855.91187,1741.7507,615.9229
76,12,motorcycle,1304.7657,723.8636,1349.2819,804.91595,1327.0238,764.3898
76,262,person,1793.2563,871.15784,1829.259,963.2751,1811.2577,917.21643
76,147,car,796.1458,230.44907,851.84827,274.07956,823.9971,252.26431
77,1,bus,396.03912,832.12286,672.8661,1080.0,534.45264,956.0614
77,5,car,1405.1268,614.0047,1513.8134,732.4541,1459.4701,673.2294
77,8,car,113.91162,740.7588,338.82162,952.4983,226.36662,846.62854
77,11,car,1564.2953,876.86084,1688.2452,1031.7189,1626.2703,954.28986
77,16,car,372.49594,493.90674,505.95193,603.1297,439.22394,548.5182
77,69,car,661.73895,274.2691,728.5592,325.4763,695.14905,299.87268
77,19,car,1337.7294,613.9771,1401.1718,705.5881,1369.4506,659.7826
77,70,car,556.54456,346.85168,646.5871,410.6457,601.5658,378.7487
77,106,car,582.6436,443.4108,667.2449,534.5041,624.9442,488.95746
77,68,car,326.32596,886.2648,467.67026,1050.245,396.9981,968.2549
77,3,car,424.97464,593.4121,597.88666,775.27423,511.43066,684.34314
77,66,person,1079.0386,498.51642,1098.1464,545.0955,1088.5925,521.80597
77,25,car,1319.3641,561.77936,1373.4569,634.4987,1346.4105,598.13904
77,111,truck,697.4891,642.22003,780.53644,770.85583,739.01276,706.53796
77,18,car,661.51544,382.1644,754.77045,463.90808,708.14294,423.03625
77,128,car,746.35254,204.42676,806.91766,250.87315,776.63513,227.64996
77,53,truck,1564.8352,375.0023,1920.0,853.07635,1742.4176,614.0393
77,12,person,1307.8175,727.7427,1351.1365,805.3503,1329.477,766.5465
77,262,person,1795.2314,870.5685,1831.5442,963.0126,1813.3878,916.7905
77,147,car,794.6162,233.68207,847.77386,275.57944,821.19507,254.63075
78,1,bus,394.63135,840.4454,667.9781,1080.0,531.3047,960.22266
78,5,car,1405.515,613.8808,1514.4458,732.6197,1459.9805,673.25024
78,8,car,103.98034,749.21216,332.99265,965.423,218.4865,857.31757
78,11,car,1565.8188,880.6064,1687.8547,1032.9934,1626.8368,956.7999
78,16,car,368.85498,495.4466,507.17578,607.83185,438.01538,551.6392
78,69,car,657.9845,276.57166,726.108,328.94348,692.04626,302.75757
78,19,car,1338.8037,615.8447,1399.118,702.3653,1368.9609,659.105
78,70,car,555.3508,347.27524,648.00793,413.38977,601.6794,380.33252
78,106,car,577.7599,446.46304,664.9362,539.9908,621.348,493.22693
78,68,car,314.7095,896.92194,462.43307,1068.723,388.5713,982.8225
78,3,car,419.00754,598.8149,592.0826,780.8981,505.54504,689.85645
78,66,person,1079.1781,497.83044,1098.6997,545.0729,1088.939,521.45166
78,25,car,1319.0264,561.84204,1372.4222,633.66223,1345.7244,597.75214
78,111,truck,694.89484,646.7078,778.9756,776.8105,736.9352,711.75916
78,18,car,663.3676,386.8301,755.4136,466.22037,709.3906,426.52524
78,128,car,745.98694,203.47726,808.0491,251.8575,777.018,227.66739
78,53,truck,1564.8812,374.5526,1920.0,852.38324,1742.4407,613.4679
78,12,person,1308.8721,731.6286,1354.9486,814.08417,1331.9104,772.8564
78,147,car,796.32043,235.22223,846.96,274.86093,821.64026,255.04158
78,294,person,868.45306,348.2745,897.0325,417.93542,882.7428,383.10498
78,295,car,695.2163,644.3032,778.3943,777.17944,736.8053,710.74133
78,301,person,867.4945,933.6845,926.14795,1060.3345,896.8212,997.0095
78,32,car,917.7884,474.05304,975.0046,557.3901,946.3965,515.72156
79,1,bus,397.7184,851.64996,664.20984,1080.0,530.9641,965.82495
79,5,car,1406.5851,613.7611,1515.5015,732.74585,1461.0432,673.2535
79,8,car,94.677475,759.23334,325.466,976.93396,210.07175,868.0836
79,11,car,1568.0659,882.9474,1687.2599,1031.775,1627.6628,957.3612
79,16,car,368.82242,496.87112,512.84344,611.52124,440.83295,554.19617
79,69,car,655.9204,280.15082,722.9454,331.43546,689.43286,305.79315
79,19,car,1339.8452,617.16876,1398.2969,700.3961,1369.071,658.7825
79,70,car,545.3483,348.68915,642.3207,417.1611,593.8345,382.9251
79,106,car,573.779,448.2874,664.4603,545.92914,619.1196,497.10828
79,68,car,305.5698,910.43384,451.15607,1079.2085,378.3629,994.82117
79,3,car,413.42642,605.68665,588.2425,790.1507,500.83447,697.9187
79,66,person,1078.8763,498.0398,1099.5145,547.4696,1089.1954,522.7547
79,25,car,1319.7302,563.03503,1372.3612,633.47833,1346.0457,598.2567
79,111,truck,693.21045,650.3986,778.14215,782.16364,735.6763,716.2811
79,18,car,658.8275,389.19174,752.6484,468.06277,705.7379,428.62726
79,128,car,744.89795,202.51433,808.93427,253.3564,776.91614,227.93536
79,53,truck,1564.4794,376.47623,1917.5725,849.95074,1741.0259,613.2135
79,12,person,1311.468,735.83777,1357.8513,818.7126,1334.6597,777.27515
79,294,person,870.35175,359.79602,894.52515,418.52377,882.4385,389.1599
79,32,car,916.6968,479.19293,974.84204,563.8905,945.7694,521.54175
79,92,person,1651.3064,760.59985,1680.5901,821.91986,1665.9482,791.2599
79,21,truck,1317.5228,444.4132,1407.2637,564.0641,1362.3933,504.23865
79,262,person,1797.3503,872.47345,1833.0101,962.50586,1815.1802,917.4896
80,1,bus,401.18362,862.6662,661.0372,1080.0,531.1104,971.3331
80,5,car,1407.4061,613.5786,1516.2148,732.7827,1461.8105,673.18066
80,8,car,84.84085,767.303,319.30615,988.50287,202.0735,877.90295
80,11,car,1568.736,884.3401,1687.3771,1032.6115,1628.0565,958.47577
80,16,car,365.4117,499.63,513.2696,615.4333,439.34064,557.5316
80,69,car,655.46564,283.2475,721.73114,333.7763,688.5984,308.5119
80,19,car,1338.8296,615.66486,1400.0872,703.00433,1369.4584,659.3346
80,70,car,542.4265,350.83237,639.59937,419.1403,591.01294,384.98633
80,106,car,569.59503,449.83047,662.80975,550.6985,616.2024,500.26447
80,68,car,300.2718,924.16315,438.32306,1080.0,369.29742,1002.08154
80,3,car,407.4389,610.0251,586.0864,798.8645,496.76266,704.4448
80,66,person,1078.7659,498.42514,1100.0836,549.1417,1089.4248,523.78345
80,25,car,1320.754,564.2725,1373.2612,633.9269,1347.0076,599.09973
80,111,truck,690.72473,655.46954,776.1204,788.11176,733.4226,721.79065
80,18,car,664.836,391.13858,758.34076,470.41183,711.5884,430.7752
80,128,car,743.79895,206.40154,805.77625,255.52548,774.7876,230.9635
80,53,truck,1563.7471,377.47714,1917.1571,851.0327,1740.4521,614.25494
80,12,person,1314.5592,740.3362,1358.883,818.368,1336.7212,779.35205
80,32,car,916.84326,483.5731,974.379,567.37775,945.61115,525.4754
80,92,person,1651.4519,760.83765,1680.4872,821.86053,1665.9695,791.3491
80,21,truck,1317.3075,444.4824,1407.3644,564.3274,1362.3359,504.4049
80,262,person,1797.858,872.80383,1833.3643,961.83057,1815.6111,917.3172
80,181,car,778.9448,312.26373,826.1366,369.58627,802.5407,340.925
80,147,car,791.76025,234.54688,847.26294,278.3867,819.5116,256.4668
80,301,person,865.51544,967.088,917.4339,1078.2064,891.4747,1022.6472
81,1,bus,403.47458,870.4481,659.6589,1080.0,531.5667,975.22406
81,5,car,1408.8271,613.4096,1517.169,732.8178,1462.998,673.1137
81,8,car,73.00079,775.0791,311.47366,1000.1883,192.23723,887.63367
81,11,car,1571.0338,887.2693,1687.46,1032.2172,1629.2468,959.7432
81,16,car,359.16925,500.26877,513.41754,620.0306,436.2934,560.14966
81,69,car,654.6761,284.19263,721.90894,335.35922,688.2925,309.77594
81,19,car,1339.1492,615.03357,1402.2649,705.1786,1370.707,660.1061
81,70,car,542.94806,352.9305,640.287,421.3726,591.61755,387.15155
81,106,car,564.87366,453.5199,659.49744,556.06274,612.18555,504.79132
81,68,car,292.8866,936.20746,424.71057,1080.0,358.79858,1008.10376
81,3,car,401.101,615.90454,583.2114,809.393,492.15622,712.6488
81,66,person,1078.4794,497.39096,1100.6353,549.8054,1089.5574,523.5982
81,25,car,1321.7361,564.35504,1373.946,632.893,1347.8411,598.624
81,111,car,689.2948,663.4221,773.41,794.04364,731.3524,728.7329
81,18,car,672.12415,393.02075,763.81537,472.63983,717.9697,432.8303
81,128,car,746.52246,209.70494,803.92773,255.14404,775.2251,232.4245
81,12,car,1316.6993,746.95325,1360.0132,821.6661,1338.3562,784.3097
81,32,car,919.1338,488.56537,973.29407,565.7996,946.2139,527.1825
81,92,person,1651.8507,759.75793,1680.5752,820.65485,1666.2129,790.2064
81,21,truck,1318.4731,444.39224,1408.8041,565.1028,1363.6387,504.7475
81,262,person,1798.8177,873.30585,1834.3823,961.55914,1816.6001,917.4325
81,181,car,779.7112,314.97162,824.7949,370.5127,802.25305,342.74216
81,147,car,794.7978,238.04803,845.22253,277.99304,820.01013,258.02054
81,301,person,867.4915,987.75946,911.94666,1080.0,889.7191,1033.8798
82,1,bus,403.22897,879.2241,654.977,1080.0,529.10297,979.61206
82,5,car,1409.4988,613.1417,1517.4386,732.89124,1463.4688,673.0165
82,8,car,61.010963,784.5752,303.4496,1013.32245,182.23027,898.94885
82,11,car,1574.1732,888.0311,1690.415,1032.3433,1632.2942,960.1872
82,16,car,355.3842,504.54514,512.0517,625.2461,433.71796,564.8956
82,69,car,653.8509,284.19617,722.59283,337.1313,688.22186,310.66373
82,19,car,1339.2216,614.5704,1403.2786,706.2621,1371.25,660.41626
82,70,car,538.403,353.25726,639.84546,424.31766,589.12427,388.78748
82,106,car,562.6275,456.97867,656.6458,558.86633,609.63666,507.9225
82,68,car,287.24408,952.00836,409.30753,1080.0,348.27582,1016.00415
82,3,car,392.66,620.6245,577.2557,816.64417,484.95782,718.63434
82,66,person,1078.2773,496.32306,1100.8352,549.57916,1089.5563,522.9511
82,25,car,1322.7046,563.7649,1375.0814,631.8338,1348.8931,597.7993
82,111,car,687.24695,670.58124,770.9642,800.2107,729.1056,735.396
82,18,car,674.70935,395.01642,765.54456,475.40555,720.12695,435.211
82,128,car,743.3546,208.18239,803.6663,256.01056,773.5105,232.09647
82,12,person,1320.4148,750.25287,1365.8658,828.6059,1343.1404,789.4294
82,32,car,915.1357,492.23868,974.15936,576.8152,944.6475,534.5269
82,92,person,1651.639,758.46844,1680.1204,819.0383,1665.8796,788.7534
82,21,truck,1318.9792,444.38687,1409.4366,565.48676,1364.208,504.93683
82,181,car,779.07184,316.45645,823.16736,371.0244,801.1196,343.74042
82,301,person,870.1293,1004.7177,907.6968,1080.0,888.913,1042.3589
82,294,person,869.83527,380.5607,889.4429,427.50632,879.63904,404.0335
82,53,truck,1564.9745,377.84103,1919.9109,854.2768,1742.4426,616.0589
83,1,bus,403.17197,887.27936,651.31396,1080.0,527.243,983.63965
83,5,car,1409.3778,613.05664,1517.0681,733.0604,1463.2229,673.05853
83,8,car,49.48462,792.1005,296.60413,1025.5455,173.04437,908.823
83,11,car,1574.2769,888.66284,1690.7561,1032.6869,1632.5165,960.67487
83,16,car,350.48,511.65497,505.65997,629.9326,428.07,570.7938
83,69,car,651.38477,286.24832,720.478,339.78882,685.9314,313.01855
83,19,car,1340.4136,616.6826,1401.6804,703.50726,1371.047,660.095
83,70,car,540.3456,355.421,641.994,427.0244,591.1698,391.22272
83,106,car,559.77106,461.353,653.48096,563.3842,606.626,512.3686
83,68,car,279.95856,967.24414,393.67722,1080.0,336.81787,1023.6221
83,3,car,387.00854,626.5175,572.94293,823.7363,479.97574,725.12695
83,66,person,1078.092,496.8146,1100.5222,549.4917,1089.3071,523.15314
83,25,car,1323.1693,563.56995,1375.4379,630.8012,1349.3036,597.18555
83,111,car,683.34424,676.6418,771.14996,813.0695,727.2471,744.85565
83,18,car,674.9284,395.8178,765.9852,477.865,720.4568,436.8414
83,128,car,740.46655,210.94067,799.8724,257.66553,770.16943,234.3031
83,12,motorcycle,1319.7106,755.78986,1373.362,851.0263,1346.5364,803.4081
83,32,car,913.44904,496.53204,974.58624,584.8769,944.01764,540.70447
83,92,person,1649.9534,756.74023,1679.7642,820.35455,1664.8588,788.54736
83,21,truck,1319.2302,444.42355,1409.4852,565.4977,1364.3577,504.96063
83,301,person,873.13983,1025.5424,902.1579,1080.0,887.64886,1052.7712
83,294,person,869.04095,381.8765,889.8786,431.17612,879.4598,406.5263
84,1,bus,403.40228,896.7647,645.7827,1080.0,524.5925,988.3823
84,5,car,1409.0518,613.32916,1516.1892,733.02216,1462.6205,673.17566
84,8,car,37.281315,801.5578,287.1824,1037.2975,162.23186,919.4276
84,11,car,1575.1653,889.3045,1691.6638,1032.8771,1633.4146,961.0908
84,16,car,338.8338,518.5556,493.39243,635.4483,416.1131,577.00195
84,69,car,650.8415,286.4049,718.4731,339.31668,684.6573,312.86078
84,19,car,1339.5059,615.9864,1402.6292,705.36536,1371.0675,660.6759
84,70,car,541.23926,357.6309,641.92926,429.27954,591.5842,393.4552
84,106,car,555.4686,463.58273,650.86896,567.7971,603.1688,515.68994
84,68,car,276.41196,981.616,381.4648,1080.0,328.9384,1030.808
84,3,car,380.68497,633.81616,569.4622,834.2078,475.0736,734.01196
84,66,person,1077.6818,495.2697,1101.0621,550.4652,1089.372,522.86743
84,25,car,1323.3225,563.01276,1376.3871,630.5653,1349.8547,596.78906
84,111,car,682.0262,684.37854,770.31934,821.86694,726.1727,753.12274
84,18,car,673.13135,400.13275,762.6464,481.61267,717.8889,440.8727
84,128,car,742.3001,211.01607,800.4242,257.0952,771.3622,234.05563
84,12,person,1322.0151,759.06635,1376.5536,857.59076,1349.2844,808.32855
84,32,car,913.12286,500.50717,973.8661,588.479,943.4945,544.4931
84,92,person,1648.6262,756.2284,1679.2664,821.72406,1663.9463,788.9762
84,21,truck,1319.4027,444.65982,1409.2489,565.08636,1364.3258,504.8731
84,294,person,868.09827,383.56213,889.9198,434.2622,879.00903,408.91217
84,323,person,850.46063,581.68756,888.5988,676.8361,869.5297,629.26184
84,262,person,1801.2372,877.8273,1837.0121,964.7797,1819.1246,921.30347
84,147,car,790.93915,237.95732,842.12067,278.58682,816.5299,258.27206
85,1,bus,406.01688,907.51306,640.8599,1080.0,523.4384,993.75653
85,5,car,1408.8497,613.5794,1515.7449,733.2563,1462.2974,673.41785
85,8,car,26.158329,812.10156,278.90634,1050.1095,152.53233,931.1055
85,11,car,1577.4316,891.53253,1692.6871,1033.032,1635.0593,962.2822
85,16,car,326.63568,521.74365,484.55063,641.4035,405.59314,581.5736
85,69,car,648.76685,287.59906,718.2363,342.46674,683.5016,315.0329
85,19,car,1341.23,617.07275,1402.4155,702.95233,1371.8228,660.0126
85,70,car,540.5003,360.0765,640.3319,431.866,590.41614,395.97125
85,106,car,551.488,468.70035,647.0004,573.51483,599.2442,521.1076
85,3,car,373.28473,641.607,564.3037,844.654,468.79422,743.1305
85,66,person,1077.7213,494.87396,1101.2579,550.6005,1089.4896,522.73724
85,25,car,1322.372,562.60126,1376.4205,631.2369,1349.3962,596.91907
85,111,car,679.6347,693.33575,768.22144,831.6827,723.9281,762.5092
85,18,car,671.431,404.0522,760.5449,486.02188,715.988,445.03705
85,128,car,742.2572,211.80096,799.8425,257.66574,771.04987,234.73335
85,32,car,913.1948,503.34918,973.46454,590.8343,943.3297,547.09174
85,92,person,1647.3965,755.5924,1678.33,822.05,1662.8633,788.82117
85,21,truck,1319.9844,444.83337,1409.2667,564.5602,1364.6255,504.69678
85,294,person,866.62463,384.98135,889.94324,438.52188,878.28394,411.75162
85,323,person,850.4484,585.1268,887.0536,676.3301,868.751,630.7284
85,262,person,1801.7122,879.7696,1838.7642,968.2618,1820.2382,924.0157
85,147,car,789.8026,239.92064,842.31366,281.48328,816.0581,260.70197
85,53,truck,1566.4977,378.899,1920.0,858.5166,1743.2488,618.70776
86,1,bus,407.38547,915.06226,638.16595,1080.0,522.7757,997.5311
86,5,car,1408.5117,613.6875,1515.1323,733.22284,1461.822,673.4552
86,8,car,12.577511,819.1414,272.09238,1063.3864,142.33495,941.2639
86,11,car,1578.3973,894.5005,1691.8828,1033.3824,1635.1401,963.94147
86,16,car,322.65512,525.9919,480.5842,645.4922,401.61966,585.74207
86,69,car,647.63574,289.1077,716.95544,344.46332,682.2956,316.78552
86,19,car,1341.8059,617.98065,1403.2461,703.7341,1372.526,660.85736
86,70,car,535.9735,362.4678,635.3622,434.19565,585.66785,398.33173
86,106,car,547.96576,471.91705,644.4861,578.1477,596.22595,525.03235
86,3,car,366.0241,645.5465,562.14056,854.7287,464.08234,750.1376
86,66,person,1077.4261,490.72055,1102.0597,548.65735,1089.7429,519.68896
86,25,car,1321.706,562.98444,1376.4093,632.529,1349.0576,597.7567
86,111,car,676.5746,699.1234,768.2968,843.2705,722.43567,771.19696
86,18,car,672.4683,408.3942,758.9097,488.5513,715.689,448.47275
86,128,car,743.1259,215.62611,797.5214,258.8118,770.32367,237.21896
86,32,car,916.2031,508.6841,970.6645,586.13184,943.43384,547.40796
86,92,person,1646.8501,755.2193,1678.3575,822.9798,1662.6038,789.09955
86,21,truck,1319.8038,445.04416,1408.7142,563.8305,1364.259,504.43732
86,294,person,865.0384,385.34106,890.0356,442.25793,877.537,413.7995
86,262,person,1801.1913,882.21204,1840.4613,974.7904,1820.8263,928.5012
86,181,car,775.7388,324.07565,819.64624,379.58847,797.6925,351.83206
86,68,car,276.98322,1008.93915,359.5497,1080.0,318.26648,1044.4696
86,12,motorcycle,1328.1338,769.6454,1382.3419,869.2945,1355.2378,819.47
87,1,bus,407.84262,925.8981,630.36285,1079.6216,519.1027,1002.7598
87,5,car,1408.3582,613.7178,1514.758,733.13947,1461.5581,673.4286
87,8,car,1.7646203,828.3957,263.6502,1074.7325,132.70741,951.5641
87,11,car,1580.8301,896.43823,1691.5813,1031.2859,1636.2057,963.86206
87,16,car,318.9072,529.05206,479.73438,650.8631,399.3208,589.9576
87,69,car,644.729,290.9756,714.8786,346.97342,679.80383,318.9745
87,19,car,1341.8723,618.9033,1403.4471,704.45996,1372.6597,661.68164
87,70,car,532.8093,364.34073,634.3109,438.5408,583.5601,401.44077
87,106,car,543.9852,474.73654,641.91943,582.8866,592.95233,528.8116
87,3,car,358.77655,650.9222,558.9238,865.126,458.8502,758.02405
87,66,person,1078.5714,491.92978,1102.7258,548.3953,1090.6487,520.16254
87,25,car,1320.6042,562.5678,1376.5541,633.95056,1348.5791,598.25916
87,111,truck,674.85443,704.95624,768.54614,853.1933,721.7003,779.07477
87,18,car,672.792,412.6576,757.0227,491.3683,714.90735,452.01294
87,128,car,742.9343,217.38168,794.8485,258.33673,768.8914,237.8592
87,32,car,916.37726,514.90765,970.23627,590.82367,943.30676,552.86566
87,92,person,1645.7972,755.028,1678.051,825.09955,1661.9241,790.0638
87,262,person,1801.46,883.10284,1841.8342,977.15906,1821.6471,930.131
87,68,car,283.32315,1028.5334,350.09525,1080.0,316.7092,1054.2667
87,191,car,614.49915,291.9735,715.11383,345.71185,664.8065,318.84268
87,147,car,794.93646,245.66576,840.5963,281.8053,817.76636,263.73553
88,1,car,410.60345,937.0027,623.8127,1078.7947,517.20807,1007.8987
88,5,car,1407.6512,613.5831,1514.7877,733.78235,1461.2195,673.68274
88,8,car,0.0,836.728,256.43683,1080.0,128.21841,958.364
88,11,car,1582.3201,896.96747,1693.0057,1031.0294,1637.6628,963.9984
88,16,car,310.31696,531.7728,475.784,657.9533,393.05048,594.86304
88,69,car,643.55237,291.36514,714.4468,348.56647,678.9996,319.96582
88,19,car,1340.1814,616.4248,1404.4773,706.098,1372.3293,661.2614
88,70,car,532.7855,368.54276,631.55975,441.5723,582.1726,405.05753
88,106,car,541.34204,480.54788,639.7623,589.2825,590.5522,534.91516
88,3,car,352.5706,658.5144,552.9561,873.1923,452.76337,765.8534
88,66,person,1079.3549,492.36084,1103.2817,547.86255,1091.3184,520.1117
88,25,car,1320.9933,562.70795,1376.588,633.4318,1348.7906,598.0699
88,111,truck,672.8264,710.94855,767.49664,861.5364,720.1615,786.24243
88,18,car,669.0258,412.11102,756.0137,494.69687,712.5198,453.40393
88,128,car,744.6613,220.12804,793.7481,258.8811,769.2047,239.50458
88,32,car,910.9594,518.60095,974.0008,609.02356,942.4801,563.81226
88,92,person,1645.0798,754.6932,1677.5646,826.25726,1661.3223,790.4752
88,262,person,1803.588,885.5408,1842.7865,975.87933,1823.1873,930.7101
88,147,car,792.9875,245.92381,840.8589,284.0603,816.9232,264.99207
88,21,car,1324.9152,443.5726,1413.1862,562.7181,1369.0507,503.14532
88,12,motorcycle,1335.5422,780.74304,1386.5446,875.39136,1361.0435,828.0672
89,1,car,412.67276,948.3946,616.2662,1077.9185,514.4695,1013.1565
89,5,car,1407.7635,613.3232,1515.5538,734.2655,1461.6587,673.7943
89,8,car,0.0,847.7719,248.06444,1080.0,124.03222,963.886
89,11,car,1580.9663,895.0167,1696.4374,1034.0963,1638.7019,964.5565
89,16,car,304.26984,536.8802,466.5358,660.81323,385.40283,598.8467
89,69,car,644.29755,292.42413,713.9227,349.01752,679.1101,320.72083
89,70,car,534.2901,372.98557,629.2981,443.64172,581.79407,408.31366
89,106,car,539.55206,484.97537,637.37933,593.1614,588.4657,539.06836
89,3,car,346.31454,666.3405,547.47754,881.8774,446.89606,774.10895
89,66,person,1079.7708,492.155,1103.4808,546.75836,1091.6257,519.45667
89,25,car,1322.7401,563.17206,1378.2318,632.79126,1350.486,597.9817
89,111,car,670.824,718.65466,764.12555,867.6429,717.47473,793.1488
89,18,car,665.8182,413.61288,753.81647,498.402,709.8173,456.00745
89,128,car,742.9419,219.42873,793.52094,259.27908,768.23145,239.35391
89,32,car,909.4987,524.9015,974.6574,619.76306,942.07806,572.3323
89,92,person,1644.7164,754.5468,1677.0857,826.83325,1660.9011,790.69006
89,12,person,1341.0713,784.00275,1384.6595,863.8399,1362.8655,823.9213
89,53,truck,1564.9032,377.30695,1920.0,860.9044,1742.4517,619.1057
89,294,person,862.78296,399.84146,886.57043,453.23352,874.6767,426.53748
89,191,car,611.1375,294.3009,715.1327,350.08752,663.13513,322.1942
90,1,car,413.72025,959.29193,609.75714,1078.2407,511.7387,1018.76636
90,5,car,1409.332,613.1083,1516.9257,734.06085,1463.1289,673.5846
90,8,car,0.0,860.4136,236.69775,1080.0,118.34888,970.2068
90,11,car,1581.064,894.8731,1699.4355,1036.7888,1640.2498,965.83093
90,16,car,293.95694,538.3936,464.99896,670.6626,379.47797,604.5281
90,69,car,644.90704,293.6946,712.5677,349.44684,678.73737,321.57074
90,70,car,533.5303,377.81918,625.2038,446.08105,579.36707,411.95013
90,106,car,536.3334,488.4709,635.6855,598.623,586.0094,543.54694
90,3,car,340.86923,671.958,544.23627,890.7907,442.55273,781.3744
90,66,person,1079.4926,489.09665,1103.5746,543.9913,1091.5336,516.54395
90,25,car,1324.4274,564.8142,1379.343,632.2712,1351.8853,598.5427
90,111,truck,671.09375,726.88257,762.4153,872.3268,716.7545,799.6047
90,18,car,661.3072,417.6118,749.3793,502.98636,705.34326,460.29907
90,128,car,740.8939,219.6055,792.2177,259.85815,766.5558,239.73183
90,32,car,908.5136,529.25653,974.5876,626.3798,941.5506,577.8182
90,92,person,1645.2675,754.8211,1676.4828,824.7539,1660.8751,789.7875
90,12,person,1345.3477,790.37335,1389.218,870.0683,1367.2828,830.2208
90,53,truck,1565.1599,377.45667,1920.0,861.32794,1742.58,619.39233
90,294,person,861.76013,403.46005,886.2149,458.42654,873.98755,430.9433
90,147,car,789.67285,245.95154,838.87396,285.53665,814.27344,265.74408
91,5,car,1410.412,612.98035,1517.9308,734.3412,1464.1714,673.66077
91,8,car,0.0,869.97485,228.66518,1080.0,114.33259,974.9874
91,11,car,1581.8972,896.9103,1701.3215,1039.6084,1641.6094,968.25934
91,16,car,288.92572,542.37427,462.1294,678.15717,375.52756,610.26575
91,69,car,641.332,294.83774,710.57214,352.332,675.952,323.58487
91,70,car,530.55444,380.7278,622.68585,449.55023,576.6201,415.13904
91,106,car,531.361,491.4316,632.94714,604.29456,582.15405,547.8631
91,3,car,333.4091,679.4191,539.11194,901.1947,436.2605,790.3069
91,66,person,1078.7024,487.41925,1103.7981,544.07074,1091.2502,515.745
91,25,car,1324.6216,565.0154,1380.728,632.7117,1352.6748,598.8635
91,111,car,670.2244,732.8957,758.8772,873.3525,714.5508,803.1241
91,128,car,737.6823,219.57191,791.6241,261.66635,764.6532,240.61914
91,32,car,907.61395,533.5399,974.75665,633.1928,941.1853,583.36633
91,92,person,1645.473,755.31195,1675.2687,822.28723,1660.3708,788.79956
91,12,person,1347.8992,795.58777,1391.2799,873.95123,1369.5896,834.76953
91,53,truck,1565.8749,376.86328,1920.0,858.9266,1742.9375,617.8949
91,294,person,861.29724,405.90332,886.60724,462.75394,873.9523,434.3286
91,346,motorcycle,1354.7493,816.4255,1389.7517,910.2068,1372.2505,863.31616
91,19,car,1344.7059,624.133,1405.5918,709.4164,1375.1489,666.77466
92,5,car,1411.1755,613.15137,1518.3573,734.5026,1464.7664,673.827
92,8,car,1.0670727,881.6749,218.68396,1080.0,109.87552,980.83746
92,11,car,1582.9991,898.62726,1703.1388,1041.3594,1643.069,969.9933
92,16,car,283.603,547.0885,455.30594,682.8541,369.45447,614.9713
92,69,car,638.6396,297.66156,706.53046,354.1423,672.585,325.90192
92,70,car,527.88586,380.85037,622.1016,451.6553,574.9938,416.25284
92,106,car,527.4421,495.4002,629.03613,608.0737,578.23914,551.73694
92,3,car,323.95538,686.2921,533.65045,912.8859,428.80292,799.589
92,66,person,1078.9679,488.28036,1104.2982,545.0007,1091.633,516.6405
92,25,car,1323.6223,564.43805,1382.3402,634.3844,1352.9812,599.41125
92,111,car,668.86536,741.28973,755.9539,878.5135,712.40967,809.9016
92,128,car,737.7034,219.88965,791.76025,262.06552,764.7318,240.97758
92,32,truck,905.76685,537.3135,974.766,641.3306,940.2664,589.322
92,92,person,1645.5579,755.50885,1674.1403,819.4022,1659.8491,787.45557
92,12,person,1350.9999,801.4324,1394.6923,880.03906,1372.8461,840.7357
92,53,bus,1565.1029,376.4885,1920.0,857.8971,1742.5515,617.1928
92,346,motorcycle,1355.4271,814.61896,1392.2375,912.8617,1373.8323,863.74036
92,354,motorcycle,1346.0017,801.10516,1395.4941,889.0378,1370.7479,845.0715
92,19,car,1342.6038,620.1658,1406.4487,710.0235,1374.5262,665.0946
92,262,person,1804.9116,894.17255,1847.5828,993.7125,1826.2472,943.9425
92,1,car,418.46503,980.2651,592.5359,1078.5612,505.50046,1029.4131
92,18,car,656.80475,423.8115,745.427,510.6093,701.11584,467.2104
93,5,car,1412.3132,613.3119,1519.0416,734.406,1465.6775,673.85895
93,8,car,2.8245301,891.46686,209.74368,1080.0,106.2841,985.7334
93,11,car,1584.6305,900.0662,1703.0835,1039.5548,1643.8569,969.81055
93,16,car,278.377,553.37524,446.40454,686.80804,362.39078,620.0917
93,69,car,635.12885,299.69522,703.4404,356.35947,669.28467,328.02734
93,70,car,527.0962,383.2952,620.01917,453.42593,573.5577,418.36057
93,106,car,522.90674,498.5443,625.40204,612.43207,574.1544,555.48816
93,3,car,317.8665,694.3403,528.5101,922.3446,423.1883,808.3424
93,66,person,1079.2213,487.95483,1104.6946,544.6138,1091.958,516.2843
93,25,car,1323.6046,564.38684,1383.9778,635.33356,1353.7913,599.8602
93,111,truck,664.76166,749.3686,758.95215,897.81396,711.85693,823.5913
93,128,car,737.75616,220.10059,791.5898,262.222,764.673,241.16129
93,32,car,903.81323,543.60486,972.6337,648.6832,938.2235,596.14404
93,92,person,1645.1321,755.1097,1673.7507,818.46906,1659.4414,786.78937
93,12,person,1354.0177,806.0187,1396.569,882.7155,1375.2933,844.36707
93,53,truck,1565.4851,377.17163,1920.0,859.1878,1742.7426,618.1797
93,346,motorcycle,1358.6877,825.51886,1392.0067,913.23724,1375.3472,869.37805
93,354,motorcycle,1349.5984,804.68945,1398.0453,890.73553,1373.8218,847.7125
93,19,car,1341.6028,618.9648,1406.423,710.1722,1374.013,664.5685
93,262,person,1806.724,896.51526,1848.104,993.2661,1827.4141,944.8907
93,1,car,418.4109,992.5576,586.39996,1080.0,502.40543,1036.2788
93,18,car,655.6713,427.41013,742.59766,513.3502,699.1345,470.3802
93,21,truck,1328.437,443.83417,1416.4646,563.5577,1372.4508,503.69592
94,5,car,1412.2098,613.413,1518.8281,734.4123,1465.519,673.91266
94,8,car,2.9197774,903.5633,198.02634,1080.0,100.47306,991.7816
94,11,car,1583.2246,900.9751,1704.8855,1044.0703,1644.055,972.5227
94,16,car,270.87418,556.2883,440.72754,692.05835,355.80084,624.17334
94,69,car,632.7683,303.5518,700.98047,360.0754,666.8744,331.8136
94,70,car,525.073,387.06763,616.6364,456.16306,570.85474,421.61536
94,106,car,519.0555,504.84067,621.29016,617.838,570.17285,561.33936
94,3,car,310.05533,701.521,524.1523,933.6163,417.10382,817.5686
94,66,person,1079.717,488.0766,1105.0282,543.8859,1092.3726,515.98126
94,25,car,1323.5074,564.688,1385.2239,636.36615,1354.3657,600.5271
94,111,truck,659.30426,757.89984,758.2224,914.6929,708.7633,836.2964
94,128,car,735.10956,220.46916,790.88153,264.2214,762.99554,242.34528
94,32,car,902.4422,548.0057,971.3435,654.36316,936.8928,601.18445
94,12,person,1356.1133,810.33997,1400.335,890.47705,1378.2241,850.4085
94,53,truck,1565.61,377.17288,1920.0,859.62836,1742.8049,618.40063
94,346,motorcycle,1359.5881,826.7716,1396.6702,923.55646,1378.1292,875.16406
94,19,car,1342.6415,621.3814,1406.0813,710.654,1374.3613,666.0177
94,262,person,1807.7189,897.34015,1848.4277,993.0113,1828.0732,945.1757
94,1,car,421.85437,1005.4772,575.8604,1079.1625,498.8574,1042.3198
94,18,car,654.0803,430.98306,739.0578,514.91016,696.5691,472.9466
94,366,car,1355.2539,507.05783,1413.1323,564.55347,1384.1931,535.80566
95,5,car,1412.3584,613.33997,1518.8495,734.10406,1465.604,673.72205
95,8,car,3.738167,914.3057,188.1865,1080.0,95.96233,997.15283
95,11,car,1583.1394,902.1262,1705.5397,1045.8293,1644.3396,973.9778
95,16,car,267.9324,560.20123,436.58722,695.7005,352.25983,627.95087
95,69,car,632.10547,304.88135,700.95074,362.24268,666.5281,333.562
95,70,car,521.8884,390.6906,612.7538,459.1958,567.3211,424.9432
95,106,car,514.6528,507.9933,619.3032,623.44037,566.978,565.7168
95,3,car,302.56958,711.10486,517.92426,944.4283,410.24692,827.7666
95,66,person,1079.3,486.0299,1104.9359,542.4985,1092.1179,514.26416
95,25,car,1323.4407,564.59076,1386.7703,637.5033,1355.1055,601.047
95,111,truck,659.9301,766.4414,755.4251,917.2645,707.6776,841.85297
95,32,car,902.462,558.4653,969.6681,662.9416,936.06506,610.7034
95,12,person,1358.2826,816.9349,1403.1376,898.00146,1380.7101,857.46814
95,53,bus,1566.3738,377.33585,1919.4597,857.00977,1742.9167,617.1728
95,19,car,1346.2667,628.4635,1405.4757,711.0438,1375.8712,669.75366
95,262,person,1809.0021,897.7065,1849.1476,992.63306,1829.0748,945.1698
95,1,car,421.82544,1015.1875,567.4906,1079.0082,494.65802,1047.0979
95,18,car,652.0985,434.5335,736.2394,517.4661,694.16895,475.99982
95,366,car,1355.2771,507.77023,1412.8073,564.8921,1384.0422,536.3312
95,371,person,835.86084,664.20856,885.0349,779.03784,860.4479,721.62317
95,92,person,1644.8279,752.5656,1671.862,811.9015,1658.345,782.2335
96,5,car,1411.782,613.35895,1518.2434,733.9104,1465.0127,673.63464
96,8,car,4.7095437,925.8563,177.50943,1080.0,91.10949,1002.92816
96,11,car,1581.9797,903.7905,1708.2318,1052.262,1645.1057,978.02625
96,16,car,260.04636,563.6662,430.93948,701.7644,345.49292,632.71533
96,69,car,631.2376,307.40927,698.6077,363.57812,664.92267,335.4937
96,70,car,517.853,393.3433,609.4405,462.39038,563.6467,427.86682
96,106,car,509.99426,510.53906,617.2078,628.7712,563.6011,569.65515
96,3,car,294.34094,720.34436,513.3948,958.257,403.86786,839.30066
96,66,person,1079.6389,484.6607,1105.1575,540.9927,1092.3982,512.82666
96,25,car,1323.5083,564.5293,1387.1173,637.18854,1355.3127,600.8589
96,111,car,656.46875,773.66254,754.7991,929.31775,705.6339,851.4901
96,32,car,900.0632,564.01843,969.021,671.8941,934.5421,617.9563
96,12,person,1358.4601,821.2615,1407.831,910.6302,1383.1455,865.9458
96,262,person,1808.8744,896.87805,1848.9707,991.2423,1828.9226,944.0602
96,1,car,429.06107,1027.8956,555.3783,1076.8477,492.21967,1052.3716
96,18,car,647.0896,439.2136,732.0247,522.2765,689.5571,480.74506
96,366,car,1355.0676,508.13147,1412.4498,565.04724,1383.7588,536.58936
96,371,person,838.7269,672.9356,882.60974,775.35626,860.66833,724.14594
96,92,person,1644.9342,751.49023,1671.2284,808.1103,1658.0813,779.8003
96,128,car,732.17175,221.13829,789.41473,265.88153,760.7932,243.50992
97,5,car,1412.6085,613.5055,1518.5146,733.2343,1465.5615,673.3699
97,8,car,6.2740774,936.29486,168.7981,1080.0,87.53609,1008.14746
97,11,car,1582.9274,905.02356,1709.7474,1054.4342,1646.3374,979.7289
97,16,car,254.38446,568.8601,427.72818,709.74884,341.05634,639.30444
97,69,car,626.084,308.02185,695.44324,365.58167,660.7636,336.80176
97,70,car,514.97864,396.30222,606.946,465.72,560.9623,431.0111
97,106,car,504.74664,513.8929,614.2348,634.42065,559.4907,574.15674
97,3,car,284.57806,727.39825,507.37656,969.74927,395.9773,848.5737
97,66,person,1080.0386,483.79047,1104.9694,538.78485,1092.5039,511.28766
97,25,car,1323.8171,564.68854,1387.7692,637.18976,1355.7932,600.93915
97,111,car,654.8738,783.228,750.6226,934.46533,702.74817,858.8467
97,32,car,900.37427,567.4304,968.876,674.97,934.6251,621.2002
97,12,person,1362.4335,828.71783,1409.6863,913.20685,1386.0598,870.96234
97,18,car,643.26105,442.9678,729.6766,526.7537,686.4688,484.86078
97,366,car,1355.03,507.78476,1412.7892,565.02277,1383.9097,536.40375
97,92,person,1643.7595,749.4754,1671.3042,808.1922,1657.5319,778.8338
97,376,truck,656.0579,781.7959,749.7483,932.4343,702.9031,857.1151
97,128,car,728.49426,222.00662,788.58905,268.7748,758.5416,245.39072
97,21,truck,1328.031,443.63885,1416.1351,564.3438,1372.083,503.99133
97,346,motorcycle,1368.4465,834.3711,1404.3387,926.0063,1386.3926,880.1887
97,19,car,1349.2234,634.43823,1405.6654,711.9659,1377.4443,673.202
98,5,car,1413.276,613.5204,1519.1405,733.1788,1466.2083,673.3496
98,8,car,7.8233237,948.94183,156.59059,1080.0,82.206955,1014.47095
98,11,car,1584.833,906.2205,1710.699,1054.0574,1647.766,980.1389
98,16,car,248.95549,574.3171,421.72098,715.21594,335.33823,644.7665
98,69,car,623.1763,309.53293,693.8931,368.4185,658.53467,338.9757
98,70,car,511.87598,398.55316,604.1829,468.24866,558.0294,433.4009
98,106,car,500.65918,518.15546,611.48083,639.95374,556.07,579.05457
98,3,car,274.1344,732.8258,502.24606,981.5958,388.19025,857.2108
98,66,person,1080.1051,483.46844,1105.0406,538.379,1092.5729,510.92374
98,25,car,1323.42,565.14307,1387.2874,637.3372,1355.3538,601.2401
98,111,truck,650.5897,791.77277,749.17114,947.63745,699.88043,869.7051
98,32,car,899.06177,573.68396,968.1407,682.418,933.6012,628.051
98,12,person,1366.6259,834.75684,1413.2197,916.96893,1389.9229,875.8629
98,18,car,638.27246,442.26428,730.2839,531.1847,684.2782,486.7245
98,92,person,1643.6956,747.77826,1671.0511,805.65924,1657.3733,776.71875
98,376,car,652.2654,789.16675,749.2318,945.04486,700.7486,867.10583
98,128,car,731.32666,226.62334,787.2835,270.16226,759.30505,248.39279
98,262,person,1810.6736,896.3777,1850.9678,990.11816,1830.8207,943.2479
98,371,person,838.89734,690.6888,882.2505,791.7724,860.5739,741.2306
99,5,car,1413.9169,613.7105,1519.5812,733.17096,1466.749,673.44073
99,8,car,7.8130116,961.2297,144.78328,1080.0,76.29815,1020.61487
99,11,car,1584.6615,906.0521,1711.9148,1055.1519,1648.2881,980.602
99,16,car,241.97348,577.6984,418.87424,723.4187,330.42386,650.5586
99,69,car,619.7614,310.8291,692.22174,371.24692,655.9916,341.03802
99,70,car,507.1896,400.22424,602.0255,472.0354,554.60754,436.12982
99,106,car,495.7654,523.48175,607.56757,646.0255,551.6665,584.75366
99,3,car,264.15598,738.3043,497.99057,994.3875,381.07327,866.34595
99,66,person,1079.7051,483.04343,1105.0629,538.6354,1092.384,510.83942
99,25,car,1322.8307,565.1759,1387.2338,637.8656,1355.0322,601.52075
99,111,car,647.27075,799.4528,747.0382,957.62897,697.1545,878.5409
99,32,car,899.33496,578.15137,967.5124,686.0225,933.4237,632.0869
99,12,person,1370.592,839.63666,1416.9281,920.147,1393.76,879.89185
99,18,car,635.3297,444.44647,729.0765,534.67065,682.2031,489.55856
99,376,truck,647.15234,798.0096,746.5963,957.91656,696.8743,877.9631
99,128,car,731.54126,229.65913,784.5576,270.45477,758.04944,250.05695
99,262,person,1811.577,895.57355,1853.1864,992.0732,1832.3817,943.82336
99,371,person,839.75977,702.36115,878.3674,791.14734,859.0636,746.7543
99,181,car,762.4525,346.59436,815.75726,416.1147,789.10486,381.35452
100,5,car,1413.3845,613.23083,1519.5837,733.2643,1466.4841,673.24756
100,8,car,8.473213,974.2567,131.91524,1080.0,70.19423,1027.1284
100,11,car,1584.4979,906.04,1711.9305,1055.2688,1648.2142,980.6544
100,16,car,232.0344,580.49414,413.15176,730.5315,322.59308,655.5128
100,69,car,618.83655,312.22336,691.0183,372.4071,654.9274,342.31525
100,70,car,504.31274,402.28693,599.1065,474.2973,551.7096,438.2921
100,106,car,490.21725,527.6946,604.3918,652.9813,547.3045,590.33795
100,3,car,255.97238,746.6356,493.28738,1007.50757,374.62988,877.0716
100,66,person,1079.5403,483.09494,1104.8867,538.4253,1092.2135,510.76013
100,25,car,1321.2368,565.47876,1386.7666,639.7882,1354.0017,602.6335
100,111,truck,643.8395,807.53076,744.50824,966.759,694.1738,887.1449
100,32,car,898.97864,585.9905,967.00476,693.9203,932.9917,639.9554
100,12,person,1370.9392,843.21234,1418.6573,925.2484,1394.7983,884.23035
100,18,car,632.66125,445.9813,728.1697,537.6067,680.41547,491.794
100,128,car,730.55206,230.53098,784.53296,272.0183,757.5425,251.27464
100,262,person,1812.88,896.8272,1855.0476,994.89374,1833.9639,945.8605
100,391,person,731.8141,951.3971,784.97186,1075.2006,758.39294,1013.2988
100,394,car,1286.6526,491.813,1339.8652,563.9952,1313.2589,527.90405
100,181,car,762.0271,349.9966,813.69934,417.9813,787.8632,383.98895
100,191,car,589.8593,313.8613,695.3512,371.31537,642.6052,342.58832
100,147,car,777.01587,256.49905,830.8248,300.58136,803.92035,278.54022
100,19,motorcycle,1355.1115,634.87177,1411.3344,713.2764,1383.2229,674.0741
101,5,car,1413.5184,613.3676,1519.4882,733.0946,1466.5033,673.2311
101,8,car,11.128505,987.308,119.22811,1077.7395,65.17831,1032.5237
101,11,car,1584.8627,906.2341,1712.3191,1055.5759,1648.5908,980.905
101,16,car,225.71002,585.31744,407.62573,736.4806,316.66788,660.89905
101,69,car,615.9837,313.98773,687.7059,373.2891,651.8448,343.63843
101,70,car,500.25232,405.02484,596.36176,478.1479,548.307,441.58636
101,106,car,484.59543,531.1281,600.38324,658.62036,542.4893,594.87427
101,3,car,247.3478,757.3381,486.33636,1020.4694,366.84207,888.90375
101,66,person,1079.5863,483.4419,1104.8253,538.30145,1092.2058,510.87167
101,25,car,1320.8334,565.80536,1386.633,640.7749,1353.7332,603.29016
101,111,truck,641.1641,817.1309,742.06146,975.6989,691.6128,896.4149
101,32,car,896.6344,591.5915,967.8776,705.40533,932.256,648.4984
101,12,person,1374.6141,850.81903,1422.1978,932.09174,1398.406,891.4554
101,18,car,631.5748,448.82837,726.8648,540.1121,679.21985,494.47025
101,128,car,729.6586,230.36484,785.46594,273.27612,757.56226,251.82048
101,262,person,1813.9978,901.4718,1855.4316,998.26587,1834.7147,949.86884
101,391,person,732.722,966.6008,781.3719,1079.0417,757.04694,1022.8213
101,394,car,1287.45,492.59354,1339.9503,563.81726,1313.7002,528.2054
101,181,car,760.51764,351.60645,812.596,420.53726,786.5568,386.07184
101,398,motorcycle,264.33527,712.5101,342.86243,819.0135,303.59885,765.7618
101,147,car,775.42944,257.03296,828.7811,301.33957,802.1053,279.18628
101,371,person,839.5966,719.6115,875.5488,800.712,857.57275,760.16174
102,5,car,1414.4661,614.02966,1519.5477,732.853,1467.0068,673.44135
102,8,car,11.655478,1001.4731,105.406166,1077.8044,58.530823,1039.6388
102,11,car,1585.4282,906.6639,1712.3324,1055.3768,1648.8804,981.0204
102,16,car,219.31941,589.7392,405.15796,745.06506,312.23868,667.4021
102,69,car,612.57336,316.04953,685.2685,375.43332,648.9209,345.74142
102,70,car,495.0506,406.16336,594.2113,481.79007,544.631,443.9767
102,106,car,479.89606,534.74927,596.8347,663.7963,538.36536,599.2728
102,3,car,237.90256,766.5656,479.68713,1033.0457,358.79486,899.80566
102,66,person,1079.7706,483.62985,1104.8392,538.0466,1092.3049,510.8382
102,25,car,1321.0916,566.05176,1386.4664,640.69714,1353.779,603.37445
102,111,truck,637.65393,826.9105,741.0367,989.5661,689.34534,908.2383
102,32,car,895.92993,596.2978,967.1823,710.6854,931.55615,653.4916
102,12,person,1377.4365,855.78864,1423.6423,934.1237,1400.5394,894.9562
102,18,car,630.7525,451.70737,727.376,544.73016,679.0642,498.21875
102,128,car,728.4076,232.1214,784.0458,275.167,756.2267,253.6442
102,262,person,1814.0165,903.8766,1856.6239,1004.1188,1835.3202,953.9977
102,391,person,737.1735,981.6379,769.8489,1055.4294,753.5112,1018.5337
102,394,car,1287.8851,493.1794,1339.598,563.33624,1313.7416,528.2578
102,181,car,761.05927,353.0829,813.1677,422.9132,787.1135,387.99805
102,147,car,769.7403,257.52933,827.5183,305.60907,798.6293,281.5692
102,371,person,839.6611,728.9963,872.5216,801.1462,856.0913,765.0712
103,5,car,1415.7076,614.62787,1519.8362,732.67316,1467.772,673.6505
103,8,car,12.961143,1015.5278,92.636696,1078.1311,52.79892,1046.8295
103,11,car,1585.42,906.79047,1711.7435,1054.6182,1648.5818,980.70435
103,16,car,214.91415,594.8917,396.65845,746.56476,305.78632,670.7283
103,69,car,610.7144,317.526,684.8421,377.73315,647.77826,347.62958
103,70,car,490.93552,408.97675,592.13916,486.61264,541.53735,447.79468
103,106,car,476.61444,541.4025,592.55286,668.9303,534.5836,605.1664
103,3,car,225.16554,776.598,471.78214,1048.4318,348.47385,912.5149
103,66,person,1079.8578,483.50894,1104.9937,538.16266,1092.4258,510.83582
103,25,car,1321.2614,565.92786,1386.4358,640.5324,1353.8486,603.2301
103,111,truck,634.31433,833.79626,739.81323,1000.146,687.0638,916.9711
103,32,car,894.6247,601.26044,967.46136,719.50635,931.043,660.3834
103,12,person,1380.3356,862.8849,1426.5654,940.8528,1403.4504,901.86884
103,18,car,628.4281,454.67255,726.3066,549.4805,677.3673,502.07654
103,128,car,727.31464,232.89943,783.94415,277.26602,755.6294,255.08273
103,262,person,1813.4927,907.3161,1856.228,1008.3984,1834.8604,957.85724
103,394,car,1287.5775,492.89365,1339.1873,562.97186,1313.3823,527.93274
103,371,person,837.1404,739.63226,871.3669,813.54236,854.25366,776.5873
103,413,car,1421.8063,644.078,1517.3643,734.4268,1469.5852,689.25244
103,415,person,723.3284,994.47723,775.8883,1069.0613,749.6084,1031.7693
103,417,car,846.5518,287.25992,895.9505,332.14655,871.25116,309.70325
103,53,truck,1570.7749,382.10104,1920.0,858.04205,1745.3875,620.07153
104,5,car,1417.6917,615.5891,1520.1102,732.15546,1468.9009,673.8723
104,11,car,1584.3121,906.1614,1712.6959,1056.5717,1648.504,981.3665
104,16,car,208.49162,600.3506,391.5649,753.7058,300.02826,677.0282
104,69,car,609.9408,321.24512,683.6424,380.89758,646.7916,351.07135
104,70,car,489.35956,414.43323,587.8521,489.72034,538.60583,452.07678
104,106,car,471.65848,544.1102,591.2355,675.5485,531.44696,609.82935
104,3,car,216.81566,786.8635,466.5946,1062.7196,341.70514,924.79156
104,66,person,1080.0465,484.8466,1104.492,537.9136,1092.2693,511.38007
104,25,car,1321.1414,565.27515,1387.1931,641.18896,1354.1672,603.23206
104,111,car,631.23846,843.0618,739.2364,1013.7277,685.2374,928.3948
104,32,car,894.11743,609.28015,967.7346,729.69965,930.926,669.48987
104,12,person,1381.6156,867.266,1432.0148,952.36163,1406.8152,909.81384
104,18,car,626.3732,458.7119,723.7639,553.36414,675.0686,506.03802
104,128,car,726.325,231.1929,784.46796,277.39948,755.3965,254.29619
104,262,person,1813.7382,912.1179,1855.5975,1011.66174,1834.6678,961.88983
104,371,person,836.16766,748.1833,871.5245,822.4343,853.84607,785.30884
104,413,car,1424.2283,646.18616,1517.1703,734.05365,1470.6992,690.1199
104,415,person,721.38904,1007.2062,771.3688,1077.674,746.3789,1042.4401
104,421,person,843.959,450.62146,872.8423,513.7497,858.40063,482.18558
104,19,car,1349.0399,632.3794,1409.1483,714.26556,1379.0941,673.3225
104,181,car,757.5467,355.60373,810.81494,427.6874,784.1808,391.64557
104,147,car,768.42523,266.42706,823.7208,311.89804,796.073,289.16254
105,5,car,1420.7616,618.1103,1520.5416,732.1735,1470.6516,675.1419
105,11,car,1584.0067,906.49066,1713.363,1058.235,1648.6848,982.3628
105,16,car,200.76318,604.40094,387.46045,761.6327,294.11182,683.01685
105,69,car,607.52136,324.37363,681.3648,383.7272,644.4431,354.0504
105,70,car,486.24268,418.03012,583.10455,492.21863,534.6736,455.1244
105,106,car,465.46637,545.7883,588.32776,681.2582,526.8971,613.52325
105,3,car,207.31783,795.0348,460.92886,1075.4249,334.12335,935.22986
105,66,person,1080.4166,485.22293,1104.6903,537.70575,1092.5535,511.46436
105,25,car,1320.6688,564.9043,1387.3416,642.07623,1354.0051,603.49023
105,111,truck,627.59766,853.12225,735.9649,1024.5144,681.78125,938.81836
105,32,car,892.833,615.77203,966.8347,737.78577,929.83386,676.77893
105,12,person,1384.6804,874.0702,1434.3967,957.7478,1409.5386,915.909
105,18,car,623.7366,462.3653,721.65814,558.0588,672.6974,510.21204
105,128,car,725.7263,232.82253,783.14136,278.84387,754.43384,255.83319
105,262,person,1812.8472,913.4699,1855.547,1015.36615,1834.197,964.418
105,413,car,1427.0768,649.0233,1517.0669,734.0876,1472.0718,691.5554
105,415,person,722.35614,1021.14764,764.98883,1080.0,743.6725,1050.5739
105,181,car,757.4086,360.6264,808.5976,430.0994,783.0031,395.3629
105,147,car,768.6586,263.65717,826.0591,311.14594,797.3589,287.40155
106,5,car,1421.19,618.27435,1520.5657,732.3371,1470.8778,675.3057
106,11,car,1584.1759,907.4757,1713.7174,1059.2365,1648.9467,983.3561
106,16,car,194.71077,609.6334,381.43918,767.3266,288.07498,688.48
106,69,car,606.8903,326.42355,680.47314,385.7823,643.68176,356.1029
106,70,car,481.65057,421.16714,580.5173,497.09988,531.0839,459.1335
106,106,car,459.53104,551.88,583.14996,688.7145,521.3405,620.29724
106,3,car,201.95679,806.7181,452.16534,1080.0,327.06107,943.359
106,66,person,1080.3708,484.90308,1104.7963,537.5742,1092.5835,511.23865
106,25,car,1320.4777,565.06946,1387.5233,643.2292,1354.0005,604.1493
106,111,truck,624.1689,863.6056,733.6083,1037.0723,678.88855,950.3389
106,32,car,890.9741,622.1882,965.74054,746.2866,928.3573,684.2374
106,12,person,1386.8997,878.4617,1438.632,965.09106,1412.7659,921.77637
106,18,car,620.3375,465.19046,719.2137,562.1965,669.77563,513.6935
106,128,car,725.7155,234.09604,781.81995,279.39703,753.7677,256.74652
106,262,person,1813.6271,915.7553,1856.5223,1018.14246,1835.0747,966.94885
106,413,car,1426.8839,648.8957,1517.102,734.1661,1471.9929,691.5309
106,415,person,720.3777,1040.817,749.599,1080.0,734.98834,1060.4084
106,181,car,757.63257,364.48636,808.6901,433.44067,783.1614,398.9635
106,147,car,768.0671,263.06534,824.8139,310.93768,796.4405,287.00153
106,435,motorcycle,188.80057,767.1234,263.52454,871.2696,226.16255,819.19653
106,438,car,821.97437,300.8964,895.5681,341.7651,858.77124,321.33075
106,417,car,843.8685,296.17484,892.21686,340.0522,868.0427,318.11353
106,421,person,840.2636,456.98486,872.79443,528.18286,856.52905,492.58386
107,5,car,1422.2113,619.6857,1520.1843,732.3467,1471.1978,676.01624
107,11,car,1583.8002,908.62866,1713.728,1060.4255,1648.7642,984.5271
107,16,car,185.57326,613.8373,376.83298,775.96716,281.20312,694.9022
107,69,car,604.7691,327.2856,679.27795,387.82394,642.02356,357.55478
107,70,car,477.66272,423.26443,577.8198,499.9727,527.7413,461.61856
107,106,car,453.64163,557.63916,577.775,695.3819,515.7083,626.5105
107,3,car,195.58951,814.6825,441.85013,1080.0,318.71982,947.34125
107,66,person,1080.4802,484.45703,1105.0542,537.46094,1092.7672,510.95898
107,25,car,1320.2686,565.2332,1387.6422,644.31726,1353.9553,604.77527
107,111,car,620.4199,874.4505,730.907,1049.2806,675.66345,961.8656
107,32,car,890.6877,629.5475,963.7729,750.9112,927.2303,690.2294
107,12,person,1391.6273,885.5751,1441.4606,968.6784,1416.544,927.1267
107,18,car,618.4102,467.9465,717.05554,564.9111,667.7329,516.4288
107,262,person,1814.0298,919.4723,1856.7272,1020.3422,1835.3784,969.9072
107,413,car,1427.1313,649.2763,1516.8943,734.0548,1472.0128,691.6655
107,181,car,758.4372,370.1022,807.58185,435.4962,783.0095,402.7992
107,147,car,768.734,268.02548,820.2814,311.34308,794.5077,289.68427
107,435,motorcycle,162.92693,775.25476,252.79825,900.4722,207.86258,837.8635
107,438,car,821.98883,306.08856,888.8807,343.19006,855.43475,324.6393
107,443,truck,454.30157,555.3676,579.72076,695.375,517.01117,625.37134
107,421,person,838.7358,459.2406,871.804,531.7266,855.2699,495.4836
107,21,truck,1329.4819,442.49976,1415.5664,561.5298,1372.5242,502.01477
107,53,truck,1568.7125,381.72052,1920.0,864.42035,1744.3562,623.07043
107,371,person,829.746,783.3082,869.8273,866.8734,849.7866,825.0908
108,5,car,1421.8398,618.83356,1520.3353,732.37866,1471.0876,675.6061
108,11,car,1583.8011,909.8545,1713.4371,1060.7172,1648.6191,985.2858
108,16,car,178.21742,618.6596,370.50775,782.22363,274.36258,700.44165
108,69,car,601.2774,328.34827,675.9273,389.08636,638.60236,358.71732
108,70,car,472.77756,425.46408,574.4382,503.19778,523.60785,464.33093
108,106,car,449.26514,562.648,574.43256,701.50586,511.84885,632.0769
108,3,car,189.66936,824.7044,429.57483,1080.0,309.6221,952.3522
108,66,person,1080.1018,483.42004,1105.0317,537.45245,1092.5668,510.43625
108,25,car,1320.0823,565.3827,1387.8119,645.4659,1353.947,605.4243
108,111,car,616.7696,884.5218,729.5767,1062.9214,673.17316,973.72156
108,32,car,888.4606,636.30286,963.1838,761.14667,925.82214,698.72473
108,12,person,1394.1677,890.9031,1445.4211,976.3761,1419.7944,933.6396
108,18,car,615.5197,470.3855,715.36743,568.71436,665.4436,519.5499
108,262,person,1814.9883,920.20575,1857.566,1020.08746,1836.2771,970.1466
108,413,car,1427.2882,649.443,1516.9597,734.07086,1472.124,691.75696
108,181,car,758.15405,374.97903,805.9793,437.39148,782.06665,406.18524
108,147,car,767.0147,269.7167,819.20294,313.37936,793.1088,291.54803
108,435,motorcycle,139.97438,784.0827,238.85371,922.06177,189.41405,853.07227
108,438,car,821.4268,307.8396,887.6512,344.5241,854.539,326.18185
108,443,truck,450.81274,560.6105,576.10333,700.48004,513.458,630.5453
108,421,person,837.8387,466.468,869.9534,536.97095,853.89606,501.71948
108,453,person,823.09045,794.2558,873.8533,917.73694,848.47186,855.99634
108,21,truck,1329.8752,442.18625,1415.6366,561.5632,1372.7559,501.8747
108,53,truck,1568.6711,382.84766,1920.0,865.6445,1744.3356,624.2461
108,371,person,831.8292,794.5685,868.6594,869.59906,850.2443,832.08374
108,366,car,1356.2621,504.45554,1413.9698,561.9664,1385.116,533.21094
108,128,car,720.2767,233.35632,782.8427,284.57587,751.5597,258.9661
109,5,car,1416.6621,613.26434,1520.0052,732.6751,1468.3337,672.9697
109,11,car,1584.5577,910.74615,1713.7246,1060.4136,1649.1411,985.57983
109,16,car,169.16356,622.8926,365.42102,790.3912,267.2923,706.64185
109,69,car,600.1505,329.65726,673.5784,389.31833,636.8645,359.4878
109,70,car,468.90332,427.64453,571.7336,506.30695,520.3185,466.97574
109,106,car,444.25867,567.7687,570.3779,707.7765,507.3183,637.7726
109,3,car,186.50981,835.4154,420.36105,1080.0,303.43542,957.7077
109,66,person,1080.052,482.82013,1104.857,536.9977,1092.4546,509.9089
109,25,car,1320.0248,565.202,1388.6581,646.8818,1354.3414,606.0419
109,111,car,615.4935,894.5709,725.4178,1067.0691,670.4557,980.82
109,32,car,888.8763,642.51794,962.4187,765.33545,925.64746,703.9267
109,12,person,1397.2006,898.0734,1447.0194,980.82605,1422.11,939.4497
109,18,car,611.9892,472.3246,713.1154,571.94904,662.5523,522.13684
109,262,person,1815.5967,921.51,1857.999,1019.58307,1836.7979,970.5465
109,413,car,1427.2241,650.07715,1516.3042,733.9452,1471.7642,692.01117
109,181,car,758.11487,377.91672,805.8002,438.98773,781.9575,408.4522
109,147,car,766.91254,269.6903,819.48035,313.93494,793.1964,291.81262
109,435,motorcycle,125.17648,814.4766,216.90714,941.38715,171.04181,877.9319
109,438,car,814.14636,305.88293,894.5512,350.62543,854.34875,328.25418
109,421,person,836.6558,471.8662,867.829,540.0087,852.24243,505.93747
109,21,truck,1330.0435,442.02237,1415.2445,561.0647,1372.644,501.54352
109,53,truck,1569.0176,383.1291,1920.0,866.57104,1744.5088,624.8501
109,371,person,829.8145,805.2508,868.67084,884.3144,849.2427,844.7826
109,366,car,1355.1686,500.80698,1415.1774,560.88965,1385.173,530.8483
109,128,car,720.31195,236.22481,779.2444,284.37952,749.7782,260.30215
109,191,car,570.9305,331.4705,677.51263,391.01068,624.22156,361.2406
110,5,car,1419.1644,615.9773,1519.7211,732.1976,1469.4427,674.0874
110,11,car,1585.4883,910.6758,1714.6039,1060.0123,1650.0461,985.34406
110,16,car,161.07167,628.604,359.70975,798.40643,260.39072,713.50525
110,69,car,599.0771,330.90182,672.5858,390.83188,635.8314,360.86685
110,70,car,465.6918,431.44122,570.09393,511.4341,517.8929,471.43768
110,106,car,438.02502,570.38354,567.94434,714.98706,502.98468,642.6853
110,3,car,186.35666,846.6999,412.68808,1080.0,299.52237,963.35
110,66,person,1080.2491,482.42993,1104.5348,535.6293,1092.392,509.0296
110,25,car,1320.185,564.9945,1389.0221,647.40656,1354.6035,606.20056
110,111,car,610.7213,905.1426,720.9731,1077.1283,665.84717,991.13544
110,32,car,885.66095,651.1651,963.2826,781.16833,924.4718,716.16675
110,12,person,1399.123,903.0803,1450.0332,987.4877,1424.5781,945.284
110,18,car,608.7749,474.0009,713.63385,577.9176,661.20435,525.9592
110,413,car,1425.9031,649.0984,1515.9996,733.6717,1470.9514,691.385
110,181,car,757.6349,379.17395,805.97516,440.14233,781.80505,409.65814
110,147,car,762.64496,267.49286,820.0752,316.40073,791.3601,291.94678
110,53,truck,1568.9174,381.30505,1920.0,867.734,1744.4587,624.51953
110,366,car,1355.0608,499.9309,1415.6296,560.77124,1385.3452,530.3511
110,191,car,569.69354,332.05807,676.4027,393.2024,623.0481,362.63025
110,417,car,836.86237,307.77542,883.7307,349.26984,860.2965,328.52264
110,453,person,819.62573,815.62225,872.3639,943.5962,845.9948,879.60925
111,5,car,1414.6528,611.46375,1519.179,732.3071,1466.9159,671.88544
111,11,car,1585.1667,911.10364,1716.2872,1062.8318,1650.727,986.9677
111,16,car,154.5515,634.62024,354.27536,805.6809,254.41342,720.1506
111,69,car,597.3074,332.9407,671.7061,393.82266,634.5067,363.38168
111,70,car,462.28735,434.92978,567.07837,515.2524,514.68286,475.09106
111,106,truck,431.94357,576.185,564.28784,723.93774,498.11572,650.0614
111,3,car,181.85492,858.49426,400.9923,1080.0,291.4236,969.24713
111,25,car,1320.483,564.9098,1389.4958,647.9303,1354.9895,606.42004
111,111,car,610.2581,915.66223,716.0446,1077.8551,663.15137,996.75867
111,32,car,885.3082,658.85645,963.31433,790.03253,924.3113,724.44446
111,18,car,606.0514,477.3357,712.0862,582.77924,659.0688,530.0575
111,413,car,1424.2618,646.905,1516.7162,733.54126,1470.489,690.22314
111,181,car,755.5783,381.84103,803.3716,441.88538,779.475,411.86322
111,147,car,761.9757,275.5577,813.0772,317.35803,787.5265,296.4579
111,53,truck,1568.4608,380.4401,1920.0,867.5889,1744.2305,624.0145
111,191,car,565.76324,332.258,676.06274,397.12457,620.91296,364.69128
111,417,car,835.06726,306.9997,885.7216,351.7385,860.3944,329.36908
111,262,person,1814.978,923.1033,1857.7249,1020.2321,1836.3514,971.6677
111,435,motorcycle,83.4288,863.8564,167.57126,978.8465,125.50003,921.35144
111,371,person,830.572,830.047,870.6458,911.8097,850.6089,870.92834
111,128,car,716.937,236.58769,777.2293,286.09988,747.0831,261.34378
112,5,car,1416.1921,613.3927,1518.8461,731.79645,1467.519,672.5946
112,11,car,1585.4373,911.2101,1717.3218,1063.8951,1651.3795,987.5526
112,16,car,144.28943,640.26715,347.371,814.45844,245.83022,727.3628
112,69,car,594.1727,333.99878,669.69226,396.28986,631.9325,365.14432
112,70,car,458.22803,437.69693,562.90753,517.8325,510.56778,477.7647
112,106,car,426.27036,582.8406,558.41003,730.6389,492.3402,656.73975
112,3,car,177.9148,868.3878,391.53683,1080.0,284.72583,974.1939
112,25,car,1321.0269,565.8524,1388.9601,647.8375,1354.9934,606.845
112,111,car,610.56915,928.7679,711.55084,1079.7197,661.06,1004.2438
112,32,car,884.1938,666.9741,960.2713,794.85,922.23254,730.91205
112,18,car,603.1195,481.7152,708.233,586.14087,655.6763,533.92804
112,413,car,1425.8656,649.72614,1515.3608,732.9676,1470.6133,691.34686
112,147,car,759.2346,277.62222,812.31836,319.98477,785.7765,298.8035
112,53,truck,1567.4299,382.2019,1920.0,869.2462,1743.715,625.72406
112,191,car,563.8884,332.6232,675.1489,400.32776,619.5187,366.47546
112,417,car,835.5114,309.74683,885.14996,353.75482,860.3307,331.75082
112,480,person,1676.2356,787.0116,1710.8208,855.6308,1693.5282,821.32117
112,262,person,1817.2133,924.0256,1859.8237,1019.74054,1838.5186,971.88306
112,435,motorcycle,60.936153,886.7478,142.53017,996.5263,101.73316,941.6371
112,371,person,830.07104,843.6793,871.4164,927.9376,850.7437,885.8085
112,128,car,717.08386,240.68225,773.1411,286.436,745.1125,263.55914
112,19,car,1346.8586,624.0684,1414.972,716.3878,1380.9153,670.22815
112,12,person,1403.9354,914.5784,1458.4773,1005.1314,1431.2063,959.8549
112,366,car,1354.3853,498.91785,1415.3063,560.3617,1384.8457,529.6398
113,5,car,1415.9215,613.3432,1518.5599,731.37115,1467.2407,672.3572
113,11,car,1585.9045,910.9419,1719.0048,1065.1154,1652.4546,988.0286
113,16,car,134.48833,645.5853,339.81506,821.8688,237.1517,733.72705
113,69,car,587.60156,336.89713,664.42255,399.7648,626.0121,368.33096
113,70,car,454.3834,441.8031,558.6577,521.5902,506.52057,481.69666
113,106,car,421.39032,591.464,552.9196,738.3413,487.15497,664.90265
113,3,car,171.5256,878.5486,380.26782,1080.0,275.89673,979.2743
113,25,car,1322.0278,567.16833,1388.4028,647.28375,1355.2153,607.2261
113,111,car,608.5327,940.5906,706.71985,1080.0,657.6263,1010.2953
113,32,car,884.016,674.3668,958.5347,798.7577,921.2754,736.56226
113,18,car,601.31604,488.1822,702.78235,588.5854,652.0492,538.3838
113,413,car,1425.7349,650.5806,1514.6803,732.63525,1470.2075,691.6079
113,147,car,757.96356,278.19913,811.6052,320.00272,784.7844,299.10092
113,53,truck,1566.9573,382.79764,1920.0,870.20654,1743.4786,626.5021
113,417,car,837.9358,315.13025,884.94507,356.55664,861.4404,335.84344
113,262,person,1819.5525,925.60114,1861.5103,1019.4861,1840.5314,972.5436
113,371,person,829.1073,857.5595,872.9806,948.85474,851.04395,903.20715
113,128,car,715.3938,239.0921,773.16095,286.47342,744.27734,262.78278
113,483,car,1274.4011,452.23602,1317.0963,507.5904,1295.7488,479.9132
113,19,car,1346.1144,623.65753,1414.8057,716.5966,1380.46,670.1271
113,12,person,1407.9744,922.79645,1460.278,1008.4931,1434.1262,965.6448
113,366,car,1355.3243,501.3884,1414.2175,560.92505,1384.771,531.15674
113,92,person,1632.856,732.80743,1664.7024,801.6102,1648.7792,767.20886
113,421,person,831.61066,489.1063,863.7384,559.58386,847.67456,524.3451
113,181,car,752.1872,383.41763,803.6083,447.88278,777.8977,415.6502
114,5,car,1414.0122,611.959,1518.2736,730.6814,1466.1428,671.3202
114,11,car,1585.7968,910.9109,1720.0226,1066.8826,1652.9097,988.8967
114,16,car,127.551315,652.0924,333.81552,829.22437,230.68341,740.6584
114,69,car,586.154,340.2771,662.15564,402.21542,624.1548,371.24628
114,70,car,450.1532,446.18643,554.436,525.63617,502.2946,485.91132
114,106,car,414.14664,594.34357,549.0362,745.14905,481.59143,669.74634
114,3,car,164.28615,888.854,368.13644,1080.0,266.2113,984.427
114,25,car,1321.882,568.2517,1386.7683,646.6179,1354.3252,607.4348
114,32,car,883.74695,684.33923,956.2788,804.3844,920.0129,744.3618
114,18,car,599.0231,493.39832,699.9677,593.11145,649.49536,543.2549
114,413,car,1421.2423,643.83,1517.5627,732.7717,1469.4026,688.3009
114,147,car,756.7204,280.4655,812.3273,323.00833,784.5238,301.73694
114,53,truck,1567.7032,382.00507,1920.0,869.06354,1743.8516,625.5343
114,417,car,836.6698,315.8223,883.422,357.00705,860.0459,336.41467
114,262,person,1821.0577,926.8735,1862.7144,1019.30536,1841.886,973.0894
114,371,person,830.38135,870.59576,870.82697,954.7833,850.6041,912.6896
114,128,car,713.7127,238.80942,772.8815,287.7856,743.2971,263.29752
114,483,car,1274.9604,453.2629,1316.6611,507.23703,1295.8108,480.24997
114,19,car,1345.4218,623.102,1414.811,716.58954,1380.1165,669.84576
114,12,person,1413.9048,929.351,1465.5858,1014.53217,1439.7454,971.9416
114,366,car,1355.6918,502.6446,1413.5753,561.1393,1384.6335,531.89197
114,92,person,1632.4746,730.7007,1664.183,800.7332,1648.3289,765.7169
114,181,car,751.3334,385.5802,804.1525,451.04147,777.7429,418.31085
114,191,car,557.655,338.02573,665.9911,403.69614,611.82306,370.86093
114,480,person,1674.5042,785.0259,1707.3892,850.2697,1690.9467,817.6478
115,5,car,1415.3588,613.4686,1518.6075,730.6581,1466.9832,672.06335
115,11,car,1585.755,911.60724,1720.1329,1068.4529,1652.944,990.03
115,16,car,118.321976,659.6185,325.64075,837.2696,221.98135,748.4441
115,69,car,584.10004,341.55222,661.48395,404.4932,622.792,373.0227
115,70,car,442.93805,446.51276,552.9212,530.6776,497.92963,488.59518
115,106,car,406.96994,598.5708,545.1015,753.32495,476.0357,675.9479
115,3,car,163.5486,903.16943,357.58792,1080.0,260.56827,991.5847
115,25,car,1321.5569,568.4814,1386.4508,646.9435,1354.0039,607.7124
115,32,car,878.41754,693.6714,958.8666,827.4624,918.6421,760.5669
115,18,car,596.1084,496.2793,697.68976,596.4195,646.89905,546.34937
115,413,car,1424.6213,646.9587,1517.5275,732.38153,1471.0745,689.6701
115,147,car,755.25653,279.6848,813.4899,324.0141,784.3732,301.84946
115,53,truck,1569.0364,382.88742,1918.3767,865.3941,1743.7065,624.14075
115,417,car,835.7385,314.95425,883.66974,357.2885,859.7041,336.1214
115,262,person,1822.1556,929.87244,1863.2706,1019.97144,1842.7131,974.92194
115,371,person,829.74725,883.5962,868.9036,966.51355,849.32544,925.0549
115,128,car,712.5656,240.20378,770.8807,289.05722,741.72314,264.6305
115,483,car,1275.5879,453.07193,1316.9333,506.4656,1296.2606,479.76877
115,19,car,1345.2222,623.1574,1414.8453,716.5666,1380.0337,669.862
115,12,person,1415.1927,934.5095,1469.3231,1023.6076,1442.2579,979.0586
115,366,car,1355.3702,502.98215,1413.1777,561.35565,1384.2739,532.1689
115,92,person,1632.5255,729.97375,1663.1722,799.1943,1647.8489,764.584
115,181,car,749.49817,387.2824,802.62634,452.76794,776.06226,420.02518
115,191,car,554.60364,339.26767,663.98157,405.2977,609.2926,372.28268
115,421,person,828.28986,495.79633,862.4754,570.84705,845.3826,533.32166
116,5,car,1414.7727,613.3242,1518.5912,730.8953,1466.6819,672.10974
116,11,car,1585.935,911.8805,1720.3157,1069.5338,1653.1254,990.70715
116,16,car,109.62439,665.8023,318.6448,844.96643,214.1346,755.3844
116,70,car,436.7105,447.41302,550.6433,535.267,493.6769,491.34003
116,106,car,401.57507,607.02216,539.47797,761.4818,470.52652,684.25195
116,3,car,163.3747,914.8865,350.2289,1080.0,256.80182,997.44324
116,25,car,1321.539,569.7362,1385.5588,647.2316,1353.5488,608.4839
116,32,truck,875.7199,701.9365,960.0529,842.7473,917.8864,772.3419
116,18,car,591.13226,497.0249,695.9062,600.7999,643.5192,548.9124
116,413,car,1425.6644,648.63806,1517.2793,732.4975,1471.4719,690.56775
116,147,car,755.3234,281.80298,812.56,324.98764,783.9417,303.39532
116,53,truck,1568.7335,384.79147,1917.8713,866.7585,1743.3025,625.77496
116,262,person,1820.111,932.9805,1862.3373,1023.6395,1841.2241,978.31006
116,128,car,708.8693,240.8423,769.07794,291.17236,738.97363,266.00732
116,483,car,1276.1066,454.15042,1316.924,506.64072,1296.5153,480.39557
116,19,car,1344.8684,623.13184,1414.6227,716.3166,1379.7456,669.72424
116,12,person,1418.6049,942.2121,1469.955,1025.4293,1444.2799,983.8207
116,366,car,1354.9252,503.16846,1412.7483,561.4467,1383.8367,532.3076
116,92,person,1632.6084,729.87115,1662.25,798.1248,1647.4292,763.998
116,191,car,554.4748,342.68317,661.8288,408.3411,608.1518,375.51215
116,421,person,825.10583,501.44263,860.9847,580.3866,843.0453,540.9146
116,111,car,606.2619,975.193,687.5292,1080.0,646.8955,1027.5964
116,480,person,1673.9889,782.3675,1705.3534,844.59406,1689.6711,813.4808
117,5,car,1413.4988,612.14276,1518.4491,730.09406,1465.9739,671.1184
117,11,car,1586.0045,912.5743,1720.4833,1071.422,1653.2439,991.99817
117,16,car,99.732315,670.26825,314.54175,855.19556,207.13702,762.73193
117,70,car,433.6127,450.69385,548.2371,539.0392,490.92493,494.86652
117,106,car,396.37912,614.87225,534.90106,769.9907,465.64008,692.4315
117,3,truck,162.98949,927.8467,341.71915,1080.0,252.35431,1003.92334
117,25,car,1322.0546,570.32544,1385.0062,646.55414,1353.5304,608.4398
117,18,car,588.59186,500.24002,695.1258,606.3871,641.8588,553.31354
117,413,car,1418.8722,637.93384,1521.1433,732.3942,1470.0078,685.16406
117,147,car,755.2561,282.1529,812.28186,325.23923,783.769,303.69604
117,53,truck,1569.5226,385.47186,1916.8473,864.2684,1743.1849,624.8701
117,128,car,707.7374,240.4844,768.3519,291.65625,738.0447,266.0703
117,483,car,1276.232,455.37634,1316.7529,507.18365,1296.4924,481.28
117,19,car,1344.9808,623.3021,1414.6407,716.139,1379.8108,669.7206
117,12,person,1412.9556,949.34174,1482.0045,1063.8457,1447.48,1006.59375
117,366,car,1354.4641,502.94684,1412.4381,561.2773,1383.4512,532.11206
117,92,person,1632.2722,729.45593,1661.4028,797.60956,1646.8375,763.5327
117,421,person,823.02,504.67462,859.5261,585.13043,841.2731,544.9025
117,111,car,607.0073,988.8725,682.1054,1079.8762,644.5564,1034.3744
117,480,person,1673.1095,782.2284,1703.7114,842.6646,1688.4104,812.44653
117,69,car,577.01764,346.3511,655.14294,409.6422,616.0803,377.99664
117,181,car,743.804,392.19034,800.5488,462.513,772.1764,427.35168
118,5,car,1412.8098,611.6768,1518.4789,729.50806,1465.6443,670.5924
118,11,car,1585.846,913.4363,1720.7174,1073.7686,1653.2817,993.6024
118,16,car,89.0846,675.95294,308.7606,865.07916,198.92259,770.51605
118,70,car,429.39365,453.1634,544.38806,541.6921,486.89087,497.42773
118,106,car,389.79938,621.2927,529.4475,777.7005,459.62344,699.4966
118,25,car,1322.615,571.03784,1384.8309,646.3496,1353.7229,608.6937
118,18,car,586.6432,503.14944,692.9652,609.9393,639.8042,556.5444
118,413,car,1418.5309,636.0982,1521.9847,732.3587,1470.2578,684.22845
118,147,car,753.5121,283.31696,810.1982,326.05048,781.8551,304.68372
118,53,truck,1569.0171,385.4562,1916.5186,863.8821,1742.7678,624.6691
118,128,car,706.9234,242.1902,766.8776,293.07217,736.9005,267.6312
118,483,car,1277.251,457.36856,1316.2678,506.79892,1296.7594,482.08374
118,19,car,1345.7495,623.363,1415.2743,715.82306,1380.512,669.593
118,12,person,1414.3965,956.03955,1485.6981,1076.5856,1450.0474,1016.31256
118,366,car,1354.3518,502.90164,1412.1783,560.90796,1383.2651,531.9048
118,92,person,1632.7643,727.8884,1660.7058,794.164,1646.7351,761.02625
118,421,person,822.0289,509.85263,858.0954,588.7371,840.06213,549.29486
118,480,person,1673.0319,783.4188,1702.0076,840.0602,1687.5198,811.7395
118,69,car,575.2527,348.62247,654.5268,412.87308,614.8898,380.74777
118,181,car,742.0519,393.67487,799.7451,465.54517,770.8985,429.61002
118,262,person,1819.6194,936.5558,1866.1107,1036.5377,1842.865,986.54675
119,5,car,1412.0322,611.4151,1518.3694,729.2216,1465.2008,670.31836
119,11,car,1586.5599,914.27155,1720.7382,1074.5881,1653.649,994.4298
119,16,car,78.738235,682.9297,300.9945,874.45215,189.86636,778.6909
119,70,car,424.0599,457.15823,540.3651,546.784,482.21252,501.97113
119,106,car,381.0501,626.0648,525.7738,788.3356,453.41196,707.2002
119,25,car,1323.1046,571.2951,1384.8081,645.8825,1353.9563,608.5888
119,18,car,584.06104,506.46857,691.4869,615.1794,637.7739,560.824
119,147,car,750.5882,283.9383,810.29346,329.26715,780.4408,306.60272
119,53,truck,1569.3667,385.5085,1916.8629,863.5535,1743.1147,624.531
119,128,car,706.82416,243.68376,765.9628,293.89862,736.3935,268.7912
119,12,person,1418.51,963.17126,1487.2534,1080.0,1452.8817,1021.58563
119,92,person,1632.5205,726.67944,1660.9076,795.2006,1646.7141,760.94006
119,421,person,822.999,515.55945,858.3103,592.48285,840.65466,554.0211
119,480,person,1672.1868,781.7039,1700.8877,837.1277,1686.5372,809.4158
119,69,car,575.4119,352.17584,653.0156,415.37122,614.21375,383.77353
119,512,person,1173.3844,448.4782,1195.8516,497.56995,1184.6179,473.02408
119,262,person,1819.8472,939.6705,1866.445,1039.8574,1843.146,989.7639
119,21,truck,1332.7454,440.62036,1413.2847,554.4323,1373.015,497.52634
119,66,person,1080.2084,476.64236,1104.1511,529.0564,1092.1797,502.84937
119,32,truck,872.1128,731.6195,958.1669,876.4689,915.13983,804.0442
120,5,car,1411.2424,611.108,1518.4779,729.2769,1464.8601,670.19244
120,11,car,1588.3572,916.0932,1719.9473,1073.5442,1654.1522,994.8187
120,16,car,69.21414,688.1762,293.00168,880.8323,181.10791,784.5043
120,70,car,418.6744,459.60004,536.96747,550.9455,477.82092,505.27277
120,106,car,374.28986,632.7784,520.9468,797.2291,447.61832,715.0038
120,25,car,1323.1713,571.2439,1384.4976,645.4571,1353.8345,608.35046
120,18,car,580.6392,509.972,689.0703,620.18585,634.85474,565.0789
120,147,car,750.0446,289.9244,804.98724,331.34348,777.5159,310.63394
120,53,truck,1571.4326,384.70035,1917.7659,861.106,1744.5992,622.9032
120,128,car,706.2012,246.52632,764.10254,295.46893,735.15186,270.99762
120,12,person,1425.5698,970.2215,1488.2605,1076.4808,1456.9152,1023.3512
120,92,person,1632.3242,724.29694,1661.3297,795.4168,1646.8269,759.8569
120,480,person,1670.6398,780.2038,1700.2637,836.81165,1685.4517,808.5077
120,69,car,572.77203,353.35153,651.4026,417.739,612.0873,385.5453
120,512,person,1173.7069,450.3826,1195.8499,498.7999,1184.7783,474.59125
120,262,person,1822.388,942.4048,1865.6803,1034.0934,1844.0342,988.2491
120,515,person,827.0357,961.71436,860.7723,1067.047,843.904,1014.3807
120,21,truck,1332.387,440.31454,1412.8843,555.66205,1372.6356,497.98828
120,66,person,1080.272,476.14374,1103.743,527.2559,1092.0076,501.69983
120,32,car,868.9275,740.3341,957.83527,891.5099,913.38135,815.922
120,19,motorcycle,1350.9504,626.4166,1417.604,715.8375,1384.2772,671.1271
120,366,car,1353.3082,500.61346,1411.826,558.885,1382.5671,529.74927
121,5,car,1410.7654,611.011,1518.813,729.5933,1464.7892,670.3021
121,11,car,1589.4835,917.11554,1720.0558,1073.4944,1654.7697,995.30493
121,16,car,59.63994,693.75793,286.67813,889.42163,173.15903,791.5898
121,70,car,414.82776,462.4689,534.01245,554.97345,474.4201,508.7212
121,106,car,368.0459,640.309,516.0071,806.2051,442.0265,723.2571
121,25,car,1323.1492,571.23975,1384.564,645.5913,1353.8566,608.4155
121,18,car,576.48535,512.87317,686.529,625.3052,631.5072,569.0892
121,147,car,748.9356,290.82672,805.0925,333.1963,777.01404,312.0115
121,53,truck,1571.8022,383.15143,1918.3107,859.8594,1745.0564,621.5054
121,128,car,705.6,246.5098,764.6092,296.5538,735.1046,271.5318
121,12,person,1433.4756,977.5469,1492.9628,1079.8383,1463.2192,1028.6926
121,92,person,1632.2356,722.9391,1660.9741,794.3341,1646.6049,758.6366
121,69,car,566.28796,353.8532,647.4076,420.2844,606.8478,387.0688
121,512,person,1174.8147,454.60953,1196.5885,502.16296,1185.7017,478.38623
121,262,person,1819.0636,945.03827,1866.725,1045.3878,1842.8943,995.213
121,66,person,1080.0648,476.16144,1103.3754,526.617,1091.7201,501.38922
121,32,truck,868.09973,748.68146,956.8367,900.32776,912.4682,824.50464
121,19,motorcycle,1352.5076,627.13965,1418.5227,716.3894,1385.5151,671.7645
122,5,car,1410.6582,610.9187,1519.3053,729.80865,1464.9817,670.36365
122,11,car,1589.7781,917.78723,1720.6765,1074.8833,1655.2273,996.33527
122,16,car,51.53937,701.6598,280.45132,899.12946,165.99535,800.39465
122,70,car,410.76993,467.49573,528.27277,558.64,469.52136,513.0679
122,106,car,359.70264,646.04785,511.121,815.9792,435.4118,731.01355
122,25,car,1323.4989,571.747,1384.7582,645.88745,1354.1285,608.81726
122,18,car,572.17615,515.33405,684.3704,630.36816,628.2733,572.8511
122,147,car,746.77515,288.1386,806.4618,333.80145,776.61847,310.97003
122,53,truck,1571.4093,383.11328,1918.9878,861.57623,1745.1985,622.3447
122,128,car,705.5287,249.018,762.559,297.65027,734.0438,273.33414
122,12,person,1435.7338,983.708,1493.0519,1080.0,1464.3928,1031.854
122,92,person,1632.2115,722.59607,1660.4198,793.0211,1646.3157,757.8086
122,512,person,1175.5977,457.69525,1197.2737,504.90997,1186.4357,481.3026
122,262,person,1817.6582,946.7285,1867.5061,1051.9036,1842.5822,999.31604
122,66,person,1080.0936,476.4763,1102.9115,525.2919,1091.5026,500.8841
122,19,motorcycle,1353.8779,628.1468,1419.353,717.05286,1386.6155,672.59985
122,523,car,743.7713,214.79532,799.3237,255.3712,771.5475,235.08325
122,191,car,542.8634,354.22714,651.04395,421.74,596.9537,387.98358
122,480,person,1666.3038,777.6937,1700.1635,842.2196,1683.2336,809.95667
123,5,car,1410.3417,611.0942,1518.9817,729.5258,1464.6616,670.31
123,11,car,1590.4047,918.4591,1720.8899,1075.2604,1655.6472,996.85974
123,16,car,41.331097,708.48926,274.43106,909.91077,157.88107,809.2
123,70,car,405.1331,470.24213,524.98663,563.3555,465.05988,516.7988
123,106,car,351.9594,651.8866,506.4554,825.4137,429.2074,738.65015
123,25,car,1322.9149,571.7477,1385.247,647.5373,1354.0809,609.64246
123,18,car,568.7877,518.8182,681.19824,634.2725,624.993,576.54535
123,147,car,744.93475,286.65787,807.4262,335.40875,776.1805,311.03333
123,53,truck,1571.0554,382.80475,1918.8396,861.6526,1744.9475,622.22864
123,128,car,705.404,251.95767,759.7604,298.55096,732.58215,275.25433
123,12,person,1440.75,991.4066,1495.2407,1080.0,1467.9954,1035.7034
123,92,person,1632.1636,722.5886,1660.192,793.05426,1646.1777,757.8214
123,512,person,1177.0743,462.70563,1198.3955,509.07886,1187.7349,485.89224
123,262,person,1819.6249,949.4268,1868.92,1053.7924,1844.2725,1001.6096
123,66,person,1080.197,477.34137,1102.289,524.0075,1091.2429,500.67444
123,523,car,744.3534,215.17072,800.73303,256.30267,772.5432,235.7367
123,191,car,533.74945,358.31042,642.87415,425.29446,588.31177,391.80243
123,480,person,1664.727,776.10364,1699.494,842.5418,1682.1106,809.32275
123,69,car,562.1867,358.99332,642.8506,425.14496,602.5187,392.06915
123,32,car,862.0942,768.7751,956.3154,931.65106,909.20483,850.2131
124,5,car,1410.242,611.3151,1519.1536,729.68854,1464.6978,670.50183
124,11,car,1592.046,919.22485,1720.531,1073.4784,1656.2886,996.3516
124,16,car,30.566702,715.00366,266.64645,919.17554,148.60658,817.0896
124,70,car,399.16934,473.5893,521.82477,568.83466,460.49707,521.212
124,106,car,345.2155,660.3664,500.95657,835.3767,423.08606,747.8716
124,25,car,1322.6254,571.6693,1385.2168,648.0937,1353.9211,609.8815
124,18,car,565.5412,522.92566,677.05786,636.86945,621.29956,579.8976
124,147,car,740.4289,281.6957,809.7873,337.3512,775.1081,309.52344
124,53,truck,1571.1462,382.94717,1919.1182,862.31494,1745.1322,622.63104
124,128,car,703.13116,251.45334,759.80634,300.60272,731.46875,276.028
124,12,person,1445.751,998.4381,1497.3276,1080.0,1471.5393,1039.219
124,92,person,1631.7992,721.425,1661.0366,796.15564,1646.418,758.7903
124,512,person,1177.9011,467.27533,1199.4802,514.1332,1188.6907,490.70425
124,262,person,1820.455,951.11127,1869.889,1055.9381,1845.172,1003.52466
124,66,person,1080.1208,477.37744,1102.4271,524.1176,1091.2739,500.74753
124,523,car,741.8401,215.25368,800.32996,258.08557,771.085,236.66962
124,191,car,529.1766,360.51184,640.4626,428.72617,584.8196,394.61902
124,480,person,1661.7449,773.64075,1698.7749,844.56396,1680.2599,809.10236
124,32,truck,862.53656,780.3913,952.98914,937.2675,907.7628,858.8294
124,181,car,731.561,415.39206,791.7528,491.11978,761.65686,453.25592
124,421,person,814.2401,543.9031,852.4059,626.88983,833.323,585.3965
125,5,car,1410.2355,611.6372,1518.9423,729.3009,1464.5889,670.46906
125,11,car,1593.4133,920.6256,1720.6248,1073.1096,1657.019,996.8676
125,16,car,17.93823,719.8884,259.90927,929.36945,138.92375,824.6289
125,70,car,394.7714,475.7558,518.9196,572.29614,456.84552,524.026
125,106,car,338.29065,668.28546,495.9743,845.4543,417.13248,756.8699
125,25,car,1322.9094,571.3896,1385.6344,648.4882,1354.272,609.9389
125,18,car,561.48206,525.76447,675.1129,641.77484,618.2975,583.76965
125,147,car,740.87463,288.7091,805.93134,341.36398,773.40295,315.03656
125,128,car,703.58307,255.30504,757.6254,302.2649,730.60425,278.78497
125,12,person,1449.3423,1006.0806,1497.7891,1080.0,1473.5657,1043.0403
125,92,person,1631.161,720.7413,1660.6726,797.3011,1645.9167,759.0212
125,512,person,1178.6282,470.89563,1200.1035,517.1555,1189.3658,494.02557
125,262,person,1820.8992,952.7023,1869.6471,1056.1738,1845.2732,1004.43805
125,66,person,1080.209,477.51642,1102.7756,524.46405,1091.4923,500.99023
125,523,car,742.45026,216.43326,800.9297,259.2792,771.68994,237.85623
125,480,person,1659.9789,772.8758,1698.3506,846.80536,1679.1648,809.8406
125,32,truck,859.8614,791.05237,952.85065,952.9936,906.356,872.02295
125,421,person,811.4524,548.3871,849.45215,630.62665,830.4523,589.50684
125,366,car,1355.5017,501.55475,1412.6687,558.2395,1384.0852,529.8971
125,19,car,1349.3239,623.47205,1418.712,718.2336,1384.018,670.8528
125,69,car,551.5994,360.93082,638.4669,431.98666,595.0332,396.45874
126,5,car,1410.3026,611.58984,1519.0208,728.7818,1464.6616,670.1858
126,11,car,1593.714,921.34845,1721.1289,1074.0139,1657.4214,997.68115
126,16,car,8.231267,727.5905,251.33682,937.8737,129.78404,832.7321
126,70,car,389.5816,478.91284,515.0301,577.1605,452.30585,528.0367
126,106,car,329.6307,675.4781,490.09677,855.4632,409.86374,765.47064
126,25,car,1323.315,570.95996,1385.7563,648.12427,1354.5356,609.5421
126,18,car,552.70337,528.15375,670.4262,647.4436,611.5648,587.7987
126,147,car,739.80286,291.61887,804.2808,344.5844,772.0419,318.10162
126,128,car,703.2849,256.50958,756.24744,302.43533,729.7662,279.47247
126,92,person,1629.9329,723.27454,1659.4757,800.51715,1644.7043,761.8959
126,512,person,1180.1586,475.225,1202.213,522.4819,1191.1858,498.85345
126,66,person,1080.087,477.0708,1103.0569,524.6622,1091.572,500.8665
126,523,car,740.3196,216.71306,797.99664,259.37866,769.1581,238.04587
126,480,person,1659.6886,773.94696,1697.5735,847.5386,1678.6311,810.7428
126,32,truck,857.42706,802.71674,951.9368,967.76263,904.68195,885.2397
126,421,person,810.532,552.8328,848.0633,634.0255,829.2976,593.4292
126,19,car,1348.4266,622.82416,1418.5962,719.22046,1383.5115,671.02234
126,69,car,548.2138,362.92877,638.24207,436.90576,593.2279,399.91727
126,53,truck,1571.5658,381.7783,1920.0,863.51483,1745.783,622.64655
126,181,car,729.1254,420.4433,788.2201,496.17087,758.6727,458.30707
127,5,car,1410.3344,611.6106,1519.1471,728.481,1464.7407,670.0458
127,11,car,1592.9736,921.69763,1721.2969,1075.6469,1657.1353,998.67224
127,16,car,0.0,734.00464,245.95381,950.4604,122.976906,842.23254
127,70,car,384.30408,483.12143,510.2335,582.0517,447.2688,532.58655
127,106,car,321.67795,682.64185,485.90903,867.41235,403.7935,775.0271
127,25,car,1323.5736,570.84546,1385.2876,647.5149,1354.4307,609.1802
127,18,car,548.7313,532.60443,667.8659,652.6575,608.2986,592.631
127,147,car,742.2933,298.23596,800.9015,346.6417,771.5974,322.43884
127,128,car,700.42017,257.0959,756.3467,305.64975,728.3834,281.3728
127,92,person,1629.12,724.82367,1658.631,802.32294,1643.8755,763.5733
127,512,person,1181.2139,478.086,1203.5398,525.5965,1192.3768,501.84125
127,66,person,1079.4305,476.23682,1103.785,526.7004,1091.6078,501.4686
127,523,car,739.0358,217.31738,797.0929,260.6842,768.06433,239.0008
127,480,person,1659.4597,774.5661,1696.6826,847.2074,1678.0712,810.8867
127,32,car,854.3351,815.8385,950.6504,984.2847,902.49274,900.06165
127,421,person,808.0604,558.8453,847.0887,643.39185,827.5746,601.1185
127,19,car,1348.5236,621.8806,1419.4982,719.971,1384.0109,670.9258
127,69,car,546.92834,365.8548,637.23944,440.47507,592.08386,403.16492
127,181,car,728.1526,424.2179,786.5438,499.874,757.3482,462.04596
127,417,car,820.147,329.48688,876.04614,378.8606,848.09656,354.17374
127,366,car,1356.5499,501.306,1413.7253,557.7659,1385.1377,529.53595
128,5,car,1409.9686,611.41205,1519.4207,728.5964,1464.6946,670.0042
128,11,car,1593.7361,922.94543,1721.3385,1076.2135,1657.5374,999.57947
128,16,car,0.0,740.651,243.16318,962.6961,121.58159,851.6736
128,70,car,378.31766,488.3907,503.92474,587.06226,441.12122,537.72644
128,106,car,313.3368,690.516,478.56903,876.3541,395.9529,783.43506
128,25,car,1324.3931,571.2957,1384.5186,646.0864,1354.4558,608.69104
128,18,car,545.2594,538.3876,664.6147,657.6537,604.937,598.0206
128,147,car,741.8686,301.6992,799.5545,349.2792,770.71155,325.4892
128,92,person,1629.6754,722.09973,1657.6979,796.1132,1643.6866,759.10645
128,512,person,1182.5623,482.24634,1204.8845,529.3465,1193.7234,505.79642
128,66,person,1079.136,475.82617,1103.8657,527.11383,1091.5009,501.47
128,523,car,738.563,217.51915,795.3361,260.18332,766.9496,238.85123
128,480,person,1656.3959,775.1313,1694.9253,850.6871,1675.6606,812.9092
128,32,truck,852.7838,828.3088,949.2246,996.682,901.0042,912.49536
128,421,person,806.7363,563.6414,847.13586,651.55365,826.9361,607.59753
128,19,car,1348.3539,622.22095,1419.4341,720.70593,1383.894,671.46344
128,69,car,545.8344,369.70932,633.64844,442.35422,589.74146,406.03177
128,181,car,727.37244,428.91696,784.0836,502.12076,755.728,465.51886
128,366,car,1356.8292,501.36975,1414.0732,557.7244,1385.4512,529.5471
128,12,person,1462.8429,1028.0792,1499.914,1080.0,1481.3784,1054.0396
128,262,person,1822.0273,957.3213,1865.7831,1049.8627,1843.9053,1003.592
129,5,car,1409.1007,611.14764,1519.8042,729.3625,1464.4524,670.25507
129,11,car,1596.4872,924.65643,1721.7056,1074.6989,1659.0964,999.6776
129,16,car,0.0,750.2939,239.09529,974.16284,119.547646,862.2284
129,70,car,373.31024,492.66214,499.46283,591.6053,436.38654,542.1337
129,106,car,305.8104,697.7527,473.91815,887.19476,389.86426,792.47375
129,25,car,1324.4177,571.08813,1385.0293,646.70026,1354.7235,608.89417
129,18,car,542.57526,542.05096,662.3181,660.7838,602.44666,601.41736
129,147,car,739.8089,302.39816,798.9323,351.57425,769.3706,326.9862
129,92,person,1629.5365,721.28204,1657.051,794.36884,1643.2937,757.82544
129,66,person,1079.5845,475.84537,1103.2203,524.5256,1091.4023,500.1855
129,523,car,738.84814,217.85849,795.9149,260.9489,767.38153,239.4037
129,480,person,1655.4248,772.94,1693.1693,847.2224,1674.2971,810.0812
129,32,car,851.4602,840.3953,948.6561,1010.033,900.05817,925.2142
129,421,motorcycle,805.7453,576.3745,844.8872,661.2517,825.3163,618.8131
129,19,car,1347.8345,622.365,1419.5319,721.83966,1383.6831,672.1023
129,69,car,542.4477,372.98544,628.3203,443.667,585.38403,408.32623
129,181,car,726.8639,432.4699,782.1362,503.54486,754.50006,468.0074
129,366,car,1356.2881,501.35678,1414.1957,558.369,1385.242,529.8629
129,554,car,814.8097,209.31566,868.6276,259.3379,841.7186,234.32678
129,12,person,1465.2646,1032.8109,1500.3553,1080.0,1482.81,1056.4055
129,262,person,1823.4634,957.97327,1867.0933,1050.8729,1845.2783,1004.4231
129,53,truck,1572.6998,379.74628,1919.0282,857.8657,1745.864,618.806
129,128,car,696.6821,258.9303,754.0798,308.48132,725.381,283.7058
130,5,car,1408.5056,610.8975,1520.2969,730.0368,1464.4012,670.46716
130,11,car,1598.2064,925.5625,1722.0461,1073.4705,1660.1262,999.5165
130,16,car,0.0,758.8101,235.91562,986.2951,117.95781,872.5526
130,70,car,369.00098,495.35992,498.02127,596.88794,433.5111,546.1239
130,106,car,299.29578,707.98615,468.0338,898.312,383.6648,803.14905
130,25,car,1323.7197,570.77435,1386.0734,649.14764,1354.8965,609.961
130,18,car,538.9822,545.22974,661.6247,666.49304,600.30347,605.8614
130,147,car,739.4546,305.05957,796.8568,352.9414,768.1557,329.0005
130,92,person,1630.1207,719.48,1657.0972,791.8345,1643.6089,755.6572
130,66,person,1079.8253,475.07895,1102.6396,521.6826,1091.2324,498.3808
130,523,car,739.25653,218.89548,797.8142,263.057,768.5354,240.97624
130,480,person,1654.68,771.2229,1692.6075,846.2888,1673.6438,808.75586
130,32,car,847.0701,848.94336,948.7426,1027.1727,897.9064,938.05804
130,421,person,804.1132,578.42053,844.97076,667.4427,824.542,622.93164
130,19,car,1347.9255,621.9716,1419.7365,722.09576,1383.831,672.0337
130,69,car,538.1977,374.22833,624.83887,445.6189,581.5183,409.9236
130,181,car,725.0467,435.58688,780.7569,506.61996,752.9018,471.10342
130,366,car,1355.7821,501.08224,1414.2423,558.74084,1385.0122,529.91156
130,262,person,1826.2252,959.2997,1868.8981,1049.4059,1847.5616,1004.3528
130,53,truck,1572.2336,379.5764,1919.0903,858.714,1745.662,619.1452
130,128,car,696.3789,261.09738,753.49963,310.07666,724.9393,285.58704
130,417,car,816.49,332.69543,876.22754,386.74002,846.35876,359.7177
131,5,car,1408.0753,610.7812,1520.5587,730.43036,1464.317,670.6058
131,11,car,1598.337,926.3046,1722.5962,1074.5869,1660.4666,1000.4458
131,16,car,0.0,766.4799,230.88377,996.9274,115.44189,881.7037
131,70,car,363.35907,497.62173,495.14346,601.3972,429.25128,549.50946
131,106,car,289.9632,716.7623,461.9503,911.10126,375.95673,813.93176
131,25,car,1323.3687,570.07306,1387.7225,651.9873,1355.5457,611.03015
131,18,car,536.65607,550.19977,660.14514,672.1486,598.40063,611.1742
131,147,car,736.896,308.62888,793.7511,355.76285,765.32355,332.19586
131,92,person,1629.7339,718.8505,1656.8944,792.2469,1643.3142,755.5487
131,66,person,1079.5315,474.39642,1102.443,520.8642,1090.9873,497.6303
131,523,car,736.724,219.02629,796.3859,264.32648,766.55493,241.67639
131,32,car,843.3458,859.61194,947.53864,1042.3243,895.44226,950.96814
131,19,car,1347.9811,622.57983,1418.8187,721.68854,1383.3999,672.13416
131,69,car,537.42255,376.97968,623.3642,447.89917,580.3934,412.43942
131,181,car,722.1073,439.3107,780.6883,514.1173,751.3978,476.714
131,262,person,1827.0643,960.4471,1870.969,1053.9254,1849.0166,1007.1863
131,53,truck,1571.4496,378.86932,1919.7554,860.59656,1745.6025,619.7329
131,128,car,696.1262,261.17975,753.16864,309.99014,724.64746,285.58496
131,417,car,815.2219,333.85135,874.88605,389.08362,845.05396,361.46747
132,5,car,1407.4967,610.72894,1520.6704,731.3029,1464.0835,671.0159
132,11,car,1598.8704,927.0989,1724.2335,1076.3682,1661.552,1001.7335
132,16,car,0.0,774.9209,225.79866,1009.49445,112.89933,892.20764
132,70,car,357.78494,502.70325,489.9367,606.7326,423.86084,554.7179
132,106,car,281.86456,723.4324,456.79678,921.57935,369.3307,822.50586
132,25,car,1324.2277,571.04895,1387.9885,653.1011,1356.1082,612.075
132,18,car,533.2585,553.6599,658.01086,677.1754,595.63464,615.41766
132,147,car,734.8979,307.1913,795.3018,357.59644,765.09985,332.39386
132,92,person,1628.4257,717.9448,1656.628,794.8401,1642.5269,756.39246
132,66,person,1078.8387,473.27527,1102.6766,521.59656,1090.7577,497.4359
132,32,truck,840.21185,874.28436,944.95294,1057.1077,892.5824,965.69604
132,19,car,1350.8611,628.19226,1417.1001,720.5658,1383.9806,674.379
132,69,car,536.2003,380.936,620.6301,450.4522,578.4152,415.6941
132,181,car,720.84106,443.96832,779.9718,520.02,750.40643,481.99417
132,262,person,1826.4137,961.4012,1872.5942,1060.78,1849.5039,1011.0906
132,417,car,816.36206,342.86777,869.64545,391.95993,843.0038,367.41385
132,480,person,1653.3103,772.3686,1690.563,846.93115,1671.9366,809.6499
132,421,person,801.0555,589.9523,842.0267,678.80304,821.5411,634.3777
133,5,car,1407.996,610.88904,1520.8824,731.0083,1464.4392,670.94867
133,11,car,1600.1024,928.40656,1724.6064,1075.879,1662.3545,1002.1428
133,16,car,0.0,783.0991,220.889,1021.55786,110.4445,902.3285
133,70,car,352.20593,506.82825,484.71808,611.3107,418.462,559.06946
133,106,car,274.00275,731.6895,451.27396,932.7825,362.63837,832.23596
133,25,car,1324.7413,571.97955,1387.5704,653.6587,1356.1559,612.8191
133,18,car,529.6079,557.85455,655.0559,682.31036,592.3319,620.08246
133,147,car,733.2003,309.29852,792.8755,358.90533,763.0379,334.10193
133,92,person,1628.1729,716.4996,1656.2852,793.6724,1642.229,755.086
133,66,person,1078.6144,472.87262,1102.5695,521.4278,1090.5919,497.1502
133,19,car,1352.3352,630.887,1417.0406,720.94867,1384.688,675.91785
133,69,car,533.43176,384.375,617.5402,453.32755,575.48596,418.85126
133,181,car,717.8574,445.16922,779.7489,525.39056,748.80316,485.2799
133,262,person,1826.2876,963.7469,1873.3201,1065.3188,1849.8038,1014.53284
133,417,car,815.0721,344.83612,869.1623,395.53583,842.1172,370.18597
133,480,person,1652.5778,773.21265,1689.0283,846.96234,1670.803,810.0875
133,421,person,798.09485,594.5964,840.9575,688.0733,819.5262,641.33484
133,554,car,816.2415,214.88745,868.09674,263.38882,842.1691,239.13814
133,366,car,1358.7997,501.4114,1413.1777,554.67523,1385.9888,528.04333
133,523,car,733.0776,220.4352,791.5336,264.98663,762.3056,242.7109
133,128,car,692.04126,263.82227,749.50525,312.6932,720.77325,288.25775
134,5,car,1408.3423,611.0896,1520.9053,730.7842,1464.6238,670.9369
134,11,car,1600.3289,929.03394,1724.695,1075.5216,1662.512,1002.2778
134,16,car,0.0,790.62494,216.93074,1035.5564,108.46537,913.0907
134,70,car,347.93216,511.59097,481.65036,617.2999,414.79126,564.44543
134,106,car,264.15637,738.56573,445.53406,944.74316,354.8452,841.6544
134,25,car,1324.9489,573.2169,1386.9858,654.87115,1355.9673,614.04407
134,18,car,526.3284,561.36566,652.2365,686.4559,589.2825,623.91077
134,147,car,728.7225,307.56488,791.67426,360.4465,760.19836,334.00568
134,92,person,1627.2325,715.0275,1655.591,792.87726,1641.4117,753.9524
134,66,person,1078.1849,472.46283,1102.5035,521.96265,1090.3442,497.21274
134,19,car,1353.2413,632.14844,1417.605,721.55945,1385.4231,676.85394
134,69,car,531.2663,386.85437,616.289,456.0315,573.77765,421.44293
134,181,car,715.57196,447.97,778.63403,530.16016,747.103,489.06506
134,262,person,1827.8429,967.69037,1873.4036,1066.2748,1850.6233,1016.98254
134,417,car,814.51044,348.43347,867.9571,398.5352,841.23376,373.4843
134,480,person,1650.828,772.9478,1687.396,847.81647,1669.112,810.38214
134,421,person,797.2986,601.3408,839.37714,692.6329,818.3379,646.9868
134,366,car,1360.3511,501.95935,1412.6952,552.82794,1386.5232,527.3937
134,128,car,688.3361,265.43372,747.7412,316.0207,718.0387,290.7272
134,512,person,1192.7949,502.30878,1217.3569,554.3042,1205.0759,528.3065
134,32,truck,840.2829,907.15625,939.01874,1077.2097,889.6508,992.183
135,5,car,1408.7767,611.0985,1521.1846,730.6374,1464.9807,670.8679
135,11,car,1600.9628,930.0872,1726.0315,1076.4712,1663.4971,1003.2792
135,16,car,0.0,800.92346,210.39404,1047.1011,105.19702,924.01227
135,70,car,342.68494,515.9701,478.6148,623.7442,410.64987,569.8572
135,106,car,255.00249,749.6457,438.8476,958.81854,346.92505,854.2321
135,25,car,1325.5255,573.90576,1386.5775,655.28705,1356.0515,614.59644
135,18,car,522.71375,564.97455,650.8366,692.8745,586.77515,628.92456
135,147,car,725.6792,306.99164,791.7462,362.88568,758.7127,334.93866
135,92,person,1626.5703,713.64386,1654.854,790.5893,1640.7122,752.1166
135,66,person,1078.5693,472.61072,1102.2247,520.7275,1090.397,496.6691
135,19,car,1353.2397,632.93207,1418.1609,722.9527,1385.7003,677.9424
135,69,car,529.7126,389.14957,615.374,458.5274,572.54333,423.8385
135,181,car,713.7183,450.03348,778.6413,535.9891,746.1798,493.0113
135,262,person,1829.0385,969.632,1875.043,1070.227,1852.0408,1019.92957
135,417,car,813.7505,351.3191,866.4539,400.3659,840.1022,375.8425
135,480,person,1650.5123,771.4363,1685.6433,843.80396,1668.0779,807.6201
135,421,person,795.7569,608.7666,838.6791,701.9018,817.218,655.3342
135,366,car,1360.1361,501.7884,1412.9413,552.97473,1386.5387,527.3816
135,128,car,684.75305,265.7562,745.8994,317.6367,715.32623,291.69644
135,564,person,817.83093,416.35535,841.8646,474.256,829.8478,445.30566
135,512,person,1193.3984,504.76636,1219.0477,559.58154,1206.2231,532.17395
135,32,car,839.7052,920.6418,934.6333,1080.0,887.16925,1000.3209
135,523,car,733.57697,222.77003,789.8236,265.20618,761.7003,243.9881
136,5,car,1408.7693,610.9309,1521.1898,730.5255,1464.9795,670.7282
136,11,car,1601.126,930.87195,1726.511,1076.9058,1663.8185,1003.88885
136,16,car,0.0,810.8256,203.4462,1057.676,101.7231,934.25085
136,70,car,337.59094,520.43384,474.13486,628.80884,405.8629,574.62134
136,106,car,246.20355,760.8329,431.32666,971.7027,338.7651,866.2678
136,25,car,1326.3175,574.4553,1386.4935,655.39813,1356.4055,614.92676
136,18,car,519.3732,568.54663,647.7736,696.8075,583.5734,632.67706
136,147,car,723.7553,307.86136,791.1178,365.01605,757.4365,336.43872
136,66,person,1079.0938,472.82968,1101.9067,519.08527,1090.5002,495.95746
136,19,car,1353.2504,633.56744,1418.469,723.78546,1385.8596,678.67645
136,69,car,525.2355,392.36984,612.07733,462.6005,568.6564,427.48517
136,181,car,712.0472,453.0861,776.8726,539.24133,744.4599,496.1637
136,262,person,1831.0082,970.93024,1876.0243,1070.0333,1853.5162,1020.4818
136,417,car,814.09503,357.9998,863.7109,402.9579,838.90295,380.47882
136,421,person,793.0318,615.2388,836.6066,710.3654,814.8192,662.8021
136,366,car,1359.8246,501.81735,1413.1398,553.4321,1386.4822,527.62476
136,128,car,683.788,266.4306,745.62225,318.98233,714.70514,292.70648
136,564,person,817.4349,419.98187,843.12506,481.8425,830.27997,450.91217
136,512,person,1194.0752,507.351,1220.566,564.1935,1207.3206,535.7722
136,53,truck,1572.6013,378.3194,1919.1913,857.4685,1745.8962,617.8939
137,5,car,1408.6256,610.74536,1521.1849,730.5442,1464.9053,670.6448
137,11,car,1602.2952,931.4602,1728.0472,1077.3185,1665.1711,1004.38934
137,16,car,0.0,819.7028,195.17766,1065.8851,97.58883,942.79395
137,70,car,330.57776,524.29565,468.37186,633.3616,399.4748,578.8286
137,106,car,237.434,772.03796,424.22516,984.3767,330.8296,878.20734
137,25,car,1328.2695,575.7432,1386.7142,654.47235,1357.492,615.1078
137,18,car,515.4171,572.98676,644.9909,702.6339,580.204,637.8103
137,147,car,724.2264,314.90707,788.028,368.27997,756.1272,341.5935
137,66,person,1078.757,471.15182,1102.0684,518.4642,1090.4126,494.80798
137,19,car,1353.1024,634.1223,1418.8033,724.69354,1385.9529,679.40796
137,69,car,521.182,394.08194,609.7374,465.7975,565.4597,429.9397
137,181,car,711.91656,455.56677,775.5394,540.4247,743.728,497.99573
137,262,person,1831.7996,971.28796,1877.1716,1071.7518,1854.4856,1021.5199
137,421,person,791.80963,622.2916,836.5423,720.96106,814.17596,671.62634
137,366,car,1360.176,502.50717,1413.01,553.5531,1386.593,528.03015
137,128,car,681.27325,265.66467,745.94135,321.1082,713.6073,293.3864
137,564,person,816.78,423.37558,842.4825,485.0428,829.6312,454.20917
137,512,person,1195.5345,511.12442,1222.1049,568.004,1208.8197,539.5642
137,438,car,796.1032,352.11612,876.87305,401.0692,836.48816,376.59265
137,480,person,1648.6843,768.7329,1684.534,843.81494,1666.6091,806.2739
138,5,car,1408.6587,610.4909,1521.5017,730.71405,1465.0802,670.6025
138,11,car,1603.4072,931.65594,1729.3505,1076.9872,1666.3789,1004.32153
138,16,car,0.0,829.8516,186.4116,1075.2819,93.2058,952.5668
138,70,car,324.97556,528.80066,463.11456,638.1068,394.04504,583.45374
138,106,car,227.26239,780.9442,417.4104,997.52527,322.3364,889.23474
138,25,car,1329.8083,575.84674,1387.0553,652.7406,1358.4319,614.2937
138,18,car,511.11627,575.2964,645.0131,709.8116,578.0647,642.55396
138,147,car,721.62006,311.74326,790.0189,369.25983,755.81946,340.50153
138,66,person,1078.5323,470.0183,1102.286,518.4081,1090.4092,494.2132
138,19,car,1353.5945,634.52014,1419.2153,724.40894,1386.4049,679.46454
138,69,car,517.5634,396.29526,605.95197,467.88882,561.7577,432.09204
138,181,car,710.8858,458.54013,774.3414,542.80206,742.6136,500.67108
138,262,person,1831.2074,973.22534,1878.0621,1077.0857,1854.6348,1025.1555
138,421,person,790.15656,629.035,834.43146,726.84186,812.294,677.9384
138,366,car,1360.4203,503.06097,1412.3148,552.9564,1386.3676,528.00867
138,128,car,680.98395,267.3119,744.7171,322.42178,712.8505,294.86682
138,564,person,816.0975,428.1813,842.97833,492.37646,829.5379,460.27887
138,512,person,1196.0189,513.2941,1223.4773,572.16675,1209.748,542.73047
138,438,car,797.95306,354.33542,874.0789,403.42032,836.016,378.87787
138,480,person,1649.2142,767.4959,1683.0011,838.3974,1666.1077,802.94666
138,554,car,809.7901,215.43529,869.63214,272.5471,839.7111,243.99118
138,92,person,1624.2131,710.4554,1652.9601,787.28046,1638.5867,748.8679
138,53,truck,1573.31,378.87744,1919.6674,857.78827,1746.4888,618.3329
139,5,car,1408.4706,608.88,1522.1726,730.6099,1465.3215,669.745
139,11,car,1603.0709,932.98755,1728.7903,1077.1552,1665.9307,1005.07135
139,16,car,0.0,837.37366,174.92632,1075.8983,87.46316,956.636
139,70,car,317.46695,532.33984,458.53638,644.0523,388.00165,588.19604
139,106,car,216.4335,789.07776,411.75793,1011.64703,314.0957,900.3624
139,25,car,1330.0939,575.26,1387.4357,651.8523,1358.7648,613.55615
139,18,truck,506.47473,579.90656,641.8884,716.2557,574.1816,648.0811
139,147,car,720.85657,313.3262,789.88654,371.35025,755.3716,342.33823
139,66,person,1078.3474,469.60333,1102.3058,518.7146,1090.3267,494.15897
139,19,car,1353.8035,634.0021,1420.0468,724.3351,1386.925,679.1686
139,69,car,515.0602,397.39215,603.8813,469.57004,559.4707,433.48108
139,181,car,709.84564,465.05438,772.5827,548.0527,741.2142,506.55353
139,262,person,1831.2412,977.06805,1877.4257,1079.7949,1854.3335,1028.4315
139,421,person,789.5767,636.99866,831.4919,728.1943,810.5343,682.59644
139,366,car,1359.8326,503.0182,1412.1207,553.17096,1385.9767,528.0946
139,128,car,681.69836,269.73523,743.0117,322.67706,712.35504,296.20615
139,564,person,814.9416,432.7687,841.62427,496.14255,828.28296,464.45563
139,512,person,1197.2178,514.56744,1225.7257,576.13007,1211.4717,545.34875
139,480,person,1648.9471,763.2149,1683.0044,835.46954,1665.9758,799.3422
139,571,person,937.6022,399.44913,965.9522,455.14108,951.7772,427.2951
139,53,truck,1572.8679,378.68146,1920.0,859.7561,1746.434,619.21875
139,417,car,805.6888,360.03607,861.66925,410.54346,833.679,385.28976
140,5,car,1408.6764,608.5193,1522.2831,730.64484,1465.4797,669.58203
140,11,car,1601.9664,933.3998,1728.7001,1077.7517,1665.3333,1005.57574
140,16,car,0.0,848.00433,158.34218,1066.3756,79.17109,957.18994
140,70,car,310.66083,537.4937,452.40662,649.6118,381.53372,593.55273
140,106,car,207.97423,801.3091,403.83627,1024.0505,305.90524,912.6798
140,25,car,1329.133,574.24335,1387.7102,652.2449,1358.4216,613.24414
140,18,car,503.15494,585.7664,637.4514,721.0817,570.30316,653.4241
140,147,car,719.7415,316.19217,787.62317,372.78983,753.6824,344.491
140,66,person,1078.3693,469.42444,1102.429,519.0884,1090.3992,494.2564
140,19,car,1353.7013,633.606,1420.8396,724.76,1387.2705,679.183
140,69,car,511.99048,399.35803,601.7915,472.58914,556.891,435.97357
140,181,car,707.90375,467.58142,771.307,551.02,739.60535,509.30072
140,262,person,1831.9034,980.145,1876.8739,1080.0,1854.3887,1030.0725
140,421,person,785.5309,643.1857,831.3288,743.2155,808.4298,693.2006
140,366,car,1360.9122,503.04062,1411.852,551.47546,1386.3821,527.25806
140,128,car,679.7325,271.55942,740.82,324.37213,710.27625,297.96576
140,564,person,813.7291,437.12817,841.5891,503.2919,827.6591,470.21002
140,512,person,1198.7506,520.1195,1227.284,582.09216,1213.0173,551.10583
140,480,person,1648.4102,764.08075,1682.0857,836.44977,1665.2479,800.26526
140,571,person,937.47723,400.67944,966.25824,457.17737,951.86774,428.9284
140,417,car,804.15656,361.33234,861.9627,413.86377,833.05963,387.59805
140,523,car,721.74274,228.02504,783.9669,275.60837,752.85486,251.81671
140,554,car,807.6811,219.25978,865.9146,275.44836,836.79785,247.35406
140,92,person,1622.447,709.9006,1651.0923,785.08014,1636.7697,747.49036
141,5,car,1409.533,608.1233,1522.6726,730.357,1466.1028,669.2401
141,11,car,1602.0895,934.1799,1728.912,1077.681,1665.5007,1005.9304
141,16,car,0.0,858.93884,147.12808,1067.8743,73.56404,963.40656
141,70,car,303.72284,541.24414,448.25433,655.17,375.9886,598.20703
141,106,car,196.53302,811.7398,398.06152,1041.1077,297.29727,926.4237
141,25,car,1329.5071,574.6176,1387.8562,651.8336,1358.6816,613.2256
141,18,car,498.25665,590.65717,633.25916,727.2952,565.75793,658.9762
141,147,car,716.4155,316.6189,786.8934,375.52338,751.6544,346.07114
141,66,person,1078.2003,469.08832,1102.3806,519.35114,1090.2905,494.21973
141,19,car,1351.0289,630.18726,1421.203,725.06036,1386.116,677.6238
141,69,car,507.24918,401.15045,599.21686,476.33594,553.23303,438.7432
141,181,car,708.38837,471.54565,767.19604,547.5223,737.79224,509.53397
141,262,person,1832.6655,981.4623,1876.7722,1080.0,1854.7189,1030.7312
141,421,person,783.75507,650.02075,828.6551,748.181,806.2051,699.1009
141,366,car,1360.5098,503.75473,1412.0674,552.6769,1386.2886,528.2158
141,128,car,676.6299,272.2085,740.0368,327.15054,708.3334,299.6795
141,512,person,1199.6321,525.6278,1227.66,586.1487,1213.646,555.88824
141,480,person,1648.1123,763.1257,1681.3677,835.1462,1664.74,799.1359
141,571,person,937.25836,404.23108,965.52637,459.68002,951.39233,431.95557
141,417,car,801.9915,363.54678,861.86993,417.84512,831.9307,390.69595
141,523,car,719.0057,228.08456,780.5923,275.77475,749.79895,251.92966
141,554,car,805.61926,219.73073,864.5885,277.1527,835.1039,248.44171
141,53,truck,1572.1217,378.3335,1920.0,860.72906,1746.0608,619.53125
142,5,car,1409.8948,608.0499,1522.6062,730.3602,1466.2505,669.2051
142,11,car,1602.9128,934.34235,1729.8204,1077.1702,1666.3667,1005.7562
142,16,car,0.0,867.0137,138.16579,1073.9839,69.08289,970.4988
142,70,car,297.1302,543.9647,444.77255,660.5207,370.95135,602.2427
142,106,car,185.23164,820.6047,391.29446,1055.0007,288.26306,937.80273
142,25,car,1329.2369,574.70996,1388.0155,652.24243,1358.6262,613.4762
142,18,car,493.73602,596.2473,628.49255,732.6984,561.11426,664.4729
142,147,car,714.6643,319.55807,785.34503,378.90692,750.00464,349.23248
142,66,person,1078.484,469.19058,1102.314,518.96954,1090.3989,494.08008
142,19,car,1352.203,631.8761,1421.3859,725.1247,1386.7944,678.50037
142,69,car,502.35815,402.4388,597.41064,480.53952,549.8844,441.48917
142,181,car,705.0276,475.7319,765.87805,553.7191,735.4528,514.7255
142,262,person,1832.9187,982.1157,1876.3745,1080.0,1854.6466,1031.0579
142,421,person,781.0299,660.3478,826.7857,760.5459,803.90784,710.44684
142,366,car,1360.4398,504.1984,1412.4723,553.60114,1386.456,528.8998
142,128,car,673.7135,274.7736,737.343,329.36722,705.52826,302.0704
142,512,person,1201.0054,529.67426,1228.8478,589.32166,1214.9265,559.4979
142,480,person,1647.9401,763.46075,1681.2983,836.3434,1664.6191,799.9021
142,417,car,800.9387,364.36813,862.09033,419.9138,831.5145,392.14096
142,523,car,717.27344,229.72757,780.3003,278.45624,748.78687,254.0919
142,554,car,804.1941,222.24356,861.8481,278.45178,833.0211,250.34767
142,53,truck,1573.0248,377.99362,1920.0,859.7652,1746.5125,618.8794
142,564,person,812.8041,445.28503,839.7246,508.061,826.26434,476.67303
143,5,car,1410.4293,607.7544,1522.741,730.17505,1466.5852,668.9647
143,11,car,1603.4698,934.3172,1730.6696,1076.9677,1667.0697,1005.64246
143,16,car,0.0,877.72974,125.914856,1073.7031,62.957428,975.71643
143,70,car,291.6548,549.81726,440.17383,667.0535,365.9143,608.4354
143,106,car,174.86685,831.86646,384.09903,1070.3175,279.48294,951.092
143,25,car,1329.1521,574.61676,1388.3126,652.39575,1358.7324,613.5062
143,18,car,488.81625,599.86066,626.35596,739.7592,557.5861,669.80994
143,147,car,711.89185,320.9159,783.2226,381.22476,747.55725,351.0703
143,66,person,1078.7354,468.64136,1102.4509,518.45026,1090.5931,493.5458
143,19,car,1351.3925,629.4843,1422.9696,725.2914,1387.181,677.3878
143,69,car,500.72095,406.6696,595.1003,483.91034,547.91064,445.28998
143,181,car,700.3859,476.93726,766.0611,561.44775,733.2235,519.1925
143,262,person,1833.1588,982.0251,1876.3644,1080.0,1854.7616,1031.0126
143,421,person,779.07654,667.7726,826.2075,772.2478,802.642,720.0102
143,366,car,1359.3744,503.63052,1413.0851,554.84216,1386.2297,529.2363
143,128,car,671.7111,275.73373,734.93787,329.54413,703.32446,302.63892
143,512,person,1202.6001,535.341,1229.4216,592.5934,1216.0109,563.96716
143,480,person,1648.8121,759.27997,1680.1958,827.4534,1664.5039,793.3667
143,417,car,798.43896,362.613,864.2465,423.14297,831.3428,392.878
143,523,car,717.7568,232.2021,780.2091,280.88498,748.9829,256.54355
143,554,car,802.9668,220.86778,862.92596,279.8349,832.9464,250.35135
143,53,truck,1573.4377,377.75543,1920.0,860.8462,1746.7189,619.3008
143,564,person,811.98926,451.631,839.149,514.19147,825.5691,482.91125
143,571,person,935.23566,411.34335,965.69165,470.8935,950.4636,441.1184
144,5,car,1411.0885,607.59796,1522.9348,730.0772,1467.0117,668.8376
144,11,car,1603.6533,934.5871,1731.0789,1077.0529,1667.3661,1005.81995
144,16,car,0.0,885.1673,115.7278,1073.4666,57.8639,979.3169
144,70,car,282.3258,551.8469,435.45605,672.96344,358.89093,612.40515
144,106,car,164.58922,841.1968,374.45685,1079.7048,269.52304,960.4508
144,25,car,1329.4475,575.7219,1389.7228,654.6646,1359.5852,615.19324
144,18,car,484.32507,604.55023,623.7364,746.9095,554.03076,675.72986
144,147,car,709.87823,323.31113,781.56866,384.17102,745.72345,353.7411
144,66,person,1079.0045,468.21768,1102.5643,517.98584,1090.7844,493.10175
144,19,car,1350.9781,628.7182,1424.1108,726.048,1387.5444,677.38306
144,69,car,497.2343,410.2113,592.1429,487.50317,544.6886,448.85724
144,181,car,698.8626,480.1507,764.2802,564.26715,731.5714,522.2089
144,262,person,1833.4829,982.5008,1876.4283,1079.7556,1854.9556,1031.1282
144,421,person,775.73145,674.5104,824.4809,782.9471,800.1062,728.72876
144,366,car,1357.8612,502.63278,1413.7284,556.3289,1385.7948,529.48083
144,128,car,668.13873,277.89417,732.0579,331.6895,700.0983,304.79184
144,512,person,1204.3016,542.0527,1231.3165,599.7977,1217.8091,570.9252
144,480,person,1649.1863,758.064,1679.1267,822.5817,1664.1565,790.3229
144,417,car,799.14264,367.66034,861.0078,424.70972,830.0752,396.18503
144,523,car,718.60425,234.93391,780.26953,282.82535,749.4369,258.87964
144,554,car,802.5014,221.50702,862.8549,281.325,832.67816,251.41602
144,53,truck,1573.1368,377.9419,1920.0,862.08636,1746.5684,620.01416
144,564,person,810.4163,457.27158,838.4533,521.5507,824.4348,489.41113
144,571,person,933.95984,412.911,965.0893,473.53464,949.52454,443.22284
145,5,car,1412.77,610.1079,1521.924,730.0031,1467.3469,670.05554
145,11,car,1604.7578,934.74725,1732.1068,1076.82,1668.4324,1005.78357
145,16,car,0.0,899.23834,101.26871,1069.8684,50.634354,984.55334
145,70,car,277.88052,559.39655,429.5407,679.1865,353.71063,619.2915
145,106,car,157.3306,853.4778,362.0287,1080.0,259.67963,966.7389
145,25,car,1329.6638,576.40375,1390.2782,655.4196,1359.971,615.9117
145,18,car,479.4594,608.4505,621.1022,753.4071,550.28076,680.92883
145,147,car,707.28986,324.54828,779.4037,386.2198,743.3468,355.38403
145,66,person,1079.1426,468.96704,1102.3452,518.0472,1090.7439,493.5071
145,19,car,1353.3536,631.09076,1425.6841,726.87946,1389.5188,678.9851
145,69,car,492.91135,412.74686,588.6449,490.5505,540.77814,451.64868
145,181,car,696.2971,488.2766,762.61456,573.8428,729.4558,531.0597
145,262,person,1834.1622,983.7771,1876.4187,1079.7626,1855.2905,1031.7698
145,421,motorcycle,777.95355,699.59644,819.2496,788.6433,798.60156,744.1199
145,366,car,1356.9633,502.39874,1413.7957,557.4227,1385.3794,529.91077
145,128,car,668.9017,280.0014,733.06323,333.59946,700.9824,306.8004
145,512,person,1205.5815,548.7466,1231.8518,605.03815,1218.7167,576.89233
145,480,person,1649.0709,757.81915,1678.0804,819.5891,1663.5757,788.7041
145,417,car,799.1769,374.631,855.8501,426.60794,827.5135,400.61948
145,523,car,718.7291,236.32405,778.24896,282.41696,748.489,259.3705
145,53,truck,1574.1205,375.4578,1920.0,859.2316,1747.0603,617.3447
145,571,person,932.90454,418.27402,964.77905,480.61185,948.8418,449.44293
146,5,car,1412.926,610.6914,1521.1917,729.87024,1467.0588,670.2808
146,11,car,1606.3141,935.4808,1732.4639,1075.7933,1669.3889,1005.6371
146,16,car,0.0,912.1512,89.87956,1073.1239,44.93978,992.6376
146,70,car,272.19983,563.5409,425.79163,684.708,348.99573,624.12445
146,106,car,151.63766,865.712,348.27448,1080.0,249.95607,972.85596
146,25,car,1329.1276,576.7709,1390.3826,656.514,1359.7551,616.64246
146,18,car,473.9471,613.55194,616.6808,759.7175,545.31396,686.63477
146,147,car,706.23267,325.9348,779.4039,389.09576,742.81824,357.5153
146,66,person,1079.6895,469.78482,1102.2881,517.4847,1090.9888,493.63477
146,19,car,1354.5366,632.0197,1426.3907,726.7168,1390.4636,679.3683
146,69,car,487.8501,414.54388,585.8532,494.34644,536.8517,454.44516
146,181,car,694.2574,493.93875,759.7735,578.7143,727.01544,536.32654
146,262,person,1835.4028,984.9601,1874.8644,1073.8793,1855.1335,1029.4197
146,366,car,1355.7415,501.6177,1414.2233,558.67914,1384.9824,530.14844
146,128,car,666.85974,281.52383,732.5226,336.32806,699.69116,308.92596
146,512,car,1207.712,551.8366,1235.525,610.3214,1221.6185,581.079
146,480,person,1647.7239,757.14606,1677.4276,820.41113,1662.5757,788.77856
146,417,car,800.91016,381.698,851.85516,427.3393,826.3827,404.51865
146,523,car,717.8825,236.83391,779.3753,284.15363,748.6289,260.49377
146,53,truck,1575.3094,373.86667,1920.0,856.66406,1747.6548,615.2654
146,571,person,931.7862,419.5144,965.2685,485.323,948.52734,452.4187
146,21,truck,1335.1012,439.8685,1407.1555,539.4514,1371.1284,489.65997
146,554,car,803.03656,225.24272,860.00745,281.79968,831.522,253.52121
147,5,car,1413.4663,610.8256,1521.1094,729.7757,1467.2878,670.30066
147,11,car,1607.2123,935.93146,1732.2902,1074.6912,1669.7512,1005.3113
147,16,car,0.0,923.41095,78.65849,1072.5573,39.329247,997.98413
147,70,car,264.84363,567.83704,421.34933,691.28076,343.0965,629.5589
147,106,car,147.52345,878.1038,337.06476,1080.0,242.2941,979.0519
147,25,car,1328.5348,577.4903,1390.6139,658.4149,1359.5743,617.95264
147,18,car,469.33887,619.0723,612.9471,766.2377,541.14294,692.655
147,147,car,702.32245,326.7713,778.97455,393.73148,740.6485,360.2514
147,66,person,1079.6285,468.456,1102.8427,517.6834,1091.2356,493.0697
147,19,car,1355.3344,632.1666,1428.3704,727.83887,1391.8523,680.00275
147,69,car,483.72266,416.22183,580.92163,495.35852,532.32214,455.79016
147,181,car,692.7537,498.8142,757.4944,582.35815,725.124,540.5862
147,262,person,1837.1385,987.27496,1873.037,1066.2471,1855.0878,1026.761
147,366,car,1355.2086,501.17398,1414.298,559.22296,1384.7533,530.1985
147,128,car,664.75653,282.75626,731.5705,338.42435,698.1635,310.5903
147,512,car,1209.4835,555.8259,1237.9622,614.5742,1223.7229,585.2001
147,480,person,1646.1388,756.08167,1676.4186,820.18274,1661.2787,788.1322
147,417,car,798.15326,381.9533,852.8008,430.69547,825.47705,406.3244
147,523,car,714.21606,236.48753,778.1965,286.1105,746.2063,261.299
147,53,truck,1575.8881,373.15237,1920.0,856.608,1747.9441,614.8802
147,571,person,931.8495,423.85287,963.9756,487.4249,947.91254,455.6389
147,21,truck,1331.5491,439.4895,1410.0792,548.94006,1370.8142,494.21478
147,554,car,803.30774,227.42252,859.45996,283.21762,831.38385,255.32007
147,421,motorcycle,777.27747,738.9842,814.2276,815.3509,795.75256,777.16754
148,5,car,1413.6163,611.0432,1520.7382,729.9031,1467.1772,670.47314
148,11,car,1606.9657,936.06445,1732.7059,1075.22,1669.8358,1005.6422
148,70,car,258.34225,572.35315,416.28397,696.93506,337.3131,634.6441
148,106,car,145.79434,889.03876,327.15717,1080.0,236.47575,984.5194
148,25,car,1327.4429,578.38324,1391.96,662.92645,1359.7014,620.65485
148,18,car,465.2187,623.12396,610.2215,771.88477,537.7201,697.5044
148,147,car,700.1613,328.126,777.5555,396.38623,738.8584,362.2561
148,66,person,1079.9738,467.9919,1103.0929,517.3221,1091.5333,492.65698
148,19,car,1356.1345,633.0164,1429.2252,728.40344,1392.6799,680.70996
148,69,car,477.73373,418.73566,577.97797,500.51572,527.85583,459.62567
148,181,car,688.9332,501.43872,756.5402,588.93256,722.7367,545.18567
148,262,person,1838.631,989.6423,1871.8269,1060.9841,1855.229,1025.3132
148,366,car,1354.9965,502.47452,1413.8396,560.6056,1384.418,531.54004
148,128,car,665.46875,283.09314,730.8716,337.67035,698.17017,310.38174
148,512,car,1210.5394,559.1255,1239.8602,618.51697,1225.1998,588.8212
148,480,person,1645.9315,755.70447,1675.6652,818.35345,1660.7983,787.02893
148,417,car,793.47034,375.5733,857.36053,433.62335,825.4154,404.59833
148,523,car,713.96204,238.97623,776.673,287.05618,745.3175,263.0162
148,53,truck,1574.1576,374.92612,1920.0,861.19556,1747.0789,618.06085
148,571,person,931.2703,429.49307,962.7472,491.9515,947.0088,460.7223
148,21,truck,1330.2032,439.51703,1411.1257,553.31793,1370.6646,496.41748
148,554,car,802.6,226.4943,859.0918,282.92184,830.8459,254.70807
148,592,car,793.29486,308.11084,857.0812,372.66315,825.188,340.387
148,593,car,874.9637,352.4001,919.5004,407.86923,897.23206,380.13464
148,594,motorcycle,764.66376,716.30927,822.89606,819.35547,793.7799,767.8324
148,421,motorcycle,772.81946,741.7108,814.06006,825.0307,793.43976,783.3707
149,5,car,1414.337,611.46826,1520.7859,729.96265,1467.5615,670.71545
149,11,car,1606.7682,936.19037,1732.3708,1074.8422,1669.5696,1005.51624
149,70,car,251.5747,577.2182,410.46637,702.56006,331.02054,639.88916
149,106,car,140.8555,901.96234,314.93167,1080.0,227.89359,990.9812
149,25,car,1327.0848,578.8245,1392.6582,665.2294,1359.8716,622.027
149,18,car,459.64093,627.3047,606.65936,778.31104,533.15015,702.80786
149,147,car,700.45795,330.2419,776.9642,398.12762,738.71106,364.18475
149,19,car,1355.4518,633.0362,1429.077,729.0053,1392.2644,681.02075
149,69,car,474.12082,421.3826,574.80896,503.7534,524.4649,462.568
149,181,car,686.24835,503.7754,754.8545,592.4756,720.5514,548.1255
149,366,car,1354.447,502.20636,1413.6523,561.0442,1384.0497,531.62524
149,128,car,661.4928,284.18652,728.562,340.07724,695.0274,312.1319
149,480,person,1645.707,755.6839,1674.9554,817.1064,1660.3313,786.39514
149,417,car,791.1489,376.014,857.88477,437.052,824.51685,406.53302
149,523,car,707.4388,238.89212,777.8799,293.51364,742.6593,266.20288
149,53,truck,1573.707,375.5594,1920.0,862.09314,1746.8535,618.8263
149,571,person,929.8387,431.38516,962.6833,496.92462,946.261,464.1549
149,21,truck,1327.9547,439.01138,1412.0688,558.1782,1370.0117,498.5948
149,554,car,802.525,225.96338,860.0932,283.78244,831.3091,254.87291
149,592,car,787.4964,309.77075,858.29767,381.5138,822.89703,345.64227
149,593,car,871.5948,352.72617,917.49884,409.82495,894.5468,381.27557
149,594,motorcycle,762.816,719.4495,823.37354,826.73706,793.0947,773.09326
149,421,motorcycle,770.63354,748.1887,814.1647,833.7533,792.3991,790.971
150,5,car,1414.4252,611.29877,1520.6211,729.70215,1467.5232,670.5005
150,11,car,1605.8672,936.4479,1731.6176,1074.9667,1668.7424,1005.7073
150,70,car,245.18796,582.9289,405.3489,709.35535,325.26843,646.1421
150,106,car,137.73242,914.6453,304.9638,1080.0,221.34811,997.32263
150,25,car,1326.9746,578.9425,1393.4286,666.96625,1360.2017,622.95435
150,18,car,454.66245,632.6559,602.6719,784.72,528.6672,708.6879
150,147,car,699.5339,335.99265,771.6016,399.69467,735.56775,367.84366
150,19,car,1355.0703,633.0049,1428.787,728.89435,1391.9287,680.9496
150,69,car,468.93317,424.57953,571.5449,508.37698,520.239,466.47827
150,181,car,682.9879,506.20596,753.8116,598.2111,718.3998,552.20856
150,366,car,1354.1976,502.01422,1413.5,561.2586,1383.8489,531.6364
150,128,car,658.79553,285.65762,726.09534,341.8527,692.44543,313.75516
150,480,person,1645.2812,755.44104,1673.2697,813.854,1659.2754,784.6475
150,417,car,788.1787,379.2105,854.1189,440.07578,821.1488,409.64313
150,523,car,705.55756,240.25784,775.5446,294.60678,740.5511,267.4323
150,53,truck,1574.1493,375.15707,1919.9556,860.80164,1747.0525,617.9794
150,571,person,929.2195,433.4389,962.332,499.82443,945.77576,466.63165
150,21,truck,1327.5479,438.80646,1412.6829,560.3776,1370.1154,499.59204
150,554,car,803.0403,230.96729,856.7639,284.67334,829.9021,257.8203
150,593,car,867.4703,351.53003,916.7501,412.66397,892.1102,382.097
150,594,motorcycle,760.2,730.5653,819.8265,836.3708,790.01324,783.468
150,512,person,1212.1244,569.2524,1243.4364,633.3761,1227.7804,601.3142
151,5,car,1415.0154,611.19543,1521.1072,729.80084,1468.0613,670.49817
151,11,car,1606.2825,936.9978,1731.9279,1074.6746,1669.1052,1005.8362
151,70,car,236.75716,588.6186,399.7092,716.976,318.2332,652.7973
151,106,car,133.27385,927.1283,293.72873,1080.0,213.50128,1003.56415
151,25,car,1326.6489,578.8849,1394.4073,669.295,1360.5281,624.08997
151,18,car,449.1998,638.8592,599.028,792.98865,524.1139,715.92395
151,147,car,697.79724,338.4991,770.3415,402.4843,734.06934,370.4917
151,19,car,1354.4971,632.97046,1427.949,728.60034,1391.223,680.7854
151,69,car,466.19714,428.33353,568.50006,511.88623,517.34863,470.10986
151,181,car,681.3456,512.0132,751.87317,603.6094,716.6094,557.8113
151,366,car,1354.3427,500.65594,1413.9021,560.3075,1384.1223,530.4817
151,128,car,657.9598,286.64066,725.01263,343.06116,691.4862,314.8509
151,480,person,1644.1818,755.05664,1672.831,815.22943,1658.5063,785.14307
151,417,car,789.4795,387.49252,849.54395,442.4278,819.5117,414.96014
151,523,car,704.1395,239.30447,772.4903,292.9022,738.31494,266.10333
151,53,truck,1572.555,374.921,1919.9042,863.19055,1746.2296,619.0558
151,571,person,927.96423,440.0337,960.79663,506.37704,944.38043,473.20538
151,21,truck,1327.607,438.6876,1411.7238,558.8055,1369.6654,498.74652
151,554,car,802.22565,233.07072,854.66724,285.1382,828.4464,259.10446
151,593,car,866.64557,354.80234,914.9065,414.37476,890.776,384.58856
151,606,car,1271.5547,450.6161,1316.9484,512.88837,1294.2515,481.75223
151,512,person,1213.2749,573.9878,1245.0792,639.89813,1229.177,606.943
151,592,car,787.45044,312.24078,854.4376,380.31586,820.94403,346.27832
151,421,motorcycle,765.9192,772.7783,809.59906,856.75977,787.75916,814.76904
152,5,car,1415.3297,610.81915,1521.5748,729.94366,1468.4523,670.3814
152,11,car,1606.2285,937.4487,1731.6864,1074.2306,1668.9575,1005.83966
152,70,car,227.7026,591.5321,396.306,724.77,312.0043,658.15106
152,106,car,130.14644,940.8431,281.48907,1080.0,205.81775,1010.4215
152,25,car,1327.7428,578.1585,1393.2649,665.3051,1360.5039,621.7318
152,18,car,443.16077,642.69775,596.6318,801.2397,519.89624,721.96875
152,147,car,697.39557,344.53024,766.3957,404.93546,731.8956,374.73285
152,19,car,1352.183,630.77966,1428.1853,728.83215,1390.1841,679.8059
152,69,car,464.60815,431.64517,566.4663,514.65076,515.53723,473.14795
152,181,car,678.6715,516.8905,751.75024,612.2686,715.2109,564.5796
152,366,car,1355.3405,500.18246,1414.1481,559.2286,1384.7443,529.7055
152,128,car,656.2872,286.56747,724.3636,344.37292,690.3254,315.4702
152,480,person,1643.5345,752.70435,1672.2206,813.11206,1657.8776,782.9082
152,417,car,789.4413,390.83203,848.96063,444.8861,819.2009,417.85907
152,523,car,705.2764,239.44377,773.2551,293.2333,739.26575,266.33853
152,53,truck,1574.3021,373.36862,1920.0,860.49146,1747.1511,616.93005
152,571,person,927.3805,444.60416,959.7544,510.48453,943.56744,477.54434
152,21,truck,1326.9504,438.47476,1412.5093,561.2761,1369.7299,499.87543
152,554,car,800.1597,231.30142,855.72906,286.86887,827.9444,259.08514
152,593,car,870.9408,357.9,917.9151,416.22186,894.428,387.0609
152,592,car,784.4039,314.86014,855.5793,387.52917,819.9916,351.19464
152,421,motorcycle,761.0456,772.8447,810.3473,866.67725,785.6964,819.761
153,5,car,1415.3276,610.81415,1521.436,729.9311,1468.3818,670.3726
153,11,car,1606.2023,937.92114,1732.9447,1075.4453,1669.5735,1006.6832
153,70,car,220.8298,595.91797,389.7433,729.5563,305.28656,662.7371
153,106,car,128.9623,956.42706,270.18988,1080.0,199.57608,1018.2135
153,25,car,1327.8104,577.5826,1393.3225,664.62964,1360.5664,621.1061
153,18,car,438.18677,647.98083,593.1626,808.69476,515.6747,728.33777
153,147,car,694.16895,345.40332,765.09186,407.73877,729.6304,376.57104
153,19,car,1352.2699,631.4317,1428.9728,730.8798,1390.6213,681.15576
153,69,car,461.17233,433.80423,563.8641,517.3406,512.5182,475.5724
153,181,car,675.50726,520.43744,749.42584,617.01904,712.46655,568.7283
153,366,car,1356.244,499.80292,1414.337,558.2936,1385.2905,529.0482
153,128,car,655.8085,290.6145,721.2021,346.51395,688.50525,318.5642
153,480,person,1642.2122,749.74536,1672.4764,814.0431,1657.3442,781.8942
153,417,car,786.84924,390.67838,848.04645,446.58017,817.4479,418.62927
153,523,car,705.2566,240.31714,772.90265,293.84808,739.0796,267.0826
153,53,truck,1573.8752,374.8082,1920.0,863.12976,1746.9376,618.969
153,571,person,926.47345,445.46222,959.6152,513.46326,943.0443,479.46274
153,21,truck,1325.9648,438.30615,1412.3296,562.56494,1369.1472,500.43555
153,554,car,799.9342,232.63925,855.34174,288.3064,827.63794,260.47284
153,593,car,872.8131,362.9087,917.01886,417.8189,894.916,390.3638
153,592,car,786.0987,315.30878,850.12866,380.44003,818.11365,347.8744
153,421,motorcycle,758.43207,791.90204,805.70135,880.941,782.0667,836.4215
153,609,person,792.06915,507.18344,824.73157,581.84753,808.4004,544.5155
153,512,person,1216.2107,584.12805,1247.142,648.00146,1231.6763,616.06476
154,5,car,1415.4414,611.0948,1521.2631,730.0082,1468.3523,670.5515
154,11,car,1605.701,938.19135,1733.4956,1076.3965,1669.5984,1007.29395
154,70,car,212.1479,601.65924,384.64502,738.3873,298.39645,670.0233
154,106,car,127.247955,971.81915,257.06195,1080.0,192.15495,1025.9095
154,25,car,1329.5332,578.1078,1391.5372,659.68146,1360.5352,618.89465
154,18,car,432.9381,653.6745,590.2851,817.85126,511.6116,735.7629
154,147,car,693.1237,346.786,765.03314,410.00708,729.0784,378.39655
154,19,car,1353.7654,631.82355,1430.257,731.6162,1392.0112,681.71985
154,69,car,456.8793,437.2031,559.07574,520.497,507.97754,478.85004
154,181,car,672.38855,524.58276,745.89655,621.0722,709.1426,572.8275
154,366,car,1356.7804,499.95282,1414.0779,557.7524,1385.4292,528.8526
154,128,car,653.3623,292.58875,718.6392,348.75858,686.00073,320.67365
154,417,car,785.8735,393.83942,846.425,449.07547,816.14923,421.45746
154,523,car,704.2081,241.4952,770.1972,293.86908,737.20264,267.68213
154,53,truck,1574.423,373.32306,1920.0,861.54047,1747.2114,617.43176
154,571,person,925.6513,449.47876,958.8614,518.2231,942.25635,483.85092
154,21,truck,1326.928,438.41486,1412.0918,561.32947,1369.5099,499.87216
154,554,car,798.532,234.19324,853.7772,289.79944,826.1546,261.99634
154,593,car,874.40857,367.43225,915.79407,418.71442,895.1013,393.07333
154,421,motorcycle,756.01935,800.5739,803.9507,889.86633,779.985,845.2201
154,609,person,789.22504,515.05457,822.35394,590.709,805.7895,552.8818
154,512,person,1216.1367,587.0855,1248.5309,654.5923,1232.3337,620.83887
155,5,car,1416.1066,611.3041,1521.5911,729.9003,1468.8489,670.6022
155,11,car,1606.028,938.15,1734.0975,1076.227,1670.0627,1007.18854
155,70,car,205.27257,606.9759,380.07657,745.7549,292.67456,676.36536
155,106,car,126.05468,983.79694,247.15111,1078.861,186.60289,1031.329
155,25,car,1329.0343,577.04346,1392.6816,660.6317,1360.8579,618.8376
155,18,car,426.3664,659.2116,584.9677,825.1964,505.66705,742.204
155,147,car,690.4708,347.6667,765.2091,413.38177,727.83997,380.52423
155,19,car,1356.5754,632.99054,1432.5323,732.1776,1394.554,682.5841
155,69,car,450.99478,439.71506,555.38794,525.0981,503.19135,482.40656
155,181,car,669.8032,528.67017,745.98975,629.7928,707.8965,579.23145
155,366,car,1357.6112,499.7256,1414.2618,557.00494,1385.9365,528.36523
155,128,car,652.0797,294.0841,717.6097,350.65958,684.8447,322.37183
155,417,car,787.25507,400.33365,843.6847,451.21826,815.46985,425.77594
155,523,car,702.6638,242.86166,768.63196,294.75073,735.6479,268.8062
155,53,truck,1575.4467,374.41016,1919.7347,860.0508,1747.5907,617.23047
155,21,truck,1328.3225,438.4763,1412.0323,559.6413,1370.1775,499.05878
155,554,car,796.62134,234.0652,853.0243,290.91843,824.8228,262.49182
155,421,motorcycle,752.56604,817.6833,801.13934,908.76373,776.85266,863.2235
155,609,person,789.27594,518.71155,818.22125,584.1164,803.7486,551.41394
155,66,person,1078.2964,464.93964,1101.1772,514.1512,1089.7368,489.5454
155,594,person,753.43134,776.48315,805.9502,870.17725,779.6908,823.3302
156,5,car,1416.5562,611.5507,1521.6858,729.90076,1469.121,670.7257
156,11,car,1607.1903,938.4298,1735.1543,1076.0184,1671.1724,1007.2241
156,70,car,197.50992,611.05316,375.15445,752.46405,286.33218,681.7586
156,25,car,1328.6305,577.072,1393.4813,662.1634,1361.0559,619.6177
156,18,car,421.51526,665.4345,579.5388,830.74963,500.52704,748.09204
156,147,car,685.643,349.3409,762.0857,416.85733,723.8644,383.09912
156,19,car,1357.8602,633.5399,1433.2245,731.88104,1395.5424,682.71045
156,69,car,447.05188,444.50632,550.7294,529.24805,498.89062,486.8772
156,181,car,666.59814,532.3949,745.12,637.57056,705.8591,584.9827
156,366,car,1357.9039,499.8143,1414.361,557.05756,1386.1324,528.4359
156,128,car,649.0651,295.5905,715.9553,353.53287,682.51025,324.5617
156,417,car,783.4246,400.4571,845.0512,456.33615,814.2379,428.3966
156,523,car,701.7479,244.17926,768.1039,296.4481,734.9259,270.31366
156,53,truck,1575.1392,375.87784,1920.0,864.3872,1747.5696,620.1325
156,21,truck,1331.2108,438.56168,1410.6823,553.10364,1370.9465,495.83264
156,554,car,795.3873,233.2722,852.31445,290.93808,823.8509,262.10513
156,609,person,788.0362,526.79724,815.7722,588.72736,801.9042,557.7623
156,66,person,1078.4156,464.78723,1101.085,513.7694,1089.7502,489.27832
156,594,person,753.9155,784.8153,798.0663,862.49194,775.9909,823.6536
156,480,person,1639.476,744.606,1671.5339,813.05035,1655.5049,778.8282
156,571,person,923.2459,456.55753,957.72974,528.5781,940.4878,492.5678
157,5,car,1417.0942,611.6505,1521.8135,729.7099,1469.4539,670.6802
157,11,car,1607.6249,938.65564,1735.5768,1075.8962,1671.6008,1007.27594
157,70,car,188.5275,616.09283,369.9905,760.72754,279.259,688.41016
157,25,car,1329.233,579.16547,1393.54,663.4041,1361.3865,621.2848
157,18,car,409.51154,671.3817,572.4756,840.8807,490.99356,756.1312
157,147,car,683.4561,351.84604,760.07056,419.76135,721.7633,385.8037
157,19,car,1357.5583,631.6731,1433.1953,730.7407,1395.3768,681.2069
157,69,car,441.7943,446.08316,548.696,533.8909,495.24515,489.98706
157,181,car,663.72205,538.70447,742.25354,644.57745,702.9878,591.641
157,366,car,1360.1075,500.3359,1413.1045,553.7797,1386.606,527.0578
157,128,car,646.7133,296.22055,715.082,355.3467,680.89764,325.78363
157,417,car,780.19244,399.73038,845.9957,459.90588,813.0941,429.8181
157,523,car,699.3912,244.91359,766.9225,297.67578,733.15686,271.29468
157,53,truck,1574.754,376.41748,1920.0,865.462,1747.377,620.9397
157,21,truck,1335.3497,438.72363,1407.7972,541.3942,1371.5735,490.05893
157,554,car,794.4271,235.29266,850.0098,291.75598,822.2185,263.52432
157,609,person,781.89996,534.9748,816.00806,611.41235,798.954,573.1936
157,594,person,751.678,795.95245,795.00134,870.9664,773.33966,833.4594
157,620,car,1298.3068,510.58093,1347.9926,577.4191,1323.1497,544.0
157,621,person,748.37555,793.8143,798.0569,906.4162,773.2162,850.11523
157,480,person,1637.8236,746.4251,1670.0735,815.9416,1653.9485,781.18335
157,571,person,923.78705,460.4587,956.57263,529.5147,940.1798,494.9867
157,593,car,870.5661,371.94476,916.90405,429.96213,893.7351,400.95343
157,512,person,1221.1702,602.6799,1253.9546,671.0011,1237.5624,636.84045
157,106,car,118.11622,1013.4784,213.60934,1080.0,165.86278,1046.7393
157,421,motorcycle,750.6465,847.49744,795.9629,931.3721,773.3047,889.43475
158,5,car,1417.7166,612.0388,1521.8491,729.6659,1469.7828,670.85236
158,11,car,1608.0623,938.5645,1736.5079,1075.8121,1672.2852,1007.18835
158,70,car,179.45865,621.83,362.6259,767.993,271.04227,694.9115
158,25,car,1329.9875,580.4103,1393.5723,663.56506,1361.7799,621.9877
158,18,car,395.8602,677.3793,564.24646,850.0383,480.05334,763.7088
158,147,car,678.6896,351.88065,758.35455,422.30844,718.5221,387.09454
158,19,car,1357.4401,630.5144,1432.7965,729.6371,1395.1183,680.07574
158,69,car,440.3452,449.60706,547.31506,537.80585,493.83014,493.70645
158,181,car,660.13007,542.8211,740.50775,652.23865,700.3189,597.5299
158,128,car,645.48315,297.12787,714.6392,357.15106,680.06116,327.13947
158,417,car,776.86426,402.60504,844.3209,464.58377,810.5926,433.59442
158,523,car,699.4806,245.70409,765.3845,297.1341,732.43256,271.4191
158,53,truck,1574.3812,375.58167,1919.8616,863.779,1747.1213,619.6803
158,554,car,791.4631,235.60736,849.10254,294.35956,820.28284,264.98346
158,609,person,777.8572,541.1029,814.03424,622.2192,795.9457,581.661
158,594,person,748.5525,806.022,796.3339,888.6913,772.44324,847.3566
158,620,car,1298.7135,511.22617,1348.5785,578.1634,1323.646,544.69476
158,621,person,745.4338,804.0688,798.12537,923.42773,771.77954,863.7483
158,480,person,1636.4019,746.3811,1669.0593,817.41876,1652.7306,781.8999
158,571,person,924.6312,466.78433,955.4401,531.9483,940.03564,499.36633
158,593,car,868.16705,372.14746,915.83795,432.36844,892.0025,402.25793
158,512,person,1222.8832,610.1655,1254.2035,675.3294,1238.5433,642.74744
158,106,car,113.26777,1025.8606,200.57434,1080.0,156.92105,1052.9303
158,421,motorcycle,745.591,852.76685,795.5904,945.06964,770.5907,898.9182
159,5,car,1417.8625,611.90485,1521.9634,729.71234,1469.913,670.8086
159,11,car,1607.8922,937.7581,1737.2543,1075.4073,1672.5732,1006.58276
159,70,car,173.96513,628.4256,357.62448,775.04865,265.7948,701.7371
159,25,car,1330.2898,580.9353,1394.2164,664.4471,1362.2532,622.69116
159,18,car,392.37064,684.33563,563.4521,858.9235,477.91138,771.6296
159,147,car,678.44794,361.56427,751.6369,425.41156,715.0424,393.4879
159,19,car,1357.937,631.9685,1433.6958,731.69574,1395.8164,681.83215
159,69,car,437.61804,453.00873,544.86615,541.3101,491.2421,497.15942
159,181,car,658.15295,546.954,738.4372,656.3372,698.29504,601.6456
159,128,car,640.7656,297.5698,712.3952,359.74088,676.58044,328.65533
159,417,car,774.54114,402.99176,844.2518,467.85715,809.3965,435.42444
159,523,car,698.69385,249.22867,760.9886,297.78827,729.8412,273.50848
159,53,truck,1574.5109,374.80444,1920.0,863.27966,1747.2554,619.04205
159,554,car,791.3575,236.69841,849.3327,296.06784,820.3451,266.38312
159,609,person,775.20966,546.8401,810.54,625.6857,792.8748,586.26294
159,594,person,746.0702,817.10724,794.6755,900.66394,770.3728,858.8856
159,620,car,1298.3246,511.42526,1348.6694,578.8476,1323.4971,545.1364
159,621,person,739.4213,815.5171,797.44415,946.813,768.43274,881.16504
159,480,person,1636.3363,746.52216,1668.7745,818.0078,1652.5554,782.265
159,571,person,923.3618,471.8734,954.86145,538.3464,939.11163,505.1099
159,512,person,1224.4609,615.21173,1255.2946,679.2028,1239.8777,647.2073
159,421,motorcycle,741.6534,867.2331,790.65656,957.973,766.15497,912.603
159,592,car,778.9452,329.36804,842.5023,393.3589,810.72375,361.36346
160,5,car,1417.857,611.31757,1522.0492,729.4568,1469.9531,670.3872
160,11,car,1608.0131,937.5059,1737.6023,1074.8865,1672.8076,1006.19617
160,70,car,167.492,635.4597,350.5326,781.31396,259.0123,708.38684
160,25,car,1329.9602,581.06573,1394.4778,665.416,1362.219,623.24084
160,18,car,387.14542,690.97705,560.5939,867.7046,473.86963,779.3408
160,147,car,675.63416,360.20526,754.08923,429.13553,714.8617,394.6704
160,19,car,1357.5015,632.1006,1434.2673,733.4816,1395.8844,682.79114
160,69,car,431.79767,454.994,541.14825,544.7072,486.47296,499.8506
160,181,car,655.24817,551.6533,734.1695,659.4714,694.70886,605.5624
160,128,car,638.605,299.62146,710.2321,361.71295,674.4186,330.6672
160,417,car,772.1864,403.63663,844.2146,471.41132,808.2005,437.524
160,523,car,698.5,250.9031,758.0102,297.58945,728.2551,274.24628
160,53,truck,1575.3688,374.40518,1919.0525,859.9176,1747.2107,617.1614
160,554,car,791.2399,236.23245,849.6127,296.33804,820.4263,266.28525
160,609,person,771.4619,552.9285,808.5375,635.8136,789.9997,594.3711
160,620,car,1297.4487,511.85318,1347.841,579.21124,1322.6448,545.5322
160,621,person,737.4283,827.77167,795.9084,959.74963,766.66833,893.7606
160,480,person,1636.3331,746.45624,1668.5388,818.1928,1652.436,782.3245
160,571,person,922.96643,476.28033,954.7983,543.5283,938.8823,509.90433
160,512,person,1225.9587,621.4983,1256.8912,686.17316,1241.425,653.8357
160,421,motorcycle,739.49115,873.7885,791.29126,969.2858,765.39124,921.5372
160,592,car,774.27795,331.04498,839.6245,395.47406,806.95123,363.25952
161,5,car,1417.994,611.4484,1522.0531,729.76245,1470.0236,670.60547
161,11,car,1608.5001,937.465,1737.8341,1073.9261,1673.1671,1005.69556
161,70,car,157.8029,640.34814,345.68433,790.1655,251.74362,715.25684
161,25,car,1330.4403,580.97656,1395.6174,666.0895,1363.0288,623.533
161,18,car,382.38126,697.452,557.02374,875.0346,469.7025,786.2433
161,147,car,673.5556,358.29056,755.6418,430.97168,714.5987,394.6311
161,19,car,1357.2804,633.2458,1433.6998,734.18555,1395.4901,683.7157
161,69,car,425.19702,457.7333,536.9318,549.1251,481.06442,503.4292
161,181,car,653.9375,556.71344,732.6347,664.6453,693.28613,610.6794
161,128,car,637.2615,302.02448,709.1503,364.0475,673.20593,333.03598
161,417,car,772.29895,406.8929,842.56885,473.17538,807.4339,440.03415
161,523,car,696.94904,252.35155,759.86957,302.02533,728.4093,277.18845
161,53,truck,1574.6969,374.99838,1918.9966,861.2058,1746.8467,618.1021
161,554,car,790.61914,237.81001,848.2619,297.80795,819.44055,267.809
161,609,person,769.2152,561.1043,806.78656,645.2658,788.00085,603.18506
161,620,car,1297.1503,512.05585,1347.4448,579.156,1322.2976,545.60596
161,621,person,734.41705,838.77014,793.2119,971.25684,763.81445,905.0135
161,480,person,1636.1757,746.2252,1668.5345,818.96893,1652.3551,782.59705
161,421,motorcycle,737.1447,891.03937,786.79083,981.6024,761.9678,936.3209
161,592,car,773.718,332.23984,840.2523,396.57272,806.98517,364.40628
161,594,person,738.8087,838.8503,789.8692,925.4482,764.339,882.14923
162,5,car,1418.1312,611.6644,1521.5477,729.6069,1469.8395,670.6356
162,11,car,1608.3662,937.8617,1739.138,1075.442,1673.7521,1006.65186
162,70,car,149.43182,643.53876,341.58945,797.27423,245.51064,720.4065
162,25,car,1331.1584,581.2343,1396.3553,666.11255,1363.7568,623.67346
162,18,car,379.52014,703.7718,555.8281,883.3182,467.67413,793.545
162,147,car,670.12036,362.59537,751.34375,434.56024,710.73206,398.57782
162,19,car,1357.2504,633.7677,1432.972,733.95013,1395.1112,683.8589
162,69,car,418.75375,460.28348,533.219,554.3237,475.9864,507.3036
162,181,truck,649.0562,560.761,731.0102,673.7692,690.0332,617.26514
162,128,car,632.3218,303.1739,706.0755,367.05896,669.1986,335.11642
162,523,car,695.8686,252.02725,756.8753,300.74802,726.37195,276.38763
162,53,truck,1574.6991,374.86453,1919.7316,862.2958,1747.2153,618.58014
162,554,car,790.1977,237.16687,849.0008,299.15817,819.59924,268.16254
162,609,person,765.1759,567.50726,799.7489,643.88696,782.4624,605.69714
162,620,car,1296.849,511.8912,1347.5895,579.52454,1322.2192,545.7079
162,621,person,731.7641,852.67194,790.18195,984.0838,760.973,918.37787
162,480,person,1635.8562,745.03406,1668.8024,819.8857,1652.3293,782.45984
162,421,motorcycle,733.46246,910.9609,782.2217,999.07446,757.84204,955.0177
162,635,person,953.51495,358.2446,977.4133,408.745,965.4641,383.4948
163,5,car,1418.521,612.27167,1521.2028,729.5876,1469.8618,670.9296
163,11,car,1608.6498,937.9426,1740.611,1076.4921,1674.6304,1007.21735
163,70,car,140.5608,647.9696,336.93002,805.5154,238.74542,726.7425
163,25,car,1331.466,581.2796,1396.3907,665.49524,1363.9283,623.38745
163,18,car,374.32202,711.04266,552.371,893.17096,463.3465,802.1068
163,147,car,667.64294,365.0438,750.6628,438.94888,709.15283,401.99634
163,19,car,1357.7574,634.1168,1433.1084,733.9758,1395.4329,684.0463
163,69,car,415.2708,463.06396,530.928,558.7145,473.0994,510.88922
163,181,car,648.65436,567.8303,726.65857,675.23157,687.6565,621.53094
163,128,car,631.7412,305.00525,704.6335,367.6633,668.1874,336.3343
163,523,car,695.236,251.84439,757.4199,301.61426,726.328,276.7293
163,53,truck,1574.5566,374.97406,1919.0145,861.30725,1746.7856,618.1406
163,609,person,762.1512,575.6513,795.2409,647.3864,778.69604,611.51886
163,620,car,1296.9208,511.6811,1348.0459,579.67053,1322.4834,545.6758
163,621,person,732.4544,865.1326,784.4781,980.8629,758.46625,922.9978
163,480,person,1635.9214,744.98157,1668.3282,819.5489,1652.1248,782.26526
163,421,motorcycle,729.5708,924.1281,780.29376,1015.2956,754.93225,969.71185
163,571,person,917.05493,491.95578,953.2926,568.4701,935.17377,530.21295
163,512,person,1232.7174,641.3462,1265.6006,710.37415,1249.1589,675.86017
163,417,car,770.6865,422.2589,834.7003,481.53595,802.6934,451.89743
163,592,car,768.8887,335.45523,835.9037,400.3566,802.3962,367.9059
164,5,car,1418.1255,611.7594,1520.8291,729.3011,1469.4773,670.5303
164,11,car,1609.2435,938.2972,1741.6111,1076.8595,1675.4272,1007.57837
164,70,car,131.09695,654.3619,330.1543,814.2312,230.62563,734.2965
164,25,car,1331.4359,581.126,1396.4119,665.18555,1363.9238,623.15576
164,18,car,368.02142,717.40576,548.23016,902.55786,458.1258,809.9818
164,147,car,665.83417,369.23593,747.6652,441.9327,706.7497,405.58432
164,19,car,1358.5596,634.33655,1433.5947,733.7638,1396.0771,684.0502
164,69,car,410.4702,466.64114,526.8351,563.17975,468.65265,514.91046
164,181,truck,644.9098,572.43256,725.58203,683.7783,685.2459,628.10547
164,128,car,629.2213,306.3735,702.45233,369.86743,665.8368,338.12048
164,523,car,694.6918,254.01146,752.89905,300.68515,723.7954,277.3483
164,609,person,758.7856,584.71124,791.8574,655.2303,775.32153,619.97076
164,620,car,1296.6881,511.20792,1348.2576,579.6612,1322.4729,545.4346
164,621,person,733.52545,878.6317,779.0506,977.271,756.288,927.95135
164,480,person,1635.5758,744.96674,1667.6948,819.6044,1651.6353,782.2855
164,512,person,1234.0145,646.50586,1268.9335,720.86945,1251.474,683.6876
164,417,car,768.1322,423.5339,833.60724,484.1541,800.86975,453.844
165,5,car,1417.7993,611.8915,1520.7186,729.80585,1469.259,670.84863
165,11,car,1609.5833,939.39185,1741.5586,1076.9896,1675.5709,1008.19073
165,70,car,125.03643,662.0179,322.98804,820.868,224.01224,741.44293
165,25,car,1331.1093,581.0474,1396.4921,665.36597,1363.8007,623.20667
165,18,car,361.39658,724.40094,544.37476,913.4895,452.88568,818.9452
165,147,car,661.68774,369.5373,745.7279,444.17352,703.7078,406.8554
165,19,car,1359.9103,634.36115,1434.2833,732.5511,1397.0968,683.4561
165,69,car,407.43604,469.32678,523.1835,565.2727,465.30975,517.29974
165,181,car,643.3317,576.53577,722.64136,685.89154,682.9866,631.2136
165,128,car,621.64825,307.2693,697.31714,372.1741,659.48267,339.72168
165,523,car,692.92786,256.23163,752.6794,303.80652,722.8036,280.01907
165,609,person,753.00214,591.9653,788.7973,667.0729,770.8997,629.51904
165,620,car,1296.962,510.8033,1349.2744,580.09,1323.1182,545.44666
165,621,person,730.9785,891.5692,776.45874,988.04346,753.7186,939.80634
165,480,person,1635.3997,744.326,1667.164,818.5888,1651.2817,781.4574
165,512,person,1235.4307,651.08093,1271.6737,729.3597,1253.5522,690.22034
165,417,car,765.87524,427.6586,833.19037,489.34268,799.53284,458.50064
165,21,truck,1333.9915,438.7894,1411.7643,549.147,1372.8779,493.9682
165,53,truck,1573.8556,373.81296,1918.835,860.63617,1746.3452,617.22455
166,5,car,1416.8115,611.21375,1520.8053,730.6052,1468.8083,670.9095
166,11,car,1609.4462,941.0475,1740.8413,1077.5513,1675.1438,1009.2994
166,70,car,116.398964,668.4863,316.84055,829.2789,216.61975,748.88257
166,25,car,1329.6123,579.33014,1396.9744,666.1381,1363.2933,622.73413
166,18,car,354.96487,730.10944,539.75903,922.11053,447.36194,826.11
166,147,car,659.51556,370.6349,744.43945,446.24966,701.97754,408.44226
166,19,car,1361.0175,634.2084,1435.8741,732.70123,1398.4458,683.45483
166,69,car,403.2587,474.1611,520.01,570.73376,461.63434,522.44745
166,181,car,638.6802,583.36774,722.23395,698.859,680.45703,641.1134
166,128,car,618.60345,307.56134,696.5363,374.3249,657.5699,340.9431
166,523,car,689.69415,256.3665,750.2687,304.76517,719.98145,280.56583
166,609,person,749.90814,599.9892,784.8601,672.22644,767.38416,636.1078
166,620,car,1297.3291,510.78058,1350.0132,580.3797,1323.6711,545.58014
166,621,person,727.4778,905.7163,773.23676,1001.03644,750.3573,953.37634
166,480,person,1635.169,744.85767,1665.9943,817.1498,1650.5815,781.0037
166,512,person,1237.1399,657.6775,1271.7632,732.3599,1254.4515,695.0187
166,417,car,762.5126,425.3518,834.8513,491.7996,798.68195,458.57568
166,649,person,720.93176,903.44934,775.9927,1033.9637,748.4622,968.70654
166,21,truck,1333.6031,438.83344,1412.9567,552.23474,1373.2799,495.5341
166,53,truck,1573.4336,374.20496,1918.8444,861.40594,1746.1389,617.8054
166,593,car,865.22943,397.05817,909.38226,453.28503,887.30585,425.1716
166,594,person,729.68384,905.40674,774.81305,980.3284,752.2484,942.86755
166,421,motorcycle,720.48553,961.25995,771.85474,1051.5541,746.17017,1006.407
167,5,car,1416.4242,610.8291,1521.1289,731.2773,1468.7766,671.0532
167,11,car,1609.6249,942.14844,1740.0486,1077.0186,1674.8367,1009.5835
167,70,car,106.18696,672.9129,312.50098,838.7341,209.34396,755.8235
167,25,car,1331.0153,580.51855,1396.8462,665.0812,1363.9307,622.79987
167,18,truck,347.094,734.987,535.14343,931.6258,441.1187,833.3064
167,147,car,656.8597,372.7315,743.9446,450.29446,700.4021,411.513
167,19,car,1361.2155,633.4413,1438.1738,734.3338,1399.6946,683.8876
167,69,car,399.1347,477.9393,516.39087,575.009,457.7628,526.4741
167,181,car,636.16077,589.1481,719.9592,705.05786,678.06,647.10297
167,128,car,616.53235,308.8983,695.9372,376.9376,656.23474,342.91794
167,523,car,688.88196,258.44217,746.90814,304.43378,717.895,281.438
167,609,person,741.8567,609.6299,784.62823,699.3543,763.24243,654.49207
167,620,car,1297.5559,511.07745,1350.2017,580.43054,1323.8788,545.754
167,621,person,727.4601,921.0824,768.92285,1003.74335,748.19147,962.41284
167,512,person,1238.8246,661.92426,1274.6467,739.74396,1256.7356,700.8341
167,417,car,759.4512,429.01443,832.19403,496.4426,795.82263,462.72852
167,649,person,720.3561,918.2114,774.7842,1046.7784,747.5701,982.49493
167,21,truck,1333.6143,439.01328,1413.4753,554.02264,1373.5448,496.51794
167,53,truck,1573.2238,373.84225,1918.4237,860.3052,1745.8237,617.0737
167,593,car,862.9098,397.1626,909.47754,457.81412,886.19366,427.48834
168,5,car,1416.8384,610.6892,1521.3804,731.3428,1469.1094,671.016
168,11,car,1609.8303,942.4879,1740.7303,1077.0619,1675.2803,1009.7749
168,70,car,97.046936,679.52405,306.68558,848.1693,201.86626,763.8467
168,25,car,1331.7444,580.5763,1397.0945,664.1384,1364.4194,622.35736
168,18,car,341.6019,742.2968,530.323,940.3854,435.96246,841.34106
168,147,car,653.52545,374.30566,743.27515,454.51923,698.40027,414.41245
168,19,car,1360.7537,632.32886,1440.0857,735.86804,1400.4197,684.09845
168,69,car,393.1386,480.1729,513.0776,580.099,453.1081,530.136
168,181,car,634.4199,594.59686,715.963,706.7645,675.19147,650.68066
168,128,car,617.9698,311.4213,695.50476,378.18393,656.7373,344.8026
168,523,car,685.74945,258.74475,746.16943,306.70377,715.9595,282.72424
168,609,person,739.17426,617.736,778.2974,699.87665,758.73584,658.80634
168,620,car,1297.8223,511.28616,1350.5635,580.5681,1324.1929,545.9271
168,621,person,728.86536,936.12885,769.47864,1015.6193,749.172,975.8741
168,417,car,760.482,435.8749,828.7572,498.91687,794.6196,467.39587
168,649,person,717.1322,934.56683,770.33167,1059.4526,743.73193,997.00977
168,21,truck,1334.1096,439.16367,1413.1206,553.42114,1373.6151,496.29242
168,53,truck,1572.6239,373.09198,1919.1056,861.35645,1745.8647,617.22424
168,593,car,863.52264,396.9298,908.9785,456.21915,886.2506,426.57446
168,571,person,909.493,518.75006,943.90314,591.14197,926.69806,554.94604
168,480,person,1633.7561,745.1828,1662.8325,813.9665,1648.2943,779.57465
168,594,person,723.12915,934.8514,766.5907,1002.3674,744.8599,968.6094
168,421,bicycle,716.27026,990.99786,767.07996,1077.466,741.6751,1034.2319
169,5,car,1418.0203,610.5396,1521.7401,730.8287,1469.8801,670.68414
169,11,car,1610.7095,942.8401,1741.7839,1076.6741,1676.2467,1009.7571
169,70,car,86.30939,686.15234,299.3914,857.69354,192.85039,771.923
169,25,car,1331.9384,581.60004,1396.704,664.13837,1364.3212,622.8692
169,18,car,335.13486,753.2789,524.6889,952.753,429.91187,853.0159
169,147,car,652.77814,379.10614,740.74274,458.0396,696.76044,418.57288
169,19,car,1360.275,633.6517,1437.5084,734.08276,1398.8917,683.8672
169,69,car,388.57443,482.75348,509.3654,583.9002,448.9699,533.32684
169,181,car,628.6639,599.96454,714.8832,719.26526,671.77356,659.61487
169,128,car,618.9784,313.1716,696.2449,380.00522,657.61163,346.5884
169,523,car,681.99585,258.5075,750.4814,313.36786,716.23865,285.93768
169,620,car,1298.4854,511.23608,1351.5979,580.84717,1325.0416,546.0416
169,417,car,761.3621,440.78964,826.3885,500.40042,793.8753,470.59503
169,649,person,719.08777,946.3642,764.1335,1050.1404,741.6106,998.2523
169,21,truck,1334.183,439.41565,1412.9832,553.8844,1373.583,496.65002
169,53,truck,1572.0963,372.70197,1919.6342,862.5817,1745.8652,617.64185
169,593,car,860.89,401.58475,908.2333,463.1522,884.56165,432.36847
169,571,person,909.1734,521.8661,943.1774,593.1627,926.1754,557.5144
169,480,person,1632.8317,742.64777,1662.4846,813.2378,1647.6582,777.94275
169,512,person,1243.9719,677.541,1279.312,754.5018,1261.642,716.02136
170,5,car,1417.6406,610.26276,1521.7155,731.429,1469.678,670.8459
170,11,car,1609.8157,942.2012,1741.8341,1076.5463,1675.825,1009.3737
170,70,car,78.049484,693.0178,293.18674,866.26294,185.6181,779.6404
170,25,car,1331.8853,582.26465,1396.8904,664.9621,1364.3878,623.6134
170,18,car,328.1254,762.63165,518.7588,963.65533,423.44208,863.1435
170,147,car,650.47784,381.37277,739.78143,462.0048,695.12964,421.68878
170,19,car,1359.7207,634.7904,1435.364,733.01086,1397.5424,683.90063
170,69,car,383.77408,487.3166,503.36285,587.73395,443.56848,537.52527
170,181,car,627.80524,606.65936,711.17633,721.42035,669.4908,664.03986
170,128,car,618.4778,317.44995,692.44775,381.46356,655.46277,349.45676
170,523,car,682.1999,259.1597,751.3291,314.8904,716.7645,287.02505
170,620,car,1299.032,510.98068,1352.4453,580.8618,1325.7386,545.92126
170,417,car,756.33704,440.02206,828.0778,506.37628,792.2074,473.19916
170,649,person,720.82697,963.18066,758.2512,1046.4448,739.53906,1004.81274
170,21,truck,1334.3047,439.44965,1412.7471,553.81226,1373.5259,496.63095
170,53,truck,1571.9395,372.58496,1919.1346,861.75525,1745.5371,617.1701
170,593,car,858.4815,403.71808,905.80334,464.2599,882.14246,433.98898
170,571,person,907.23553,525.42053,943.08704,600.96387,925.16125,563.1922
170,480,person,1632.9973,739.31586,1662.1154,808.52,1647.5564,773.91797
170,512,person,1245.3251,685.77386,1280.3551,762.32684,1262.8401,724.05035
170,606,car,1279.3608,459.60138,1319.2289,513.2482,1299.2949,486.4248
170,554,car,784.42896,249.2244,841.39355,309.31534,812.91125,279.26987
170,609,person,729.4817,635.9669,770.30475,721.8807,749.8932,678.9238
171,5,car,1411.2396,610.0969,1517.9419,733.3893,1464.5908,671.7431
171,11,car,1611.1442,944.16486,1741.803,1076.2874,1676.4736,1010.2261
171,70,car,67.716064,699.07446,286.30606,875.15704,177.01106,787.1157
171,25,car,1331.6877,582.26227,1397.2426,665.61774,1364.4651,623.94
171,18,car,320.89578,771.39185,512.27167,973.261,416.58374,872.3264
171,147,car,650.8153,386.03607,739.12054,465.9447,694.9679,425.9904
171,19,car,1359.8458,634.7363,1436.6808,734.10315,1398.2633,684.41974
171,69,car,376.74792,491.61438,498.78348,593.98236,437.7657,542.79834
171,181,car,625.42365,613.4252,709.82837,729.1004,667.626,671.2628
171,128,car,616.0363,319.01837,691.60425,384.26538,653.8203,351.64188
171,523,car,680.2006,259.98383,749.7327,316.50684,714.9667,288.24533
171,620,car,1300.1544,511.24213,1353.8323,580.8116,1326.9934,546.02686
171,417,car,753.50446,440.84415,828.2032,510.52963,790.8538,475.6869
171,21,truck,1336.6124,439.73914,1411.6307,548.28796,1374.1216,494.01355
171,53,truck,1570.624,372.20117,1918.6792,862.22565,1744.6516,617.2134
171,571,person,906.1631,528.0549,941.7773,602.91144,923.9702,565.48315
171,480,person,1632.5641,739.814,1661.7733,809.18335,1647.1687,774.49866
171,512,person,1247.7095,692.5333,1282.8657,769.2929,1265.2876,730.9131
171,606,car,1279.736,459.55765,1319.7351,512.67566,1299.7356,486.11664
171,554,car,784.1646,250.86523,841.34045,312.0525,812.75256,281.45886
171,609,person,724.865,645.28955,765.2599,729.5969,745.06244,687.44324
171,592,car,757.2226,353.74677,827.31616,420.19263,792.2694,386.9697
171,621,person,710.2773,978.8487,760.29926,1073.7036,735.28827,1026.2761
172,5,car,1413.2318,610.4913,1519.4545,733.3743,1466.3431,671.9328
172,11,car,1612.5685,945.64056,1742.5671,1076.5621,1677.5679,1011.1013
172,70,car,60.816265,708.49036,278.03244,882.8069,169.42435,795.6486
172,25,car,1331.1816,582.8319,1397.0171,666.6422,1364.0994,624.73706
172,18,car,314.2158,779.8517,508.98724,985.5981,411.6015,882.72485
172,147,car,648.1492,387.8228,737.3637,468.81677,692.7565,428.3198
172,19,car,1360.0906,633.28033,1438.1869,733.96545,1399.1387,683.6229
172,69,car,372.12326,495.5178,496.88852,600.19604,434.5059,547.85693
172,181,car,624.9361,620.83057,702.743,726.37256,663.83954,673.60156
172,128,car,612.1498,319.51483,690.69226,387.44952,651.421,353.48218
172,620,car,1301.0964,511.6423,1355.131,580.81305,1328.1138,546.22766
172,417,car,752.6157,444.26456,826.7241,513.6922,789.6699,478.9784
172,21,truck,1337.0345,439.83142,1412.3683,548.35913,1374.7014,494.09528
172,53,truck,1569.7277,371.31372,1919.0245,862.9832,1744.3761,617.14844
172,571,person,905.257,536.4731,940.9044,610.8124,923.0807,573.6427
172,480,person,1631.8436,738.81384,1662.2668,811.27423,1647.0552,775.04407
172,512,person,1249.4999,698.8103,1283.282,773.2471,1266.3909,736.0287
172,606,car,1279.6847,458.56967,1320.514,512.456,1300.0994,485.51282
172,554,car,783.16876,251.67867,840.8223,313.9732,811.99554,282.82593
172,670,car,832.3721,369.8191,870.45685,426.09692,851.4144,397.958
172,592,car,755.086,356.80914,827.11206,424.0058,791.099,390.40747
172,621,person,706.16437,994.7492,755.1422,1080.0,730.6533,1037.3746
173,5,car,1415.0933,610.6384,1520.2596,732.68335,1467.6765,671.6609
173,11,car,1613.3173,946.5521,1742.8655,1076.4221,1678.0913,1011.4871
173,70,car,51.166653,714.86554,271.5542,891.7964,161.36043,803.33093
173,25,car,1331.3584,582.9774,1397.3143,667.02124,1364.3364,624.9993
173,18,car,305.11865,787.82355,503.27347,997.5324,404.19604,892.678
173,147,car,647.6693,392.09372,734.55853,471.15167,691.1139,431.62268
173,19,car,1360.2996,631.86725,1438.7607,732.75226,1399.5302,682.30975
173,69,car,368.79895,499.29684,493.85413,604.1495,431.32654,551.72314
173,181,car,616.4193,626.702,703.34924,745.6475,659.8843,686.1748
173,128,car,606.9618,319.6183,688.7406,390.22513,647.8512,354.9217
173,620,car,1301.1531,511.72504,1355.758,580.9783,1328.4556,546.3517
173,417,car,749.41266,441.34885,828.7297,516.8962,789.07117,479.1225
173,21,truck,1336.8275,439.77255,1413.4763,550.0054,1375.1519,494.88898
173,53,truck,1569.7346,370.3214,1919.4993,862.7146,1744.617,616.518
173,571,person,902.30133,541.8221,940.9027,622.44275,921.60205,582.13245
173,480,person,1630.9529,735.3184,1661.9437,808.9847,1646.4482,772.15155
173,512,person,1253.6313,703.11884,1288.8937,779.3954,1271.2625,741.2571
173,606,car,1278.9993,457.82025,1321.053,512.9667,1300.0261,485.39346
173,554,car,781.85504,251.26682,840.3535,314.61008,811.10425,282.93845
173,592,car,753.2064,356.91742,829.0687,427.6167,791.1376,392.26706
173,621,person,707.07324,1013.44574,750.6695,1080.0,728.87134,1046.7229
173,523,car,676.33624,262.1941,743.55066,317.2366,709.9435,289.71533
173,609,person,716.43396,667.47815,754.49207,745.35986,735.463,706.419
174,5,car,1414.1001,610.216,1520.0853,733.3661,1467.0928,671.791
174,11,car,1614.019,946.13446,1745.0326,1076.3925,1679.5259,1011.2634
174,70,car,39.47434,719.4767,266.54712,901.98004,153.01073,810.7284
174,25,car,1331.7269,582.7444,1397.7103,666.9623,1364.7186,624.85333
174,18,car,296.2059,796.6822,497.14273,1009.9797,396.67432,903.33093
174,147,car,645.58234,393.5733,733.99976,474.5108,689.791,434.04205
174,19,car,1360.6375,632.9284,1438.638,733.0092,1399.6377,682.9688
174,69,car,364.4534,503.11246,489.0193,607.40546,426.73633,555.259
174,181,car,610.9556,635.5776,701.7147,760.6368,656.3352,698.1072
174,128,car,605.24414,320.2105,688.1858,392.34897,646.71497,356.27972
174,620,car,1301.229,511.76257,1356.687,581.49725,1328.958,546.6299
174,417,car,745.6532,436.478,831.74005,520.47394,788.69666,478.47595
174,21,truck,1336.8464,439.11847,1414.9197,551.66266,1375.883,495.39056
174,53,truck,1570.0525,367.83612,1920.0,862.66943,1745.0262,615.2528
174,571,person,900.6574,546.3878,941.6233,632.3314,921.1404,589.3596
174,480,person,1631.089,733.9663,1661.4349,805.4711,1646.262,769.71875
174,512,person,1255.5,709.38464,1292.5377,788.8716,1274.0188,749.1281
174,606,car,1278.9462,458.06842,1321.1451,513.0168,1300.0457,485.5426
174,554,car,781.4303,253.20186,839.5705,316.1431,810.50037,284.6725
174,592,car,750.1875,358.42432,827.6137,429.94485,788.90063,394.18457
174,621,person,709.37646,1029.3069,746.3053,1080.0,727.8409,1054.6534
174,523,car,675.4001,263.83847,741.0116,318.18524,708.2058,291.01184
174,609,person,710.2127,678.141,749.5228,757.8809,729.8678,718.011
174,593,car,850.9939,415.3178,900.51056,478.44092,875.7522,446.87936
175,5,truck,1412.7726,609.70264,1519.5419,733.7919,1466.1572,671.74725
175,11,car,1615.9437,947.979,1747.0159,1077.5776,1681.4797,1012.7783
175,70,car,28.791275,725.0642,261.47537,912.6831,145.13333,818.87366
175,25,car,1331.0253,582.2621,1398.2137,668.0778,1364.6195,625.1699
175,18,car,288.14093,805.6311,491.77335,1022.30414,389.95715,913.96765
175,147,car,642.63873,394.39044,732.3192,476.89694,687.479,435.64368
175,19,car,1360.6654,633.83496,1439.9525,735.48505,1400.309,684.66003
175,69,car,357.13242,507.15674,483.89236,613.42,420.5124,560.2883
175,181,car,607.58203,642.3788,699.5532,770.1146,653.5676,706.2467
175,128,car,605.4701,323.7362,685.01184,392.83685,645.24097,358.28653
175,620,car,1301.5052,511.9138,1357.8138,582.0473,1329.6595,546.9805
175,417,car,742.6869,432.10837,833.07184,522.15283,787.8794,477.1306
175,21,truck,1336.8406,439.02243,1415.5753,552.83673,1376.208,495.92957
175,53,truck,1570.5731,368.34802,1920.0,862.38184,1745.2866,615.3649
175,571,person,900.25134,552.08234,941.21594,638.46204,920.73364,595.2722
175,480,person,1631.3063,733.6068,1660.7013,802.44196,1646.0038,768.0244
175,512,person,1257.4635,718.6888,1295.9158,801.1187,1276.6897,759.90375
175,606,car,1278.798,458.47702,1321.0865,513.16815,1299.9423,485.82257
175,554,car,779.0156,252.18703,839.9176,318.7416,809.4666,285.46432
175,592,car,747.33386,359.53995,826.18286,432.146,786.75836,395.84296
175,523,car,673.3456,264.2398,739.3806,318.9906,706.3631,291.6152
175,593,car,850.5142,421.00916,901.8065,486.9534,876.1604,453.98126
176,5,truck,1412.7156,609.88873,1518.981,733.26215,1465.8483,671.57544
176,11,car,1617.0627,949.75256,1747.7971,1078.2294,1682.4299,1013.99097
176,70,car,18.69231,730.9706,254.16426,921.2753,136.42828,826.1229
176,25,car,1331.1718,582.551,1397.6415,667.3729,1364.4066,624.962
176,18,car,278.82065,813.6485,487.00806,1035.7958,382.91437,924.72217
176,147,car,640.8756,399.51822,726.79535,478.28723,683.83545,438.9027
176,19,car,1360.7714,632.909,1441.4347,736.1473,1401.103,684.52814
176,69,car,351.44412,510.73425,478.62912,616.97095,415.03662,563.8526
176,181,car,605.30554,648.46606,696.437,775.0069,650.8713,711.73645
176,128,car,605.6897,325.2453,683.7058,393.01022,644.69775,359.12775
176,620,car,1302.2274,511.7537,1359.8688,582.84784,1331.0481,547.3008
176,417,car,741.7153,440.24,828.3587,527.5626,785.037,483.9013
176,21,truck,1337.3418,438.70175,1415.9166,552.3978,1376.6292,495.5498
176,480,person,1630.869,733.10706,1660.1724,801.47864,1645.5208,767.29285
176,512,person,1259.2437,724.5387,1299.019,809.9508,1279.1313,767.24475
176,606,car,1278.5479,458.85034,1320.6824,513.0002,1299.6151,485.92526
176,554,car,777.998,251.727,839.4883,319.38724,808.74316,285.55713
176,592,car,745.70593,361.61432,825.7487,434.98297,785.7273,398.29865
176,523,car,674.5225,267.01767,737.47504,319.26328,705.9988,293.14047
176,366,car,1362.0277,501.68442,1413.2339,551.40967,1387.6309,526.54706
177,5,truck,1414.1519,608.76733,1520.0812,731.6102,1467.1165,670.1888
177,11,car,1618.3248,951.9826,1747.6367,1078.3293,1682.9807,1015.156
177,70,car,6.7417884,735.34534,247.7048,930.61505,127.2233,832.9802
177,25,car,1331.314,582.79364,1397.76,667.52466,1364.537,625.1592
177,18,car,269.92242,821.5192,481.08334,1047.0668,375.50287,934.29297
177,147,car,633.19824,399.71466,725.2,484.76498,679.1991,442.2398
177,19,car,1360.8037,632.99744,1442.0427,736.9431,1401.4232,684.9703
177,69,car,347.71915,514.0988,477.54605,622.88336,412.6326,568.4911
177,181,car,603.5779,654.89923,693.9738,779.87506,648.7759,717.38715
177,128,car,604.8866,330.6101,681.1052,396.61246,642.9959,363.61127
177,620,car,1302.3082,510.80524,1361.3905,583.3491,1331.8494,547.07715
177,417,car,738.3155,438.7848,828.8161,531.9491,783.5658,485.36694
177,21,truck,1337.8452,438.71426,1415.8713,551.69293,1376.8583,495.2036
177,480,person,1631.0647,733.0709,1659.6202,799.4894,1645.3425,766.28015
177,512,person,1262.9502,732.9925,1300.0237,812.0945,1281.4869,772.54346
177,606,car,1278.4617,458.7854,1320.4755,512.45355,1299.4685,485.61948
177,554,car,774.95557,253.55905,836.4419,320.33636,805.6987,286.9477
177,592,car,743.6777,364.5666,824.5051,438.41522,784.09143,401.4909
177,523,car,673.7635,268.56882,737.57715,321.42245,705.6703,294.99564
177,593,car,850.04376,432.8005,899.45166,495.78342,874.7477,464.29196
178,5,truck,1415.2574,608.37823,1520.4056,730.18396,1467.8315,669.2811
178,11,car,1619.0139,953.3773,1747.0145,1077.8159,1683.0142,1015.5966
178,70,car,0.0,741.0572,242.13489,940.3216,121.067444,840.6894
178,25,car,1331.523,583.24915,1398.0521,668.1773,1364.7876,625.71326
178,18,car,260.91312,830.90875,475.42697,1060.0802,368.17004,945.4945
178,147,car,628.1598,400.04184,724.043,489.4904,676.10144,444.7661
178,19,car,1360.8892,634.35425,1442.0665,738.09406,1401.4778,686.2241
178,69,car,342.9251,518.99695,475.07962,629.9007,409.00238,574.44885
178,181,car,599.95703,663.14197,687.83374,782.4731,643.8954,722.8075
178,128,car,601.8529,331.56143,679.0085,398.42285,640.43066,364.99213
178,620,car,1302.6897,511.09454,1362.2798,583.9674,1332.4847,547.531
178,417,car,734.7898,439.2715,827.42065,536.92834,781.1052,488.0999
178,21,truck,1338.2513,438.71707,1416.3204,551.6383,1377.2859,495.17767
178,480,person,1631.5577,732.8571,1659.427,797.707,1645.4924,765.28204
178,512,person,1267.8141,741.9337,1301.7883,813.1819,1284.8013,777.5578
178,606,car,1278.3159,458.18008,1320.684,512.0694,1299.5,485.12476
178,554,car,774.5001,254.26631,836.604,321.4698,805.55206,287.86804
178,592,car,741.24054,367.98114,822.53546,441.5728,781.888,404.77698
178,523,car,673.4796,271.24847,735.69055,322.6631,704.5851,296.95578
178,690,car,1423.071,606.7312,1520.752,730.8296,1471.9115,668.7804
178,593,car,846.86914,432.1076,899.54584,499.85638,873.2075,465.982
178,366,car,1362.4418,502.3994,1413.3223,550.2309,1387.8821,526.3152
179,5,car,1415.5087,608.9908,1520.0088,730.30524,1467.7588,669.648
179,11,car,1620.197,953.8816,1748.2843,1077.3777,1684.2407,1015.62964
179,70,car,0.0,751.07904,237.2421,953.15106,118.62105,852.11505
179,25,car,1331.7607,583.1936,1398.3708,668.23267,1365.0658,625.71313
179,18,car,251.65549,840.50726,468.21927,1072.1003,359.93738,956.30383
179,147,car,625.4031,406.3038,719.6633,494.36813,672.5332,450.33597
179,19,car,1361.2032,636.05115,1441.5369,738.4769,1401.3701,687.26404
179,69,car,336.02463,522.9354,469.51672,634.8781,402.7707,578.90674
179,181,car,592.69556,670.606,684.88995,795.41766,638.7927,733.01184
179,128,car,599.6166,332.28397,679.7043,402.15598,639.6604,367.21997
179,620,car,1303.0736,511.3313,1362.6013,583.6832,1332.8374,547.50726
179,417,car,731.3775,439.44522,826.43066,541.20483,778.90405,490.325
179,21,truck,1337.5128,438.62076,1416.5841,553.1446,1377.0485,495.8827
179,480,person,1631.2618,732.1559,1659.059,796.9451,1645.1604,764.55054
179,512,person,1271.0178,748.29346,1303.3466,814.87115,1287.1821,781.5823
179,606,car,1279.5377,460.19687,1320.3921,511.77942,1299.9648,485.98816
179,554,car,772.8322,254.77379,835.14026,322.00333,803.9862,288.38855
179,592,car,734.82623,369.7657,817.83905,445.22955,776.33264,407.49762
179,523,car,672.4327,273.2262,732.3419,322.45212,702.3873,297.83917
179,593,car,846.6096,435.19226,898.7876,502.50107,872.6986,468.84668
179,695,car,758.32153,186.88905,811.2732,222.81462,784.79736,204.85184
180,5,car,1410.7434,608.93353,1517.2932,731.9712,1464.0183,670.4524
180,11,car,1620.2024,954.58936,1749.25,1077.7974,1684.7262,1016.19336
180,70,car,0.0,758.56525,233.29439,963.40265,116.647194,860.98395
180,25,car,1332.4572,583.92377,1398.8348,668.67053,1365.646,626.2971
180,18,car,244.82231,850.2858,461.1437,1080.0,352.983,965.14294
180,147,car,622.2043,410.31406,716.4385,498.26376,669.3214,454.2889
180,19,car,1360.6674,634.34534,1443.3081,739.6823,1401.9878,687.0138
180,69,car,328.6722,527.3898,462.89417,639.7391,395.7832,583.56445
180,181,car,585.8853,676.55054,684.7183,811.088,635.3018,743.8193
180,128,car,596.7292,334.54257,677.3642,405.44092,637.0467,369.99176
180,620,car,1304.3024,511.82407,1363.9584,583.78253,1334.1304,547.8033
180,21,truck,1338.5123,438.8684,1417.2499,552.71906,1377.8811,495.79373
180,480,person,1631.3213,731.9867,1658.7534,796.25244,1645.0374,764.11957
180,606,car,1279.0421,458.36664,1320.9705,511.22113,1300.0063,484.79388
180,554,car,773.1107,256.56485,834.9981,323.32794,804.05444,289.9464
180,592,car,734.73627,372.09448,818.9685,448.30774,776.8524,410.2011
180,523,car,668.68396,273.93036,730.33936,324.37927,699.51166,299.15482
180,593,car,845.22736,439.31274,898.68384,508.69733,871.95557,474.00504
180,695,car,759.3986,187.90672,812.02716,223.57986,785.7129,205.74329
180,699,person,912.5407,367.1189,941.66437,424.42554,927.10254,395.77222
180,571,person,893.7601,584.5716,935.74713,672.8673,914.7536,628.7195
181,5,car,1407.0085,608.807,1515.4216,732.94257,1461.2151,670.87476
181,11,car,1619.8232,955.3171,1749.6501,1077.9374,1684.7367,1016.6272
181,70,car,0.0,764.254,231.62393,975.5528,115.811966,869.90344
181,25,car,1332.6322,584.2741,1398.87,668.8289,1365.7511,626.5515
181,18,car,240.05434,861.01447,451.0457,1080.0,345.55002,970.5072
181,147,car,618.9361,413.4004,715.20465,503.40005,667.0704,458.4002
181,19,car,1360.2734,632.8308,1444.327,740.10284,1402.3003,686.4668
181,69,car,322.1689,530.694,459.43558,645.7543,390.80225,588.2241
181,181,car,580.85754,684.39966,683.4864,825.1169,632.172,754.7583
181,128,car,592.5212,335.69235,675.1516,408.95764,633.8364,372.325
181,620,car,1304.4592,511.9033,1364.1737,583.5616,1334.3164,547.7324
181,21,truck,1338.4893,438.82617,1417.8479,553.41583,1378.1686,496.121
181,480,person,1631.043,732.15094,1658.1384,795.8426,1644.5907,763.99677
181,606,car,1278.5116,456.7935,1321.4513,510.9812,1299.9814,483.88733
181,554,car,771.67865,259.27567,832.6522,324.88345,802.1654,292.07956
181,592,car,733.16956,373.5017,817.2727,449.49844,775.2211,411.50006
181,523,car,668.2412,276.34354,727.6091,324.4402,697.9252,300.39185
181,593,car,841.5476,440.0098,899.10095,516.0506,870.3243,478.0302
181,695,car,758.2533,187.65617,812.346,224.31415,785.2997,205.98517
181,699,person,912.47406,371.34473,940.99994,427.49582,926.737,399.4203
181,571,person,892.6701,589.70264,935.004,678.65967,913.83704,634.18115
182,5,car,1408.8595,608.7827,1517.3036,732.9644,1463.0815,670.87354
182,11,car,1619.4471,955.8343,1750.2166,1078.1539,1684.8318,1016.99414
182,70,car,0.0,772.11053,227.38243,985.6812,113.691216,878.8959
182,25,car,1332.1818,584.1372,1399.0939,669.6734,1365.6378,626.9053
182,18,car,235.80994,870.2985,440.34756,1080.0,338.07874,975.1493
182,147,car,616.88403,416.63794,714.4759,507.7414,665.67993,462.18967
182,19,car,1360.1735,629.95557,1444.854,738.40424,1402.5137,684.17993
182,69,car,316.18622,535.37103,455.62582,652.72125,385.906,594.04614
182,181,car,574.6902,691.122,682.3192,839.81384,628.5047,765.4679
182,128,car,590.2962,338.86752,671.58057,411.11353,630.93835,374.99054
182,620,car,1304.476,512.8536,1363.9425,584.00464,1334.2092,548.4291
182,21,truck,1339.5144,439.0702,1417.7534,551.8416,1378.6339,495.4559
182,480,person,1631.3079,731.1335,1657.2233,792.01227,1644.2656,761.5729
182,606,car,1278.3591,456.0636,1321.6918,510.8186,1300.0254,483.4411
182,554,car,770.08997,260.40366,832.0104,326.65134,801.0502,293.5275
182,592,car,731.8131,374.57477,818.33813,452.6399,775.0756,413.60733
182,523,car,665.3669,277.26797,727.09344,327.1063,696.23016,302.18713
182,593,car,842.30225,445.82047,896.43646,517.4043,869.3694,481.61237
182,695,car,755.36597,187.20708,810.1109,224.26694,782.7384,205.737
182,699,person,911.5166,375.97122,940.16486,432.4788,925.8407,404.225
182,571,person,893.8107,596.54614,933.9955,681.9389,913.9031,639.24255
182,706,car,814.7511,392.69168,863.09644,463.7349,838.92377,428.2133
182,417,car,727.49,443.3486,824.4657,549.83374,775.97784,496.5912
183,5,truck,1411.5013,608.8832,1519.0841,732.5378,1465.2927,670.71045
183,11,car,1619.3213,956.4864,1750.7297,1078.1556,1685.0255,1017.32104
183,70,car,0.0,779.5702,223.49101,998.89185,111.74551,889.231
183,25,car,1331.4204,583.7029,1399.4746,671.11224,1365.4475,627.4076
183,18,car,234.8127,881.03687,431.22556,1080.0,333.01913,980.51843
183,147,car,614.27576,419.52728,712.539,511.2405,663.40735,465.3839
183,19,car,1361.5841,630.01227,1443.9525,735.4563,1402.7683,682.73425
183,69,car,309.8123,539.10187,450.62827,657.7493,380.22028,598.4256
183,181,car,573.9486,698.5753,673.77344,835.51855,623.861,767.04694
183,128,car,588.22784,341.73074,668.4327,412.8059,628.33026,377.2683
183,620,car,1303.7231,512.91675,1363.5731,584.35095,1333.6482,548.63385
183,21,truck,1340.7733,439.02377,1416.4635,547.6547,1378.6184,493.33923
183,480,person,1631.6163,730.59216,1657.276,790.9385,1644.4462,760.7653
183,606,car,1278.2596,455.31958,1321.9519,510.65128,1300.1057,482.9854
183,554,car,768.8781,260.8979,831.64655,328.2863,800.2623,294.5921
183,592,car,730.32935,377.47916,816.44995,455.1225,773.38965,416.30084
183,523,car,663.4405,279.6066,726.2269,329.95822,694.83374,304.7824
183,593,car,841.8834,447.50317,896.2122,519.52344,869.04785,483.5133
183,695,car,755.63635,188.06912,808.8564,224.10883,782.24634,206.08897
183,699,person,911.2276,378.1308,940.5586,436.20035,925.89307,407.1656
183,571,person,890.7835,600.99005,933.098,690.9521,911.9408,645.97107
183,706,car,814.24347,394.93555,861.5059,464.3511,837.8747,429.6433
183,709,car,731.7059,491.6328,811.80774,556.9613,771.75684,524.29706
183,512,person,1279.1229,780.3911,1320.9635,867.3352,1300.0432,823.86316
184,5,truck,1412.3971,608.5902,1519.7639,732.3593,1466.0806,670.47473
184,11,car,1619.4293,956.9968,1752.0396,1078.5894,1685.7344,1017.7931
184,70,car,0.0,786.6529,220.08394,1011.1406,110.04197,898.8967
184,25,car,1331.5531,584.2476,1398.789,670.92004,1365.171,627.58386
184,18,car,231.45409,891.2102,420.9385,1080.0,326.1963,985.6051
184,147,car,610.43396,423.2823,707.0016,514.0228,658.7178,468.65256
184,19,car,1362.2883,630.52515,1443.6327,734.48553,1402.9604,682.5054
184,69,car,303.5114,542.9459,446.79324,663.8287,375.15234,603.3873
184,181,car,570.4667,707.3008,671.0299,844.9028,620.7483,776.1018
184,128,car,586.6194,343.22324,666.7271,414.7626,626.6732,378.99292
184,620,car,1302.7773,512.51514,1363.1238,584.3427,1332.9506,548.42896
184,21,truck,1342.454,438.38,1415.1353,542.0702,1378.7947,490.2251
184,480,person,1630.9247,728.4718,1655.4023,785.5172,1643.1636,756.9945
184,606,car,1277.7653,453.40155,1322.5192,510.6763,1300.1422,482.03894
184,554,car,769.1606,261.24646,832.42316,329.6922,800.7919,295.46933
184,592,car,727.0752,379.1985,814.1196,457.5179,770.5974,418.35822
184,523,car,660.51495,279.91736,724.5476,331.4929,692.53125,305.70514
184,593,car,842.7806,449.26224,893.65265,516.2997,868.2166,482.78094
184,695,car,755.1784,187.67197,810.09143,225.17035,782.6349,206.42116
184,699,person,911.41656,382.04953,940.3241,439.41626,925.87036,410.7329
184,571,person,889.61505,606.6881,931.88556,695.86774,910.7503,651.27795
184,706,car,812.8109,395.96753,860.8361,466.437,836.8235,431.20227
184,709,car,716.9585,470.47296,825.73694,559.77496,771.3477,515.12396
184,715,motorcycle,624.28436,801.6824,699.78687,939.5304,662.03564,870.6064
184,512,person,1283.8137,789.28235,1322.2788,868.18384,1303.0463,828.7331
184,366,car,1364.5869,500.7621,1416.8312,549.53,1390.709,525.14606
185,5,truck,1412.6873,608.32733,1520.2401,732.7352,1466.4636,670.53125
185,11,car,1618.4689,957.27966,1751.4937,1078.7249,1684.9812,1018.00226
185,70,car,0.0,796.0247,214.48882,1022.2675,107.24441,909.1461
185,25,car,1331.9283,585.01733,1398.2745,670.71204,1365.1014,627.8647
185,18,car,228.35648,903.14636,410.19412,1080.0,319.2753,991.5732
185,147,car,608.3714,425.1013,706.05646,516.9745,657.2139,471.0379
185,19,car,1361.7697,630.3021,1444.7136,736.3642,1403.2417,683.3331
185,69,car,297.19302,545.9634,441.92148,668.5232,369.55725,607.2433
185,181,car,564.68396,714.77747,670.78326,860.31006,617.73364,787.54376
185,128,car,584.55756,343.29498,666.1213,416.45508,625.3394,379.87503
185,620,car,1303.9506,511.31836,1365.8379,585.22644,1334.8943,548.2724
185,21,truck,1343.6735,438.2149,1413.9038,537.6386,1378.7886,487.92676
185,480,person,1629.6456,727.1914,1654.3352,784.4086,1641.9905,755.80005
185,606,car,1277.2866,452.44992,1322.8096,511.33148,1300.0481,481.8907
185,554,car,767.98334,261.8228,832.8356,332.3208,800.4094,297.0718
185,592,car,726.37726,382.54633,813.1745,460.66983,769.7759,421.6081
185,523,car,658.7695,280.62286,723.8632,333.27118,691.31635,306.94702
185,593,car,841.40125,454.76144,893.30145,523.27673,867.3513,489.0191
185,695,car,752.7907,186.65294,809.86316,226.03459,781.3269,206.34377
185,699,person,911.39484,383.4428,940.8638,442.1409,926.1293,412.79187
185,706,car,811.01324,396.16183,860.4572,468.77905,835.7352,432.47046
185,512,person,1287.782,796.82135,1324.6956,871.4402,1306.2388,834.13074
185,366,car,1365.0824,500.704,1416.9796,548.8864,1391.031,524.7952
185,417,car,723.08997,462.3637,814.9562,565.4702,769.0231,513.917
186,5,truck,1414.8763,608.4892,1521.2223,732.22675,1468.0493,670.358
186,11,car,1618.0845,957.8977,1751.4087,1079.2047,1684.7466,1018.5512
186,70,car,0.0,804.8724,207.7561,1034.9304,103.87805,919.90137
186,25,car,1332.1199,585.8308,1397.7363,670.6147,1364.9281,628.2228
186,18,car,222.29213,914.1816,398.22293,1080.0,310.25754,997.0908
186,147,car,604.2057,429.60602,701.4241,521.2795,652.8149,475.44275
186,19,car,1360.8956,629.24457,1445.8005,738.0497,1403.3481,683.6471
186,69,car,292.12802,550.9162,437.79712,674.77264,364.9626,612.8444
186,181,car,562.73773,722.3861,663.4445,858.8912,613.0911,790.6387
186,128,car,581.9271,347.161,662.7842,419.9384,622.35565,383.54968
186,21,truck,1342.5641,438.21954,1414.3643,539.2061,1378.4641,488.71283
186,480,person,1629.4264,725.65906,1654.5625,784.1028,1641.9944,754.8809
186,554,car,768.654,262.1994,832.3914,332.0087,800.5227,297.10406
186,592,car,723.7906,385.14713,812.00885,464.82187,767.8997,424.9845
186,523,car,658.0629,281.41064,721.6986,332.9257,689.88074,307.16815
186,593,car,839.04724,458.898,894.19775,532.7041,866.6225,495.80106
186,695,car,752.67676,187.28992,809.1847,226.54102,780.9307,206.91547
186,699,person,910.73584,385.71127,940.997,446.41708,925.86646,416.06418
186,706,car,807.1325,396.80066,862.40607,478.6905,834.7693,437.74557
186,512,person,1290.4185,803.96716,1327.2684,877.68445,1308.8435,840.8258
186,366,car,1363.9791,500.6682,1417.501,550.18225,1390.74,525.42523
186,417,car,722.0115,464.37708,813.6389,569.31616,767.8252,516.8466
186,571,person,883.5035,618.94495,931.56525,721.1094,907.53436,670.02716
187,5,truck,1416.7023,608.3368,1522.1454,731.7712,1469.4238,670.05396
187,11,car,1618.9558,958.4135,1752.4492,1079.3348,1685.7025,1018.87415
187,70,car,0.0,813.78955,198.83362,1041.9417,99.41681,927.8656
187,25,car,1332.1803,586.01263,1397.5132,670.4664,1364.8467,628.2395
187,18,car,218.07599,926.3873,386.95502,1080.0,302.5155,1003.19366
187,147,car,601.27075,433.83444,699.0214,525.9073,650.1461,479.87085
187,69,car,284.14645,555.4969,431.0898,680.3662,357.61813,617.9315
187,181,car,557.68414,731.92175,660.9804,871.1077,609.3323,801.5148
187,128,car,578.3945,350.6113,660.4621,424.69733,619.4283,387.6543
187,21,truck,1341.0962,438.106,1415.8274,543.214,1378.4618,490.65997
187,480,person,1627.5433,723.7943,1654.0894,785.4545,1640.8164,754.6244
187,554,car,767.96326,259.58548,835.2301,334.23535,801.5967,296.9104
187,592,car,722.9696,387.96976,811.21893,467.8008,767.09424,427.88528
187,523,car,655.85315,282.89288,718.60614,334.08408,687.2296,308.48846
187,593,car,835.819,461.1563,892.7979,538.1506,864.3085,499.65344
187,695,car,751.4836,188.65482,808.23883,228.36841,779.8612,208.51161
187,699,person,910.6397,386.97144,941.1816,448.74985,925.91064,417.86066
187,706,car,807.0344,399.06696,861.92914,481.07895,834.4818,440.07294
187,417,car,720.0719,465.47125,812.1914,573.0713,766.13165,519.27124
188,5,truck,1415.5189,608.30005,1521.2311,732.4788,1468.375,670.3894
188,11,car,1619.5995,958.7039,1753.1052,1079.0311,1686.3523,1018.86755
188,70,car,0.0,821.8944,191.15884,1048.899,95.57942,935.3967
188,25,car,1331.96,585.2921,1397.6859,670.4616,1364.823,627.87683
188,18,car,212.3306,937.5688,375.19266,1080.0,293.76163,1008.7844
188,147,car,597.5128,438.5059,695.9022,530.7384,646.7075,484.62213
188,69,car,278.85782,559.5819,427.0109,685.16296,352.93436,622.37244
188,181,car,552.6478,738.8513,655.9737,876.6594,604.3108,807.7554
188,128,car,574.6039,351.1263,658.8779,427.36404,616.7409,389.24518
188,21,truck,1341.0797,438.17023,1416.2877,543.8272,1378.6837,490.99872
188,480,person,1625.5869,723.6424,1652.4521,785.40717,1639.0195,754.5248
188,592,car,720.08075,390.60358,809.45703,471.8987,764.7689,431.25116
188,523,car,655.5736,283.8191,716.25037,333.5095,685.912,308.6643
188,593,car,833.5877,464.15097,891.5993,542.9667,862.5935,503.55884
188,695,car,749.6672,188.14362,807.7604,229.24295,778.71375,208.69328
188,699,person,910.3734,388.41824,941.11365,451.0403,925.7435,419.72928
188,417,car,717.1559,467.88687,811.6264,580.5237,764.3911,524.20526
188,620,car,1301.5499,511.11374,1363.222,585.0848,1332.386,548.09924
188,606,car,1278.492,455.60785,1321.7566,511.72516,1300.1243,483.6665
188,366,car,1363.9036,501.66827,1418.6637,552.36597,1391.2837,527.0171
188,571,person,882.05334,638.1851,925.3447,730.37665,903.69904,684.2809
189,5,truck,1413.6381,607.83514,1520.5298,733.6158,1467.084,670.72546
189,11,car,1620.1248,959.0577,1753.598,1078.7021,1686.8613,1018.8799
189,70,car,0.0,830.0703,183.74886,1056.4476,91.87443,943.259
189,25,car,1332.1556,585.89374,1397.2933,670.57324,1364.7245,628.2335
189,18,car,210.35286,951.6011,364.3452,1080.0,287.34903,1015.80054
189,147,car,595.7279,440.83185,695.5869,534.47656,645.6574,487.6542
189,69,car,274.27127,564.40204,423.62317,691.094,348.9472,627.74805
189,181,car,540.19653,745.8134,657.85406,904.4031,599.02527,825.1083
189,128,car,571.7477,354.04022,654.9015,429.35068,613.3246,391.69543
189,21,truck,1341.1139,437.97195,1415.9078,542.8191,1378.5109,490.3955
189,480,person,1624.6426,722.747,1652.4877,785.89154,1638.5652,754.3193
189,592,truck,716.18054,392.54877,807.12024,475.12933,761.6504,433.83905
189,523,car,652.8113,284.935,716.29846,337.28247,684.5549,311.10873
189,593,car,832.90265,469.22437,890.96204,548.5639,861.9324,508.89413
189,695,car,749.75446,189.12509,806.569,229.6236,778.16174,209.37434
189,417,car,714.69806,474.4799,806.96246,585.9038,760.83026,530.19183
189,620,car,1301.2415,511.63748,1362.1456,584.9097,1331.6936,548.2736
189,571,person,882.47644,646.893,920.9058,728.26184,901.69116,687.5774
190,5,truck,1414.1559,607.9118,1520.16,732.7234,1467.158,670.3176
190,11,car,1620.7622,959.86383,1753.8867,1078.5035,1687.3245,1019.1837
190,70,car,0.0,837.383,175.57523,1063.4938,87.78761,950.43835
190,25,car,1332.4172,585.6546,1397.5156,670.7774,1364.9664,628.216
190,18,car,210.6822,961.92377,358.884,1080.0,284.7831,1020.9619
190,147,car,590.7125,442.2472,694.4522,539.6782,642.5824,490.9627
190,69,car,266.88187,570.07733,417.30167,697.71295,342.09177,633.89514
190,181,car,536.20953,756.7717,653.5034,914.8067,594.85645,835.7892
190,128,car,568.3402,356.45337,651.6401,431.56357,609.9901,394.00848
190,21,truck,1341.4485,437.9688,1415.0967,540.9379,1378.2726,489.45337
190,480,person,1623.2875,721.29425,1652.544,786.6956,1637.9158,753.99493
190,592,car,712.0736,393.19412,803.7244,476.53638,757.89905,434.86523
190,523,car,650.58,284.3758,716.4962,339.37173,683.5381,311.87378
190,593,car,831.1481,471.22595,889.8906,552.40784,860.51935,511.8169
190,695,car,749.55365,189.40552,806.82367,230.6273,778.18866,210.01642
190,417,car,713.25244,475.59058,807.3784,590.9036,760.3154,533.2471
190,620,car,1301.3395,512.6043,1361.7368,585.233,1331.5381,548.91864
190,571,person,880.3624,652.50366,921.4875,739.9348,900.9249,696.21924
190,19,car,1360.8662,632.48755,1447.7328,743.883,1404.2996,688.1853
190,512,person,1303.0375,844.5814,1342.8258,923.8407,1322.9316,884.21106
190,699,person,909.0093,396.32104,939.4025,459.05304,924.20593,427.68704
190,366,car,1363.921,501.12845,1418.4316,551.61743,1391.1763,526.3729
191,5,truck,1413.4391,607.8282,1520.099,733.5681,1466.769,670.6981
191,11,car,1621.8938,959.8506,1755.7708,1078.3712,1688.8323,1019.1109
191,70,car,0.0,846.9827,163.95494,1064.607,81.97747,955.7949
191,25,car,1332.4993,585.4189,1397.955,671.5655,1365.227,628.4922
191,18,car,211.9616,976.02234,349.34973,1080.0,280.65567,1028.0112
191,147,car,588.52765,445.34482,694.2839,544.619,641.40576,494.98193
191,69,car,260.2505,575.48865,412.35687,704.79376,336.30368,640.14124
191,181,car,530.30536,768.3325,648.5414,928.16034,589.42334,848.24646
191,128,car,564.8002,360.61993,647.80066,435.3233,606.3004,397.97162
191,21,truck,1341.0369,437.97437,1414.9427,541.0615,1377.9897,489.51794
191,480,person,1622.17,719.1863,1652.7881,786.78265,1637.479,752.9845
191,592,car,709.59784,394.7685,802.1041,479.09116,755.85095,436.9298
191,523,car,645.68713,287.40964,717.1431,347.65656,681.41516,317.53308
191,593,car,830.318,476.2662,887.32874,554.9105,858.82336,515.5884
191,695,car,750.1202,191.99925,805.64087,232.22836,777.8805,212.1138
191,620,car,1301.0773,511.8018,1362.5983,585.86145,1331.8378,548.8316
191,571,person,880.0654,660.40717,920.4982,746.7802,900.28186,703.5937
191,19,car,1362.4802,636.1492,1447.4897,744.5006,1404.985,690.3249
191,512,person,1307.248,853.979,1345.9589,930.5175,1326.6035,892.2483
191,699,person,908.80585,402.66632,937.5796,462.36487,923.19275,432.5156
191,366,car,1364.2255,501.0804,1418.5139,551.32697,1391.3696,526.2037
191,53,truck,1576.6547,372.54294,1920.0,864.5859,1748.3274,618.5644
191,554,car,755.38715,273.3846,820.7583,344.16855,788.07275,308.77658
191,706,car,805.2352,413.6438,854.81476,487.44354,830.025,450.54367
191,606,car,1278.7976,455.19308,1321.961,511.8018,1300.3794,483.49744
192,5,truck,1414.5513,607.78284,1520.1207,732.5422,1467.3359,670.1625
192,11,car,1621.8885,959.683,1757.5073,1078.5288,1689.698,1019.1059
192,70,car,0.0,856.33777,147.24619,1053.7224,73.62309,955.0301
192,25,car,1332.9325,586.5318,1397.8279,672.26953,1365.3801,629.40063
192,18,car,210.53467,987.73376,339.32343,1080.0,274.92905,1033.867
192,147,car,585.9453,448.17575,693.51825,549.04626,639.7318,498.61102
192,69,car,252.08829,579.1227,407.83798,712.0082,329.96313,645.5654
192,181,car,526.06244,780.58466,642.28906,937.4459,584.1758,859.01526
192,128,car,561.36597,362.8042,645.37256,438.22446,603.36926,400.51434
192,21,truck,1339.7091,437.98886,1415.8635,544.4255,1377.7864,491.20715
192,480,person,1621.4113,718.8384,1652.2837,787.03094,1636.8474,752.9347
192,592,car,709.1,398.05286,801.4269,481.88583,755.2634,439.96936
192,523,car,644.78467,290.36472,712.3307,347.4394,678.5577,318.90204
192,593,car,830.4826,481.26654,885.2507,556.8232,857.86664,519.04486
192,695,car,750.1673,192.5026,805.0137,232.64905,777.59045,212.57582
192,620,car,1300.9617,511.4571,1363.2157,586.51886,1332.0886,548.988
192,571,person,876.0606,668.5543,921.57635,767.27496,898.8185,717.9147
192,19,car,1362.9252,638.4222,1446.7067,744.8328,1404.8159,691.6275
192,512,person,1311.0143,863.6229,1350.6871,941.67175,1330.8507,902.64734
192,706,car,803.3425,415.53864,854.5004,491.7243,828.9215,453.63147
193,5,car,1416.3292,607.4903,1520.5398,730.6216,1468.4346,669.0559
193,11,car,1621.2825,960.2125,1757.734,1079.0776,1689.5083,1019.6451
193,70,car,0.0,866.05054,136.32431,1055.5417,68.162155,960.79614
193,25,car,1333.1144,587.3437,1397.9205,673.25745,1365.5175,630.30054
193,18,car,209.7353,1002.5559,325.92352,1079.3365,267.8294,1040.9463
193,147,car,579.7193,453.45322,685.9733,553.7634,632.8463,503.60834
193,69,car,244.85648,584.642,403.89136,720.9273,324.3739,652.78467
193,181,car,517.1403,789.8803,635.99457,950.84125,576.56744,870.3608
193,128,car,557.88995,365.0331,643.9523,441.835,600.92114,403.43405
193,21,truck,1337.3102,438.29785,1417.5203,550.78357,1377.4153,494.5407
193,480,person,1620.6263,718.632,1652.0215,787.93774,1636.324,753.2849
193,592,car,703.6702,400.6188,797.6904,486.60477,750.6803,443.6118
193,523,car,642.8028,292.82538,710.52,349.9328,676.6614,321.3791
193,593,car,829.5353,486.7806,882.0133,558.6579,855.7743,522.71924
193,695,car,749.1947,193.23552,804.7269,234.20541,776.9608,213.72046
193,571,motorcycle,869.4018,674.7136,921.5975,789.5544,895.49963,732.13403
193,19,car,1363.7699,639.0074,1448.0293,745.60645,1405.8997,692.3069
193,706,car,800.2361,419.41983,851.59344,495.46985,825.9148,457.44482
193,606,car,1278.1852,453.31705,1322.0374,511.29666,1300.1113,482.30685
194,5,truck,1413.0417,607.68396,1520.6781,735.1404,1466.8599,671.4122
194,11,car,1620.5004,961.1224,1756.8073,1079.3801,1688.6538,1020.2512
194,70,car,0.0,875.5193,127.11876,1058.1952,63.55938,966.85724
194,25,car,1331.8839,585.6737,1398.4413,674.3919,1365.1626,630.03284
194,18,car,206.61252,1013.8288,315.22043,1080.0,260.91647,1046.9144
194,147,car,573.8351,459.98608,679.2035,560.091,626.5193,510.03854
194,69,car,237.07103,589.38715,398.21545,727.6879,317.64325,658.53754
194,181,car,512.11145,798.5755,633.25146,962.73395,572.68146,880.6547
194,128,car,556.06506,366.31253,642.853,443.2871,599.45905,404.7998
194,21,truck,1336.6134,438.2948,1418.1024,552.9098,1377.3579,495.6023
194,480,person,1619.6079,717.5889,1652.29,789.9377,1635.949,753.7633
194,592,car,701.0362,404.7399,794.669,490.63763,747.8526,447.68878
194,523,car,641.08826,293.57513,708.60645,350.71805,674.84735,322.1466
194,593,car,828.2025,490.253,882.5262,564.6165,855.3644,527.43475
194,695,car,747.9819,195.2809,802.7411,235.79584,775.36145,215.53836
194,571,person,867.6448,685.0669,919.83923,801.1891,893.742,743.128
194,19,car,1364.356,639.428,1447.9304,744.8968,1406.1432,692.16235
194,706,car,800.1017,423.93884,849.8577,497.0473,824.97974,460.49307
194,751,car,1417.5526,607.498,1520.2153,731.8797,1468.884,669.68884
194,606,car,1278.4431,453.37372,1321.8951,511.1722,1300.1692,482.27295
194,417,car,712.0882,530.189,780.91583,611.08044,746.502,570.63477
194,554,car,754.9915,277.688,820.5535,348.95468,787.7725,313.32135
195,5,truck,1412.4298,607.6688,1520.4144,735.55426,1466.4221,671.6116
195,11,car,1620.263,961.38434,1757.5193,1079.433,1688.8911,1020.4087
195,70,car,0.0,885.7559,115.793274,1058.4926,57.896637,972.12427
195,25,car,1332.9261,585.8214,1398.4397,673.4206,1365.6829,629.621
195,18,car,202.23097,1023.0916,303.1312,1080.0,252.68109,1051.5458
195,147,car,571.03955,462.73965,677.38745,563.885,624.2135,513.3123
195,69,car,228.84834,594.7336,392.2186,735.2207,310.53348,664.9772
195,181,car,506.33566,808.70544,630.25916,976.73553,568.2974,892.72046
195,128,car,553.59985,368.0548,640.24805,444.3578,596.92395,406.2063
195,21,truck,1337.3965,438.16052,1416.706,549.5512,1377.0513,493.85587
195,480,person,1618.9795,716.6031,1651.8054,789.62195,1635.3925,753.11255
195,592,car,700.1616,408.3632,793.81586,494.59848,746.9888,451.48083
195,523,car,639.00793,295.2149,707.9693,353.82486,673.48865,324.5199
195,593,car,827.8164,493.6775,880.6848,565.0692,854.2506,529.37335
195,695,car,749.2247,196.02266,799.7502,233.66194,774.4874,214.8423
195,571,person,867.2337,693.87616,917.76514,807.2604,892.4994,750.56824
195,19,car,1364.6494,639.83636,1447.032,743.66595,1405.8407,691.75116
195,706,car,797.7152,427.80658,850.43176,505.9632,824.0735,466.8849
195,751,car,1419.1006,607.0464,1520.4238,729.80145,1469.7622,668.42395
195,606,car,1279.342,455.17654,1321.3107,511.05807,1300.3264,483.1173
195,417,car,709.7873,537.2977,779.61,617.1591,744.6986,577.2284
195,554,car,754.6541,278.4374,820.50665,350.1398,787.5804,314.2886
195,699,person,907.91406,416.71155,936.9515,477.01434,922.43274,446.86295
195,366,car,1364.0619,501.0945,1419.4517,552.50446,1391.7568,526.7995
195,512,motorcycle,1323.4117,897.3484,1363.402,974.1201,1343.4069,935.73425
196,5,truck,1395.7727,607.85895,1509.7764,738.724,1452.7745,673.2915
196,11,car,1621.1409,962.3901,1757.1935,1079.0892,1689.1672,1020.7396
196,70,car,0.0,896.6817,103.45344,1055.7223,51.72672,976.202
196,25,car,1333.5845,586.61957,1398.4822,673.9199,1366.0333,630.2698
196,147,car,567.59265,465.40137,676.6017,569.332,622.09717,517.3667
196,69,car,222.52312,600.17664,387.1657,742.1054,304.84442,671.141
196,181,car,499.52832,819.7566,624.7266,988.7313,562.12744,904.24396
196,128,car,552.8191,372.1411,638.8894,447.35278,595.85425,409.74695
196,21,truck,1340.6309,438.0348,1414.416,541.0125,1377.5234,489.52365
196,480,person,1618.6382,714.7941,1651.7908,788.6491,1635.2145,751.7216
196,592,car,698.15936,412.09152,792.28735,499.14874,745.2234,455.62012
196,695,car,749.4862,196.98909,799.7286,234.68608,774.6074,215.83759
196,19,car,1365.4761,641.51776,1447.0535,744.2039,1406.2648,692.86084
196,706,car,790.73486,429.2409,847.96405,513.566,819.3495,471.40344
196,751,truck,1422.4738,609.248,1520.1515,727.6373,1471.3126,668.4426
196,606,car,1278.4902,453.23764,1321.9858,511.58795,1300.238,482.41278
196,417,car,709.6743,551.715,773.74176,622.0578,741.708,586.8864
196,554,car,753.72186,279.58405,820.6379,352.2437,787.1799,315.91388
196,699,person,906.4016,418.34647,938.1304,485.40903,922.266,451.87775
196,366,car,1365.1127,500.63138,1419.8705,551.8083,1392.4916,526.21985
196,620,car,1304.5874,516.00836,1364.5803,589.03265,1334.5839,552.5205
197,5,truck,1387.7269,607.92365,1505.9635,739.7221,1446.8452,673.8229
197,11,car,1622.5315,962.52466,1758.7579,1079.0114,1690.6448,1020.768
197,70,car,0.0,906.8438,92.90267,1057.4644,46.451336,982.15405
197,25,car,1334.1312,587.6173,1398.1407,674.13367,1366.136,630.8755
197,147,car,564.3344,468.31638,675.9758,575.14624,620.15515,521.7313
197,69,car,214.12462,604.4171,381.52066,748.81305,297.82263,676.6151
197,181,car,493.28204,830.2453,619.6847,1000.5798,556.4834,915.41254
197,128,car,550.3118,374.21002,638.4195,450.07574,594.36566,412.14288
197,21,truck,1340.5939,438.39694,1414.9756,541.88837,1377.7847,490.14264
197,480,person,1616.9235,713.0648,1650.9398,789.27704,1633.9316,751.1709
197,592,car,695.2523,414.51718,790.94104,502.89215,743.0967,458.70465
197,695,car,748.19147,198.2109,797.56274,235.3186,772.8771,216.76476
197,19,car,1365.9523,641.48755,1447.9598,744.59204,1406.956,693.0398
197,706,car,792.33484,433.31766,847.06024,513.8433,819.6975,473.5805
197,751,car,1409.4851,608.2387,1513.0881,732.8358,1461.2866,670.53723
197,606,car,1278.1273,453.04996,1321.809,511.74744,1299.9681,482.39868
197,554,car,752.06915,279.01337,821.41876,354.65457,786.74396,316.83398
197,366,car,1364.4641,501.09424,1419.8729,553.16455,1392.1685,527.1294
197,620,car,1303.4763,512.5057,1364.1931,586.7661,1333.8347,549.63586
197,523,car,636.00665,300.32635,701.31537,355.4601,668.661,327.89325
197,593,car,823.4392,504.82074,879.7522,580.9411,851.5957,542.8809
197,571,motorcycle,861.68604,713.5712,915.4957,835.8461,888.5909,774.7087
198,11,car,1622.4583,962.40045,1759.4417,1078.8127,1690.95,1020.60657
198,70,car,0.0,918.08704,80.11821,1055.1119,40.059105,986.5995
198,25,car,1334.8473,588.7136,1397.6318,673.83374,1366.2395,631.2737
198,147,car,560.275,470.69095,674.0037,580.3794,617.1394,525.53516
198,69,car,207.56516,610.2674,376.28506,756.0318,291.9251,683.1496
198,181,car,486.79572,841.10596,613.8182,1011.7052,550.30695,926.4056
198,128,car,546.3695,375.52606,637.64923,453.7263,592.0094,414.62616
198,21,truck,1342.263,438.30646,1413.8741,537.1614,1378.0686,487.73392
198,480,person,1616.8782,712.5418,1650.3824,788.44696,1633.6304,750.4944
198,592,car,692.7118,417.34186,788.0831,505.25696,740.39746,461.2994
198,19,car,1365.5582,640.6437,1448.1726,744.2442,1406.8655,692.444
198,706,car,791.54395,437.1164,847.09125,519.2865,819.3176,478.20145
198,751,truck,1409.1643,608.40643,1515.4546,735.95026,1462.3094,672.17834
198,606,car,1278.6548,453.73013,1321.9253,512.0775,1300.29,482.9038
198,554,car,750.56934,280.66922,819.87335,356.0799,785.2213,318.37457
198,366,car,1364.1919,501.1076,1419.9894,553.8798,1392.0906,527.4937
198,620,car,1303.0215,511.36465,1364.4971,586.7496,1333.7593,549.0571
198,772,motorcycle,866.8839,756.8355,909.95325,846.7348,888.4186,801.78516
198,523,car,634.78235,302.3135,698.92816,355.96902,666.8552,329.14127
198,593,car,821.2345,510.04108,877.11066,585.2798,849.1726,547.6604
198,571,motorcycle,859.7363,727.1984,912.03467,845.7853,885.8855,786.4918
198,417,car,687.84045,522.3788,787.1861,634.58215,737.5133,578.48047
199,11,car,1622.2345,962.7227,1759.9646,1079.068,1691.0996,1020.8954
199,70,car,0.0,928.712,68.90188,1056.8369,34.45094,992.7744
199,25,car,1335.186,590.01013,1396.9752,673.85455,1366.0806,631.9324
199,147,car,555.28687,472.26276,671.31915,585.2012,613.303,528.73193
199,69,car,200.67744,615.5983,371.65433,763.7999,286.1659,689.6991
199,181,car,480.14917,851.8264,609.851,1025.747,545.0001,938.7867
199,128,car,542.43976,377.137,635.5806,456.57645,589.0102,416.85672
199,21,truck,1341.3225,438.43335,1415.1531,540.13727,1378.2378,489.2853
199,480,person,1617.5356,713.4999,1649.8933,787.4591,1633.7145,750.4795
199,592,car,689.4869,421.29755,788.11,511.89825,738.79846,466.5979
199,19,car,1365.8737,642.8567,1447.7792,745.01215,1406.8264,693.93445
199,751,truck,1409.2761,608.4169,1516.6937,737.056,1462.9849,672.73645
199,606,car,1279.0872,454.5131,1321.9882,512.45105,1300.5376,483.48206
199,554,car,749.405,282.46274,819.24554,358.41528,784.3253,320.43903
199,366,car,1364.6213,500.96277,1419.9343,553.5006,1392.2778,527.2317
199,620,car,1303.3342,515.0765,1364.1,589.5543,1333.717,552.3154
199,772,motorcycle,862.3419,764.65015,907.6457,859.0235,884.9938,811.8368
199,523,car,632.03357,305.31744,696.6438,359.03,664.3387,332.1737
199,593,car,816.5394,513.81195,878.6773,598.2034,847.6084,556.0077
199,571,motorcycle,856.4241,732.96454,911.033,857.5158,883.7285,795.2402
199,775,car,616.9494,307.16852,698.86584,372.1864,657.9076,339.67746
199,417,car,682.90356,516.1341,790.7032,640.6425,736.80334,578.3883
199,512,motorcycle,1337.7128,939.4117,1383.2333,1024.8406,1360.473,982.1261
199,5,car,1407.3901,607.71063,1518.4708,732.1638,1462.9304,669.93726
199,695,car,746.3204,202.01826,796.3049,239.67194,771.3126,220.8451
200,11,car,1621.4884,962.5968,1760.7085,1079.557,1691.0984,1021.0769
200,70,car,0.0,941.79755,60.404236,1066.6509,30.202118,1004.22424
200,25,car,1335.625,590.4845,1397.4452,674.3763,1366.5352,632.4304
200,147,car,553.51874,479.23056,667.48346,590.2215,610.5011,534.726
200,69,car,192.25781,621.30835,366.44333,772.53577,279.3506,696.92206
200,181,car,470.85986,863.7254,604.07446,1041.8816,537.46716,952.80347
200,128,car,540.3042,381.34296,632.6613,459.86368,586.4828,420.60333
200,21,truck,1340.0299,438.60944,1416.9965,544.54114,1378.5132,491.5753
200,480,person,1617.1608,713.4735,1649.01,786.64886,1633.0854,750.06116
200,592,car,687.56433,423.27863,786.082,513.80963,736.8231,468.54413
200,19,car,1366.6078,646.4429,1447.5126,746.70703,1407.0602,696.57495
200,751,car,1403.5509,607.7905,1513.8873,738.9051,1458.7191,673.3478
200,606,car,1279.0101,455.17535,1321.8782,513.1565,1300.4441,484.16592
200,554,car,748.15076,283.36887,818.4082,359.90073,783.2795,321.6348
200,366,car,1365.4543,500.82388,1419.5927,552.278,1392.5234,526.55096
200,620,car,1303.7589,517.58325,1363.766,591.0698,1333.7625,554.32654
200,772,motorcycle,859.5843,774.7502,907.25793,874.0084,883.42114,824.3793
200,523,car,626.248,306.70248,694.28546,362.81262,660.2667,334.75757
200,593,car,816.8533,517.1036,874.7752,594.5866,845.8142,555.8451
200,571,person,857.5553,743.3307,911.4029,867.8688,884.4791,805.59973
200,775,car,613.51874,308.84174,700.5862,377.95303,657.0525,343.3974
200,417,car,681.99854,515.5864,792.7639,645.42615,737.3812,580.5063
200,5,truck,1414.3456,608.2705,1520.8458,728.4315,1467.5957,668.351
200,695,car,745.9673,207.78526,794.8373,244.29417,770.4023,226.03972
201,11,car,1622.7848,964.0454,1760.9153,1079.7598,1691.8501,1021.9026
201,25,car,1335.9846,590.83545,1397.1887,673.79266,1366.5867,632.3141
201,147,car,549.6657,479.79697,667.4431,594.9772,608.55444,537.3871
201,69,car,183.82748,627.2653,358.83398,779.1815,271.33075,703.2234
201,181,car,463.58307,875.522,598.60986,1055.6962,531.09644,965.6091
201,128,car,538.59753,384.8439,630.23486,462.3034,584.4162,423.57367
201,21,truck,1338.2379,438.79697,1418.223,549.09894,1378.2305,493.94794
201,480,person,1616.5559,712.4389,1648.3135,785.6257,1632.4347,749.0323
201,592,car,686.7533,427.11758,784.6602,516.7805,735.7068,471.94904
201,19,car,1366.616,648.2312,1447.5345,747.7968,1407.0752,698.01404
201,751,car,1397.2638,607.63873,1510.5281,740.6486,1453.896,674.1437
201,606,car,1278.9376,454.27512,1322.1521,512.9833,1300.5449,483.6292
201,554,car,745.50275,282.44876,817.66675,361.07166,781.5847,321.7602
201,620,car,1304.1157,519.4431,1363.4384,591.8957,1333.7771,555.66943
201,523,car,624.35706,307.90485,692.00824,363.4299,658.1826,335.66736
201,593,car,812.16455,522.15375,877.5179,610.6708,844.8412,566.41223
201,571,person,855.13477,755.0984,909.14276,881.1827,882.1388,818.1405
201,417,car,684.7616,539.264,780.2997,650.6348,732.53064,594.9494
201,5,car,1416.6549,608.6009,1521.3638,727.6006,1469.0093,668.1007
201,695,car,743.2361,206.89969,794.46844,245.44296,768.8523,226.17133
201,53,truck,1577.3857,375.50006,1920.0,865.61847,1748.6929,620.55927
201,699,person,903.0697,434.79877,936.60315,507.19287,919.8364,470.99582
201,706,car,790.4583,448.1136,844.96454,528.52484,817.7114,488.3192
202,11,car,1622.499,964.4407,1760.9672,1079.9543,1691.7332,1022.1975
202,25,car,1335.7649,592.30096,1397.0981,675.7425,1366.4315,634.0217
202,147,car,544.652,482.91766,665.03467,600.72235,604.8433,541.82
202,69,car,176.67224,633.8971,352.69547,786.7107,264.68384,710.3039
202,181,car,457.62424,887.8414,590.64087,1063.9869,524.13257,975.9142
202,128,car,531.5732,387.00565,624.9216,466.11078,578.2474,426.55823
202,21,truck,1337.9015,439.14044,1418.0889,549.2428,1377.9951,494.19162
202,480,person,1616.1952,713.2909,1647.7643,786.0032,1631.9797,749.64703
202,592,car,683.96094,429.9566,784.4371,522.1512,734.199,476.0539
202,751,car,1387.0166,607.8301,1505.9542,744.808,1446.4854,676.31903
202,606,car,1279.2056,455.04678,1321.9464,513.1707,1300.5759,484.10876
202,554,car,745.6072,285.43445,816.7823,363.0886,781.1947,324.26154
202,620,car,1303.9275,520.7531,1363.1735,592.90967,1333.5505,556.8314
202,523,car,621.57745,309.3493,691.3871,366.6553,656.4823,338.00232
202,593,car,807.15283,525.5142,879.19244,624.6884,843.1726,575.1013
202,571,person,853.51416,765.2636,907.0926,890.8215,880.30334,828.04254
202,417,car,677.18085,532.0548,782.7614,656.80536,729.9711,594.43005
202,5,car,1415.0114,608.60455,1521.5609,730.3736,1468.2861,669.4891
202,695,car,741.8069,208.31555,793.04987,246.82744,767.42834,227.5715
202,793,car,789.0413,238.03937,845.85034,284.50748,817.4458,261.27344
202,53,truck,1577.3738,374.8965,1920.0,866.9864,1748.6869,620.94147
202,699,person,904.19867,440.7218,935.87115,509.77444,920.0349,475.2481
202,706,car,788.3111,452.03528,843.59283,533.6278,815.95197,492.83154
202,366,car,1364.7444,500.93314,1419.6107,553.26337,1392.1775,527.09827
203,11,car,1623.2963,965.42554,1761.1611,1079.9957,1692.2288,1022.71063
203,25,car,1335.3813,592.11,1397.1943,676.635,1366.2878,634.3725
203,147,car,540.8711,492.59528,658.5587,607.35406,599.7149,549.9747
203,69,car,167.87315,639.4278,347.7223,795.76984,257.79773,717.5988
203,181,car,451.04648,900.3531,585.8884,1077.6533,518.46747,989.0032
203,128,car,527.7576,388.45892,621.6364,467.93655,574.697,428.19775
203,21,truck,1338.5364,439.01562,1417.9318,548.1713,1378.2341,493.59348
203,480,person,1616.3999,713.6821,1647.9359,786.4456,1632.168,750.06384
203,592,car,681.85095,431.98312,782.40906,524.4915,732.13,478.2373
203,751,car,1382.336,608.47186,1505.0797,747.097,1443.7079,677.7844
203,606,car,1278.4037,455.28027,1321.8545,514.27875,1300.1292,484.7795
203,554,car,743.88873,288.81995,813.75854,365.20523,778.8236,327.01257
203,620,car,1303.6799,520.5953,1363.9335,593.78815,1333.8066,557.1917
203,523,car,616.40765,311.0029,687.8059,369.20145,652.1068,340.10217
203,593,car,805.42816,531.4004,877.87476,632.29004,841.6515,581.8452
203,417,truck,674.9662,529.4328,785.79694,662.17194,730.3816,595.80237
203,5,car,1408.6318,608.7593,1518.3925,733.527,1463.5122,671.1431
203,695,car,741.5915,211.12965,790.38525,247.61562,765.9884,229.37263
203,793,car,790.48254,241.07372,846.4969,286.97473,818.48975,264.02423
203,53,truck,1576.1758,372.5626,1920.0,867.731,1748.0879,620.1468
203,699,person,904.766,445.75287,935.4118,513.3265,920.08887,479.53967
203,706,car,787.9619,454.36786,842.3595,534.5263,815.1607,494.44708
203,366,car,1364.829,500.743,1419.2405,552.6358,1392.0347,526.6894
203,772,motorcycle,850.4471,804.76196,903.14355,914.6582,876.7953,859.7101
204,11,car,1623.4156,966.0226,1761.0623,1080.0,1692.239,1023.0113
204,25,car,1335.2245,591.8492,1397.1378,676.8785,1366.1812,634.36383
204,147,car,536.0499,497.00266,655.21423,613.1423,595.6321,555.07245
204,69,car,159.77377,643.3885,342.387,802.54785,251.08038,722.96814
204,181,car,447.18497,913.55664,577.41284,1080.0,512.2989,996.7783
204,128,car,525.2463,391.0926,619.57745,471.01053,572.41187,431.05157
204,21,truck,1339.1525,438.8184,1417.1267,545.8334,1378.1396,492.32587
204,480,person,1615.524,711.5413,1647.9336,786.725,1631.7288,749.1332
204,592,car,678.271,434.55646,780.1165,528.27423,729.1937,481.41534
204,751,truck,1379.7537,608.4144,1505.234,747.48566,1442.4939,677.9501
204,606,car,1278.2145,454.49905,1322.4933,514.7985,1300.3539,484.6488
204,554,car,741.4082,290.57614,812.5029,368.4315,776.95557,329.5038
204,620,car,1303.4329,520.65063,1363.7952,593.94147,1333.614,557.296
204,523,car,615.7468,311.6582,686.9742,369.53012,651.3605,340.59418
204,593,car,804.9103,538.7259,876.72546,639.803,840.8179,589.2644
204,417,car,673.54224,532.5093,784.7575,667.1807,729.1499,599.845
204,5,car,1409.4302,609.10114,1518.9297,733.7502,1464.1799,671.42566
204,695,car,740.4145,211.67043,789.0519,247.97247,764.73315,229.82144
204,793,car,788.92847,240.79771,844.213,286.18433,816.57074,263.49103
204,699,person,904.371,448.72986,934.6388,515.9337,919.5049,482.3318
204,706,car,784.1052,457.96512,841.57544,543.11066,812.84033,500.5379
204,366,car,1364.8523,500.87497,1418.9197,552.43744,1391.886,526.6562
204,806,car,1370.9852,606.9833,1518.6433,740.95435,1444.8142,673.9688
204,571,person,848.0061,789.19824,903.3889,920.8251,875.6975,855.01166
205,11,car,1624.6886,967.0693,1761.4939,1080.0,1693.0913,1023.53467
205,25,car,1334.3009,590.35394,1397.2151,677.2488,1365.758,633.8014
205,147,car,527.88654,498.40543,651.89813,619.785,589.89233,559.0952
205,69,car,152.51364,649.7127,336.2429,810.3133,244.37827,730.013
205,181,car,443.63007,928.92004,567.39105,1080.0,505.51056,1004.46
205,128,car,521.4319,393.23306,618.4777,475.29135,569.95483,434.2622
205,21,truck,1339.206,438.73587,1416.2603,544.3224,1377.7332,491.5291
205,480,person,1614.1217,709.4012,1645.9137,783.62335,1630.0177,746.51227
205,592,truck,673.08856,438.60916,775.4519,533.66,724.27026,486.13458
205,606,car,1278.1991,454.7944,1322.3541,514.8714,1300.2766,484.8329
205,554,car,740.30774,291.40744,812.14044,370.39664,776.2241,330.90204
205,620,car,1305.9375,522.404,1365.8369,594.9859,1335.8872,558.69495
205,523,car,615.461,313.69714,686.13776,370.95547,650.7994,342.3263
205,593,car,801.8529,543.3615,875.9918,649.03534,838.92236,596.1984
205,417,car,669.70996,539.69226,779.90344,674.45374,724.8067,607.073
205,5,car,1406.3279,609.5478,1516.9514,734.6374,1461.6396,672.0926
205,695,car,738.7904,212.74016,787.37396,249.00713,763.08215,230.87364
205,793,car,786.4361,238.42815,846.0443,287.6512,816.24023,263.03967
205,706,car,782.86523,461.6562,840.2332,546.6142,811.5492,504.1352
205,366,car,1366.0642,500.56244,1419.2743,551.3294,1392.6692,525.9459
205,806,car,1367.8856,608.0559,1519.4753,745.58356,1443.6804,676.8197
205,811,car,670.4579,437.6949,775.4126,531.58484,722.93524,484.63986
205,571,person,846.9294,799.2916,901.99493,930.9488,874.46216,865.12024
205,772,motorcycle,849.7122,844.96234,897.0227,943.3257,873.36743,894.14404
206,11,car,1624.6898,967.97516,1760.8776,1080.0,1692.7837,1023.98755
206,25,car,1335.1084,591.27576,1397.1858,677.3924,1366.1471,634.3341
206,147,car,521.991,512.1021,637.2154,625.4108,579.6032,568.7565
206,69,car,143.7314,656.1322,330.70193,819.9737,237.21667,738.053
206,181,truck,439.73254,944.2838,555.7081,1080.0,497.72034,1012.1419
206,128,car,518.99603,395.36847,617.862,478.84952,568.429,437.109
206,21,truck,1339.8022,438.81183,1415.6111,542.49493,1377.7067,490.65338
206,592,car,672.4586,443.4826,772.24243,535.8361,722.3505,489.65936
206,606,car,1278.6166,456.38544,1321.7848,514.879,1300.2007,485.63223
206,554,car,739.16644,291.6556,811.72186,371.79172,775.44415,331.72366
206,620,car,1304.2181,522.61285,1364.0127,594.986,1334.1155,558.79944
206,523,car,611.42456,315.66397,685.6879,376.13898,648.5563,345.9015
206,593,car,802.94104,549.4108,872.61804,649.1795,837.77954,599.29517
206,417,car,667.88245,553.26117,773.0346,681.62616,720.4585,617.44366
206,695,car,736.64197,213.40842,787.03345,250.878,761.8377,232.14322
206,793,car,784.9488,237.33696,845.432,287.46783,815.1904,262.4024
206,706,car,781.5638,466.1232,839.2741,551.8472,810.41895,508.98523
206,366,car,1366.9828,500.75058,1419.2341,550.48395,1393.1084,525.61725
206,806,car,1366.9977,608.2639,1521.5216,748.5089,1444.2596,678.3864
206,571,person,846.516,810.5711,899.4011,936.0128,872.95856,873.292
206,772,motorcycle,849.09705,866.9093,892.085,955.7014,870.59106,911.30536
206,751,truck,1380.3945,606.93335,1507.3918,745.22955,1443.8932,676.0814
206,699,person,902.7969,457.74692,933.6225,527.093,918.2097,492.41998
207,11,car,1625.5563,969.2961,1760.7579,1080.0,1693.1571,1024.6481
207,25,car,1335.469,591.907,1396.9823,677.44104,1366.2256,634.674
207,147,car,519.159,511.84973,640.6048,631.09186,579.8819,571.4708
207,69,car,134.46046,662.6542,323.81046,828.50183,229.13547,745.578
207,181,car,434.95688,958.1558,544.5424,1080.0,489.74963,1019.0779
207,128,car,516.83746,397.12576,617.937,482.2178,567.3872,439.67178
207,21,truck,1339.0304,438.9255,1415.9893,544.01624,1377.5098,491.4709
207,592,car,669.43713,446.24326,771.0305,540.4028,720.2338,493.323
207,606,car,1278.1715,455.89078,1321.5555,514.44904,1299.8635,485.16992
207,554,car,738.13947,292.62747,811.34216,373.9112,774.74084,333.26935
207,620,car,1303.8513,523.17487,1363.6547,595.2705,1333.7529,559.22266
207,523,car,609.83,316.48553,683.51953,376.55597,646.6748,346.52075
207,593,car,801.7444,554.0829,870.4262,653.1186,836.0853,603.6007
207,417,truck,664.6512,550.57947,775.06055,686.67267,719.85583,618.6261
207,706,car,779.7801,469.2507,836.9212,554.26355,808.35065,511.75714
207,366,car,1367.3136,500.932,1418.6416,549.6303,1392.9775,525.2811
207,806,car,1366.8043,607.9454,1521.9668,748.8744,1444.3855,678.4099
207,571,person,844.03375,821.8861,897.8731,950.05255,870.9534,885.96936
207,772,motorcycle,845.3294,866.58746,892.1751,963.16205,868.75226,914.87476
207,816,person,924.6805,529.4105,954.7815,599.5283,939.73096,564.4694
207,699,person,899.93353,460.92053,931.12823,532.2688,915.5309,496.59467
207,480,person,1613.7164,709.0318,1643.3922,778.079,1628.5543,743.5554
207,5,car,1408.5261,608.99774,1518.2631,733.0625,1463.3945,671.03015
208,11,car,1626.8315,969.98834,1760.5995,1079.199,1693.7156,1024.5936
208,25,car,1336.9498,592.1828,1397.4785,676.4976,1367.2141,634.3402
208,147,car,515.45044,515.936,637.9723,636.43805,576.71136,576.187
208,69,car,127.44287,669.53424,318.88184,837.49207,223.16235,753.5132
208,181,truck,429.68234,972.69836,532.68335,1080.0,481.18286,1026.3491
208,128,car,517.04474,400.40353,622.04553,487.73807,569.54517,444.0708
208,21,truck,1339.3918,438.90723,1415.8281,543.09796,1377.61,491.0026
208,592,car,666.06476,449.69214,772.1614,548.01044,719.11304,498.8513
208,606,car,1279.4551,457.59607,1321.415,514.0315,1300.435,485.81378
208,554,truck,736.9567,294.49924,810.1764,376.75455,773.5665,335.6269
208,620,car,1304.1532,523.3311,1364.1765,595.20074,1334.1648,559.2659
208,593,car,801.03876,561.6416,867.6598,657.33954,834.34924,609.4906
208,417,truck,663.0227,553.2217,774.1592,690.6155,718.59094,621.9186
208,366,car,1367.5997,501.17532,1418.0947,548.8362,1392.8472,525.00574
208,806,truck,1367.4696,608.2102,1522.0287,748.6229,1444.7491,678.41656
208,571,person,842.54224,835.53046,896.21893,963.92957,869.3806,899.73
208,480,person,1613.585,708.90686,1642.3591,775.572,1627.972,742.23944
208,5,truck,1411.6868,609.6773,1519.2158,731.31006,1465.4513,670.49365
208,751,car,1383.6642,607.56647,1508.5559,740.67957,1446.1101,674.12305
209,11,car,1626.1841,970.5918,1760.3525,1079.7086,1693.2683,1025.1501
209,25,car,1337.5372,592.3994,1397.8097,676.46826,1367.6735,634.43384
209,147,car,511.54565,519.7964,636.5262,642.3308,574.0359,581.0636
209,69,car,117.533936,675.1116,312.23926,846.5374,214.8866,760.82446
209,128,car,515.6747,402.20828,627.48254,493.30963,571.5786,447.75897
209,21,truck,1339.4083,438.92154,1416.2305,543.5825,1377.8193,491.252
209,592,car,663.3395,453.4058,767.4285,550.1561,715.38403,501.78094
209,606,car,1279.5938,457.4933,1321.5391,513.873,1300.5664,485.68314
209,620,car,1304.8827,523.13464,1365.4037,595.2223,1335.1432,559.17847
209,593,car,797.75104,565.99713,868.2207,667.5453,832.98584,616.77124
209,417,truck,659.883,558.04114,772.57605,697.9725,716.2295,628.00684
209,366,car,1366.8752,501.0845,1418.3761,549.55035,1392.6257,525.31744
209,571,person,838.9223,850.1017,893.7794,981.20953,866.3508,915.65564
209,480,person,1614.4413,708.66724,1642.6636,773.9051,1628.5525,741.28613
209,5,truck,1415.1226,610.2723,1520.5739,729.9644,1467.8481,670.11835
209,523,car,606.7056,322.0375,678.1121,379.98135,642.4089,351.00943
209,772,motorcycle,840.2435,887.6843,889.30743,988.3839,864.7755,938.0341
210,11,car,1625.727,971.07837,1760.025,1079.9001,1692.876,1025.4893
210,25,car,1337.5116,593.0648,1397.4423,676.8306,1367.4769,634.94775
210,147,car,506.926,526.0999,632.55084,648.9996,569.7384,587.54974
210,69,car,109.02426,680.73785,306.27625,854.68524,207.65025,767.71155
210,128,car,505.96225,406.05157,614.09235,494.02408,560.0273,450.03784
210,21,truck,1339.7631,438.9169,1415.9194,542.434,1377.8413,490.67548
210,592,car,661.1933,456.4883,766.2622,553.9888,713.7278,505.23853
210,606,car,1279.3702,457.05264,1321.6152,513.8206,1300.4927,485.43665
210,620,car,1305.462,522.73,1366.8564,595.5282,1336.1592,559.1291
210,593,car,795.19006,571.37823,866.7975,674.6642,830.9938,623.02124
210,417,truck,656.2588,561.89124,768.821,702.4862,712.5399,632.1887
210,366,car,1366.729,501.0545,1418.0457,549.17365,1392.3873,525.1141
210,571,person,832.6083,863.7782,891.20404,1003.0672,861.9061,933.4227
210,5,truck,1415.5322,609.16254,1520.7643,728.8287,1468.1482,668.9956
210,825,person,1251.7174,498.41537,1275.3809,552.2154,1263.5491,525.31537
210,523,car,604.5036,325.26862,675.486,382.45483,639.9948,353.86172
210,706,car,775.9904,478.58212,833.1336,563.2211,804.562,520.9016
210,181,car,429.3465,1005.1495,510.5143,1080.0,469.93042,1042.5747
210,554,car,733.4008,296.21588,807.4666,379.44238,770.4337,337.82913
210,751,car,1396.1394,607.97675,1515.9554,734.66504,1456.0474,671.3209
211,11,car,1626.5642,971.9051,1760.4822,1079.8411,1693.5232,1025.873
211,25,car,1337.3556,593.06256,1397.3179,677.1855,1367.3367,635.124
211,147,car,501.0919,528.20593,631.0765,655.6957,566.08417,591.9508
211,69,car,99.449585,687.9556,299.46463,864.4677,199.4571,776.2117
211,128,car,500.6452,408.65622,606.90936,495.3912,553.7773,452.0237
211,21,truck,1339.0739,439.06015,1416.101,543.8466,1377.5874,491.45337
211,592,truck,657.92975,460.40363,770.3112,564.80084,714.1205,512.60223
211,606,car,1279.2559,458.08206,1321.1317,513.9637,1300.1938,486.0229
211,620,car,1307.4772,523.71155,1368.1338,595.5313,1337.8054,559.62146
211,593,car,793.4683,576.8283,863.72754,678.0107,828.5979,627.4195
211,366,car,1365.8303,501.0701,1417.7078,549.65063,1391.769,525.36035
211,571,person,829.21674,877.4211,889.6066,1021.62317,859.4117,949.5221
211,5,truck,1417.2955,609.92944,1521.565,728.9789,1469.4302,669.45416
211,825,person,1251.2328,499.41815,1275.5723,554.83356,1263.4026,527.12585
211,523,car,601.4193,326.63763,674.57166,385.32632,637.9955,355.982
211,829,car,660.6119,633.5854,744.63214,713.42694,702.622,673.50616
211,706,car,774.3305,482.8551,831.3062,566.2607,802.81836,524.55786
211,181,car,427.61966,1017.90155,501.20483,1080.0,464.41223,1048.9508
211,554,car,730.8405,297.34467,805.9901,382.3577,768.4153,339.8512
211,751,car,1399.082,608.00244,1518.1533,732.89557,1458.6177,670.449
211,695,car,730.85126,218.7104,780.6451,256.05414,755.74817,237.38226
212,11,car,1626.8304,972.5193,1760.553,1079.9113,1693.6917,1026.2153
212,25,car,1336.6721,592.0676,1397.6719,677.84656,1367.172,634.9571
212,147,car,495.6343,531.11694,629.46094,662.92957,562.5476,597.02325
212,69,car,89.10571,693.8494,291.71783,872.8491,190.41177,783.34924
212,128,car,496.06226,412.07538,602.4391,499.26938,549.2507,455.67236
212,21,truck,1338.4425,439.06076,1416.2837,545.0231,1377.363,492.04193
212,592,truck,655.3219,463.27954,770.2775,570.16394,712.7997,516.72174
212,620,car,1306.4431,522.77466,1367.8185,595.9754,1337.1309,559.375
212,593,car,790.05194,584.79645,862.51404,689.46716,826.28296,637.13184
212,366,car,1365.6622,501.41003,1417.7987,550.10583,1391.7305,525.75793
212,571,person,824.6261,888.0084,886.2387,1035.2203,855.4324,961.6144
212,5,truck,1416.6078,611.127,1520.1012,729.049,1468.3545,670.088
212,825,person,1251.2748,501.58237,1275.6493,557.162,1263.462,529.3722
212,523,car,598.4898,329.02887,672.1637,387.8695,635.3268,358.4492
212,706,car,773.42035,486.76678,828.0145,565.69135,800.7174,526.22906
212,181,car,425.48685,1030.773,490.1575,1080.0,457.82217,1055.3865
212,554,car,729.9032,298.3366,806.62195,385.41022,768.2626,341.8734
212,695,car,729.9065,219.08673,779.7481,256.88522,754.8273,237.98598
212,806,truck,1378.3894,608.22577,1519.807,736.1097,1449.0981,672.1677
212,417,truck,650.9383,568.6654,766.60846,714.7032,708.7734,641.6843
213,11,car,1627.572,972.95844,1761.0411,1079.4124,1694.3066,1026.1854
213,25,car,1336.9596,591.5139,1399.1255,679.14105,1368.0425,635.3275
213,147,car,490.78052,537.25366,624.7042,669.6313,557.7424,603.4425
213,69,car,80.93494,700.6355,286.01016,881.6907,183.47255,791.1631
213,128,car,491.5532,413.64606,600.8476,503.74377,546.2004,458.69492
213,21,truck,1337.9003,439.06723,1416.6244,546.4271,1377.2623,492.7472
213,592,car,653.65656,467.4818,767.67804,573.68207,710.6673,520.5819
213,620,car,1306.2576,522.28595,1367.8866,596.3859,1337.072,559.33594
213,593,car,787.9163,590.5647,862.71326,699.0637,825.3148,644.8142
213,366,car,1364.3611,501.01086,1418.5906,551.73846,1391.4758,526.37463
213,571,person,824.6722,905.9313,883.2918,1046.22,853.982,976.0756
213,5,truck,1413.182,609.5767,1518.0166,728.2121,1465.5994,668.8944
213,825,person,1252.3511,505.872,1275.4662,558.54315,1263.9087,532.2076
213,523,car,593.8233,330.298,668.19434,389.31113,631.0088,359.80457
213,706,car,772.111,491.9807,827.07355,570.87384,799.5923,531.42725
213,554,car,729.6729,302.13696,805.143,388.19952,767.40796,345.16824
213,695,car,728.5137,219.50804,779.22675,258.26047,753.87024,238.88425
213,806,car,1380.3367,608.2337,1517.6754,731.37354,1449.0061,669.8036
213,417,car,644.39124,581.39996,757.89984,726.6173,701.1455,654.00867
213,480,person,1610.8872,707.769,1636.6163,765.896,1623.7517,736.8325
213,606,car,1279.1964,458.08627,1321.5366,514.44055,1300.3665,486.26343
213,829,car,645.5753,631.5193,747.92773,729.07214,696.7515,680.2957
214,11,car,1629.2527,973.04193,1763.2122,1079.2262,1696.2324,1026.134
214,25,car,1337.2572,592.77057,1398.6815,679.4913,1367.9694,636.1309
214,147,car,485.41272,540.4455,622.5017,677.06506,553.9572,608.75525
214,69,car,70.43502,707.4646,278.6536,891.4676,174.54431,799.46606
214,128,car,489.02823,416.4284,599.64307,507.84235,544.33563,462.13538
214,21,truck,1337.7448,439.2114,1417.4053,548.2357,1377.575,493.72357
214,592,car,649.59,470.63815,762.2532,575.75134,705.92163,523.19476
214,620,car,1306.6442,522.5051,1368.1545,596.8859,1337.3994,559.69556
214,593,car,787.91034,598.34,859.6516,701.6706,823.781,650.0053
214,366,car,1360.9087,501.48083,1419.1555,556.1523,1390.0321,528.8165
214,571,person,820.65344,928.8251,879.91595,1071.6447,850.28467,1000.23486
214,5,truck,1412.6315,609.47156,1517.6962,727.7554,1465.1638,668.61346
214,825,person,1252.3793,507.21033,1275.7712,560.5818,1264.0752,533.89606
214,523,car,593.068,331.27188,668.80634,391.8476,630.93713,361.55975
214,706,car,768.9031,495.17133,827.79,579.7305,798.34656,537.4509
214,554,car,729.0291,303.7885,803.6478,388.76312,766.3385,346.27582
214,695,car,727.5785,220.20636,778.92114,259.73865,753.2498,239.9725
214,806,car,1382.5114,608.6158,1517.1987,728.3413,1449.855,668.4785
214,417,car,641.6772,589.9635,753.7515,735.0344,697.71436,662.49896
214,480,person,1609.8481,706.09595,1634.7896,761.8776,1622.3188,733.9868
214,606,car,1278.0255,456.58237,1322.0732,515.1446,1300.0493,485.86346
215,11,car,1629.7736,973.7107,1763.5847,1079.1777,1696.6792,1026.4442
215,25,car,1337.8053,593.8465,1398.5945,679.6518,1368.2,636.74915
215,147,car,481.97583,546.9154,619.44855,684.08844,550.71216,615.50195
215,69,car,62.53201,716.8622,270.79263,900.7689,166.66232,808.81555
215,128,car,487.4584,419.54767,602.73785,515.06024,545.09814,467.30396
215,21,truck,1337.1351,439.45303,1417.6711,550.1656,1377.4031,494.80933
215,592,car,645.504,474.37854,759.051,580.42926,702.2775,527.40393
215,620,car,1307.6594,524.28503,1368.6229,597.93085,1338.1411,561.1079
215,593,car,783.4879,606.9887,858.63745,715.7857,821.0627,661.3872
215,571,person,819.34515,949.57794,874.06006,1080.0,846.70264,1014.78894
215,523,car,591.58276,333.99335,666.78503,394.61395,629.1839,364.30365
215,554,car,728.6356,305.8776,802.5488,389.82797,765.5922,347.85278
215,695,car,726.71954,220.92044,778.2067,260.5452,752.46313,240.73282
215,806,truck,1383.7288,608.7812,1517.9965,727.2828,1450.8625,668.032
215,417,car,639.2676,590.93304,754.6268,741.4087,696.94714,666.1709
215,480,person,1610.0217,707.5013,1634.8561,761.83276,1622.439,734.667
215,847,car,837.06757,234.63567,880.45917,272.02676,858.76337,253.3312
215,848,car,773.3361,254.57368,827.8688,298.96924,800.6024,276.77145
216,11,car,1629.5538,974.4364,1763.7385,1079.711,1696.6462,1027.0737
216,25,car,1338.3872,594.98694,1398.7819,680.13934,1368.5845,637.5631
216,147,car,475.07434,550.0552,615.12775,690.14764,545.1011,620.10144
216,69,car,52.650284,723.60394,264.89258,911.3643,158.77142,817.48413
216,128,car,481.80798,422.5431,600.81464,521.0067,541.3113,471.7749
216,21,truck,1336.4851,439.5687,1417.737,551.7289,1377.1111,495.6488
216,592,car,642.37415,478.6865,758.3338,587.12726,700.354,532.90686
216,620,car,1307.7253,525.4158,1368.1788,598.2858,1337.9521,561.8508
216,593,car,782.45795,612.7879,856.3815,719.5186,819.4197,666.15326
216,571,person,818.4161,957.3007,870.88025,1080.0,844.6482,1018.6504
216,523,car,589.27686,336.53528,664.58295,397.22665,626.92993,366.88098
216,554,car,726.2033,306.87234,800.94446,391.72336,763.57385,349.29785
216,695,car,724.43964,220.64604,777.532,261.54355,750.98584,241.09479
216,806,truck,1383.0477,608.72186,1519.4376,728.4879,1451.2427,668.60486
216,480,person,1609.9113,707.5807,1635.435,763.15784,1622.6731,735.36926
216,852,person,1536.611,587.36273,1560.8512,642.9308,1548.7311,615.1467
216,829,car,632.7016,646.32074,743.2866,752.298,687.99414,699.3093
216,706,car,763.1456,504.29614,827.47614,597.5236,795.3109,550.9099
217,11,car,1630.2557,974.4492,1765.3438,1079.0522,1697.7998,1026.7507
217,25,car,1338.8785,596.11487,1398.6428,680.21,1368.7607,638.1625
217,147,car,469.45996,558.7675,608.6583,697.8784,539.05914,628.323
217,69,car,41.71801,730.37854,256.79602,920.40955,149.25702,825.39404
217,128,car,479.08084,426.89407,601.4564,527.38165,540.2686,477.13788
217,21,truck,1330.2738,439.55655,1414.8763,554.403,1372.5751,496.9798
217,592,car,638.1493,482.09155,758.6541,595.28265,698.40173,538.68713
217,593,car,777.8791,622.8928,855.21045,734.9731,816.5448,678.933
217,571,person,817.5407,967.9135,868.307,1080.0,842.9238,1023.9568
217,523,car,586.36847,338.61765,663.28485,400.73578,624.82666,369.6767
217,554,car,723.464,308.34042,800.2019,395.37952,761.83295,351.86
217,695,car,723.0204,222.13995,776.3816,263.24008,749.701,242.69002
217,806,truck,1383.0858,608.6036,1521.3538,729.6361,1452.2197,669.1199
217,480,person,1609.411,707.17084,1634.8232,762.3852,1622.1172,734.778
217,852,person,1537.4642,587.23785,1561.1833,641.62756,1549.3237,614.43274
217,706,car,761.58203,508.59106,825.4398,601.4059,793.5109,554.9985
217,825,person,1253.6151,507.0465,1279.7554,567.41644,1266.6853,537.23145
217,417,truck,630.7335,598.08105,753.6085,759.48645,692.171,678.78375
217,847,car,837.70654,236.70952,879.43823,272.60703,858.5724,254.65826
217,848,car,771.0844,257.43628,826.61005,302.49167,798.8472,279.964
218,25,car,1339.1426,596.5265,1398.5558,680.04364,1368.8491,638.28503
218,147,car,465.25476,564.8961,604.56616,703.9147,534.91046,634.4054
218,69,car,30.937904,737.3297,249.85152,930.9052,140.39471,834.11743
218,128,car,475.3537,431.16827,600.3922,533.28046,537.8729,482.22437
218,21,truck,1326.3862,439.9977,1413.6782,556.4282,1370.0322,498.21295
218,592,car,635.8424,485.52008,755.1515,597.9891,695.49695,541.7546
218,593,car,776.01654,629.3596,853.9554,741.9594,814.98596,685.65955
218,523,car,583.1321,340.14264,661.2239,403.4697,622.178,371.80615
218,554,car,722.9475,309.58298,799.95135,396.94183,761.44946,353.2624
218,695,car,720.901,223.86488,774.12976,264.7791,747.5154,244.32199
218,806,truck,1385.3247,608.5428,1522.0132,727.7593,1453.669,668.151
218,480,person,1608.7147,707.08527,1634.0115,761.97815,1621.363,734.53174
218,852,person,1537.871,587.18427,1561.2898,640.9082,1549.5803,614.04626
218,706,car,761.6823,513.91785,823.0138,602.17975,792.348,558.0488
218,857,person,911.48016,601.01733,944.68945,660.59094,928.08484,630.80414
218,860,person,886.9605,519.59717,919.24445,593.09595,903.1025,556.34656
218,825,person,1254.3954,507.05585,1281.2844,569.69727,1267.8398,538.3766
218,417,truck,629.00104,605.9136,751.6144,767.39923,690.30774,686.6564
218,847,car,834.4898,235.86723,879.81146,274.95847,857.15063,255.41284
218,848,car,768.9625,257.69257,828.08386,305.51248,798.5232,281.60254
218,772,person,815.1048,986.16174,863.69995,1080.0,839.40234,1033.0808
218,606,car,1272.5293,448.0996,1321.613,512.87836,1297.0712,480.48898
219,25,car,1338.928,596.56036,1398.4562,680.42004,1368.6921,638.49023
219,147,car,458.5537,567.9923,603.3163,712.99255,530.935,640.49243
219,69,car,18.710241,744.4861,241.42201,941.1072,130.06613,842.79663
219,128,car,468.93948,433.68173,592.8499,535.5311,530.8947,484.60645
219,21,truck,1324.4042,440.29846,1413.862,557.9626,1369.133,499.13052
219,592,car,633.04266,490.06158,750.0748,600.86774,691.5587,545.46466
219,593,car,777.2164,635.7186,850.45306,739.7366,813.8347,687.7276
219,523,car,581.71027,343.79764,659.4192,407.00345,620.5647,375.40054
219,554,car,720.5182,310.5022,799.29486,399.79697,759.9065,355.1496
219,695,car,717.4368,224.74869,772.2379,266.8539,744.8374,245.8013
219,806,truck,1385.3541,608.62396,1522.0171,727.3307,1453.6855,667.9773
219,480,person,1607.9799,706.6799,1633.2883,761.6401,1620.634,734.16
219,852,person,1537.2339,586.7767,1560.9493,641.2415,1549.0916,614.0091
219,706,car,759.555,518.5221,821.7335,607.90656,790.6443,563.21436
219,857,person,906.96075,608.52576,943.6229,674.3094,925.2919,641.4176
219,417,truck,624.626,611.1736,749.87836,776.8,687.2522,693.9868
219,847,car,831.7136,236.03113,879.3027,277.22766,855.5082,256.6294
219,772,person,814.8869,1001.8108,859.89044,1080.0,837.3887,1040.9054
219,606,car,1271.3868,447.68857,1321.929,514.1394,1296.658,480.914
219,620,car,1308.9507,526.36096,1368.9856,598.32794,1338.9681,562.3445
219,11,car,1630.0673,973.98865,1765.5148,1077.9127,1697.791,1025.9507
220,25,car,1338.843,597.20026,1398.5127,681.43304,1368.6779,639.31665
220,147,car,451.69974,571.5592,599.4165,720.20856,525.5581,645.8839
220,69,car,8.830301,752.53815,234.78163,952.0149,121.80597,852.2765
220,128,car,465.06882,434.99942,594.9607,542.2521,530.0148,488.62573
220,21,truck,1325.1362,440.44165,1415.7705,558.7705,1370.4534,499.60608
220,592,car,629.6081,494.98666,746.24286,605.58215,687.9255,550.2844
220,593,car,773.4739,643.5974,849.2107,750.25323,811.3423,696.9253
220,523,car,578.9728,347.8218,655.606,410.125,617.2894,378.9734
220,554,truck,719.116,313.42685,797.20386,401.99792,758.1599,357.7124
220,695,car,717.67633,226.22993,773.0252,268.71613,745.35077,247.47302
220,806,truck,1384.8342,608.4128,1522.1431,727.201,1453.4886,667.8069
220,480,person,1607.4998,705.68823,1632.9857,761.34,1620.2427,733.51416
220,852,person,1536.3883,586.5249,1560.6514,642.4681,1548.5198,614.49646
220,706,car,756.62476,522.1134,821.3356,615.6445,788.98016,568.8789
220,417,truck,622.6709,617.3408,748.9419,785.40393,685.8064,701.3724
220,847,car,828.635,236.81374,876.85913,278.64145,852.7471,257.7276
220,772,person,817.8735,1019.8853,855.14404,1080.0,836.5088,1049.9426
220,606,car,1270.7954,447.5722,1322.1965,515.0579,1296.496,481.31506
220,620,car,1309.2045,526.9142,1369.8616,598.93585,1339.533,562.92505
220,11,car,1628.9651,975.43304,1764.4478,1079.2892,1696.7064,1027.3611
220,53,truck,1575.598,372.274,1917.6204,861.6183,1746.6091,616.94617
221,25,car,1339.0621,598.24945,1398.5219,682.35376,1368.792,640.30164
221,147,car,445.31638,575.15564,595.9817,727.4459,520.64905,651.3008
221,69,car,0.0,761.61005,228.27802,964.3553,114.13901,862.98267
221,128,car,460.3799,440.46243,588.4044,546.5799,524.39215,493.52118
221,21,truck,1325.3645,440.76077,1416.0487,558.1645,1370.7065,499.46265
221,592,car,626.30927,498.45883,744.0362,610.1488,685.1727,554.30383
221,593,car,772.2468,651.70764,845.14136,752.9975,808.6941,702.35254
221,523,car,574.80597,350.07462,652.1538,413.0717,613.47986,381.57315
221,695,car,714.8371,225.70433,773.5111,271.05292,744.1741,248.37863
221,806,truck,1383.6127,608.4446,1521.3467,727.01666,1452.4797,667.7306
221,480,person,1607.4495,704.9653,1632.5659,759.9359,1620.0077,732.45056
221,852,person,1536.3488,586.0339,1560.4186,641.5386,1548.3837,613.78625
221,706,car,755.8578,526.1993,820.0715,618.58014,787.9646,572.3897
221,417,truck,619.4047,622.8888,746.417,793.0632,682.9109,707.97595
221,847,car,825.6656,237.12732,875.5498,280.35272,850.60767,258.74002
221,606,car,1271.386,447.94012,1322.1648,514.4653,1296.7754,481.2027
221,620,car,1309.148,527.2221,1370.533,599.2956,1339.8405,563.25885
221,53,truck,1575.1997,371.24603,1917.3833,859.9022,1746.2915,615.5741
221,848,car,766.7438,261.55133,824.1837,308.09085,795.46375,284.8211
221,857,person,904.0472,620.9472,943.4612,691.76324,923.75415,656.3552
222,25,car,1339.3542,599.118,1398.5438,683.0322,1368.949,641.0751
222,147,car,439.59015,583.1971,591.38745,737.38043,515.4888,660.28876
222,69,car,0.0,769.3419,222.86339,975.1881,111.431694,872.265
222,128,car,459.00848,445.67905,576.0406,541.88934,517.52454,493.78418
222,21,truck,1327.0433,440.89774,1416.9668,556.5115,1372.0051,498.7046
222,592,car,623.2626,501.52756,740.66614,612.47626,681.96436,557.0019
222,593,car,764.8641,657.6387,847.33716,772.84454,806.1006,715.2416
222,523,car,571.0689,351.55878,650.2572,416.17453,610.6631,383.86664
222,695,car,713.5661,226.05933,773.4401,272.6941,743.5031,249.37671
222,806,truck,1382.3333,608.43494,1520.4142,726.60065,1451.3738,667.5178
222,480,person,1606.363,705.04,1631.8783,761.0002,1619.1206,733.0201
222,852,person,1535.7815,585.8911,1559.5365,640.5292,1547.6589,613.21014
222,417,truck,612.1391,629.3882,740.354,801.48773,676.2466,715.438
222,847,car,830.47266,241.48692,876.1258,280.90472,853.2992,261.19583
222,606,car,1270.8394,448.3675,1321.7723,514.8019,1296.3059,481.5847
222,620,car,1308.929,527.83746,1370.9138,599.97845,1339.9214,563.90796
222,53,truck,1574.3298,371.7581,1916.6415,859.18744,1745.4856,615.4728
222,848,car,766.994,261.73776,825.1992,309.21213,796.0966,285.47495
222,857,person,898.29236,629.30426,946.2701,716.24097,922.28125,672.7726
222,554,truck,717.22284,321.42593,795.2146,409.0091,756.21875,365.21753
222,11,car,1632.4913,977.31335,1766.7588,1078.8741,1699.625,1028.0938
223,25,car,1339.3485,599.5483,1398.3591,683.40137,1368.8538,641.47485
223,147,car,434.77084,591.8086,586.71606,746.5485,510.74347,669.1786
223,69,car,0.0,777.7046,218.9466,986.0547,109.4733,881.87964
223,128,car,454.0537,448.062,579.1696,550.70984,516.6117,499.38593
223,21,truck,1327.4905,441.11725,1417.4697,556.1936,1372.4801,498.65543
223,592,truck,620.01434,504.82675,738.7447,616.78534,679.3795,560.806
223,593,car,761.51654,667.88794,842.9032,781.1526,802.20984,724.52026
223,523,car,565.51227,353.4701,645.52313,418.27386,605.5177,385.87198
223,695,car,713.3155,227.46188,772.75903,274.19168,743.03723,250.82678
223,806,truck,1380.6937,608.60583,1521.1663,728.4292,1450.9299,668.5175
223,480,person,1604.379,703.98645,1631.0011,762.0569,1617.6901,733.02167
223,852,person,1535.189,585.6268,1558.931,640.0964,1547.06,612.8616
223,417,truck,606.00006,634.532,736.88257,810.2018,671.4413,722.3669
223,847,car,827.69824,240.85953,876.64185,283.43964,852.17004,262.1496
223,606,car,1270.6481,448.53278,1322.1957,515.7673,1296.4219,482.15002
223,620,car,1308.7646,528.19104,1371.3479,600.68933,1340.0563,564.4402
223,53,truck,1574.6826,372.87277,1915.3759,855.8934,1745.0293,614.38306
223,848,car,763.7349,262.75772,822.9939,311.07687,793.3644,286.9173
223,857,person,897.70953,637.7006,945.193,724.0872,921.4513,680.8939
223,878,car,617.8883,503.48203,741.8909,614.5868,679.88965,559.0344
223,879,car,935.6717,179.1976,962.1092,206.00565,948.89044,192.60162
223,554,truck,713.2929,321.59494,794.42474,412.56204,753.8588,367.0785
223,706,truck,749.8728,535.41876,821.0898,638.8855,785.4813,587.1521
224,25,car,1339.4796,599.64417,1398.5392,683.58887,1369.0094,641.6165
224,147,car,429.33215,597.37805,582.3784,753.6951,505.8553,675.5366
224,69,car,0.0,783.73126,216.11584,997.83673,108.05792,890.784
224,128,car,448.47308,450.3568,578.0421,556.75964,513.25757,503.55823
224,21,truck,1326.9952,441.3059,1417.2131,556.1833,1372.1042,498.7446
224,592,car,615.11554,507.51108,736.7859,622.1708,675.9507,564.84094
224,593,car,752.26825,675.6078,847.5211,810.56335,799.89465,743.0856
224,523,car,562.34534,354.5153,644.0136,420.51428,603.17944,387.51477
224,695,car,712.9963,229.53827,770.9245,275.4404,741.9604,252.48933
224,806,truck,1382.6327,608.6268,1523.4491,728.8749,1453.0409,668.75085
224,480,person,1602.296,702.6252,1630.0547,763.0729,1616.1753,732.849
224,852,person,1533.9861,585.5795,1558.3993,641.62,1546.1926,613.59973
224,417,truck,600.1236,640.6657,732.8561,818.60156,666.48987,729.63367
224,847,car,828.3006,244.25844,875.2368,285.1359,851.7687,264.69717
224,606,car,1270.7057,449.34668,1321.7521,515.76276,1296.2289,482.55472
224,620,car,1307.7467,528.38416,1370.2003,600.74927,1338.9735,564.5667
224,53,truck,1574.561,373.41473,1915.197,854.7313,1744.879,614.073
224,848,car,760.3396,263.3452,822.0504,313.88098,791.195,288.6131
224,857,person,898.9947,645.12634,942.8508,724.70734,920.9227,684.9169
224,878,truck,613.384,506.6396,740.80774,620.89453,677.0958,563.7671
224,879,car,935.6116,181.14906,960.93286,206.64085,948.2722,193.89496
224,554,car,711.3099,323.04388,792.55255,414.07214,751.9312,368.558
224,706,car,746.8095,540.63544,817.0815,643.8582,781.9455,592.2468
225,25,car,1339.7311,599.4833,1398.779,683.33344,1369.2551,641.4083
225,147,car,422.57672,602.0974,578.0205,761.4816,500.2986,681.78955
225,69,car,0.0,792.2108,212.80855,1011.27454,106.404274,901.7427
225,128,car,445.01785,453.26904,569.92365,555.8094,507.47076,504.5392
225,21,truck,1329.6295,440.90546,1418.5012,554.3787,1374.0654,497.6421
225,592,car,612.5656,511.92163,734.8616,627.0571,673.7136,569.4894
225,593,car,749.05194,683.20917,847.63086,825.11487,798.34143,754.162
225,523,car,561.50995,357.642,642.5739,423.23178,602.04193,390.4369
225,695,car,711.60736,233.6028,766.80206,277.13083,739.2047,255.36682
225,806,truck,1384.9037,608.6116,1525.4829,729.06573,1455.1934,668.8386
225,480,person,1600.6312,700.39325,1628.4965,761.3009,1614.5638,730.84705
225,852,person,1533.3295,585.43756,1558.0176,642.2103,1545.6736,613.824
225,417,truck,596.5714,646.97046,730.7034,826.8251,663.63745,736.89777
225,847,car,829.4806,246.55762,874.40765,285.76514,851.9441,266.16138
225,606,car,1273.7463,452.8259,1321.777,515.5802,1297.7617,484.20306
225,620,car,1308.8885,529.3213,1370.9852,601.2905,1339.9369,565.3059
225,53,truck,1573.7452,373.48355,1915.5317,855.2712,1744.6384,614.3774
225,848,car,760.3117,266.62573,819.79803,315.1378,790.0549,290.88177
225,857,person,898.65497,650.1413,942.8237,730.4228,920.7394,690.28204
225,878,truck,611.04846,511.44095,739.07904,626.2951,675.0637,568.86804
225,879,car,931.2607,180.80127,958.7065,208.08707,944.9836,194.44417
225,554,truck,706.6151,321.79034,791.8099,417.3366,749.2125,369.56348
225,706,car,746.37463,545.39136,813.0169,643.3629,779.6958,594.37714
226,25,car,1339.8815,599.7766,1398.8627,683.509,1369.3721,641.6428
226,147,car,416.9547,609.5522,573.00385,769.9316,494.97928,689.7419
226,69,car,0.0,801.0541,208.58531,1023.74396,104.292656,912.39905
226,128,car,442.12534,456.1105,565.75287,557.81116,503.9391,506.96082
226,21,truck,1330.0858,440.67484,1418.8557,554.4399,1374.4707,497.55737
226,592,car,609.60645,516.6623,732.0871,631.9325,670.8468,574.29736
226,593,car,747.2643,693.39667,843.7692,833.38086,795.5167,763.3888
226,523,car,561.0206,359.99002,641.99005,425.66748,601.5054,392.82874
226,695,car,709.93823,235.10075,764.6789,278.1776,737.3086,256.6392
226,806,truck,1383.2087,608.46735,1525.1902,730.23773,1454.1995,669.35254
226,480,person,1598.8531,698.7202,1627.2815,760.5473,1613.0674,729.6338
226,852,person,1532.778,585.3521,1557.8473,643.0359,1545.3126,614.194
226,417,truck,593.4248,653.58746,728.92615,835.62085,661.1755,744.6041
226,847,car,828.7523,247.71463,873.2394,286.52933,850.99585,267.12198
226,606,car,1274.5685,453.28918,1321.7914,515.242,1298.1799,484.2656
226,620,car,1310.727,529.8245,1372.6849,601.49304,1341.706,565.6588
226,53,truck,1573.6223,373.73627,1916.0796,855.6851,1744.851,614.7107
226,848,car,753.7101,263.1112,821.58624,318.77765,787.6482,290.94443
226,857,person,899.7247,659.6931,939.99536,731.8329,919.86,695.763
226,878,truck,606.7773,516.81177,735.8573,632.80835,671.31726,574.81006
226,879,car,931.39124,181.5489,958.4444,208.07146,944.91785,194.81018
226,706,car,745.20294,551.4727,811.5144,649.07056,778.35864,600.2716
227,25,car,1339.7292,600.43744,1398.6609,683.88617,1369.1951,642.1618
227,147,car,410.1463,617.3326,565.8016,777.18036,487.97394,697.2565
227,69,car,0.0,812.4751,201.0185,1035.2168,100.50925,923.84595
227,128,car,438.00464,457.84564,560.46405,558.50574,499.23434,508.1757
227,21,truck,1329.6575,440.61533,1418.3827,554.5918,1374.02,497.60358
227,592,car,605.05493,519.66113,729.51526,637.10266,667.2851,578.3819
227,593,car,744.5669,702.9561,839.5544,841.1298,792.06067,772.04297
227,523,car,557.1674,361.94632,640.2218,429.27045,598.6946,395.6084
227,695,car,708.8927,235.91087,763.74854,278.88638,736.3206,257.39862
227,480,person,1597.201,698.2314,1626.6548,762.40686,1611.928,730.3191
227,852,person,1532.417,585.53613,1557.7402,643.86115,1545.0786,614.6986
227,847,car,829.2234,249.00938,873.48236,287.49808,851.3529,268.25372
227,606,car,1272.0148,451.41788,1320.7867,514.9614,1296.4008,483.18964
227,620,car,1311.5945,530.23846,1373.48,601.64874,1342.5372,565.9436
227,53,truck,1573.3575,373.45917,1917.2819,857.3426,1745.3197,615.4009
227,848,car,753.28424,263.8318,821.39905,320.23477,787.3417,292.03326
227,857,person,893.5501,666.9285,942.0834,754.4538,917.8168,710.69116
227,878,truck,602.31055,521.1379,732.66644,638.6202,667.4885,579.879
227,879,car,932.50903,183.52591,958.2944,208.43433,945.40173,195.98012
227,706,car,744.8736,555.71246,810.42084,651.6564,777.6472,603.68445
227,5,truck,1412.9464,606.41614,1522.1874,729.66095,1467.5669,668.0386
227,554,truck,701.69855,330.30353,783.2798,421.08585,742.48914,375.6947
228,25,car,1339.8337,601.16205,1399.0955,684.89575,1369.4646,643.02893
228,147,car,402.95575,622.1807,562.41626,786.43274,482.686,704.30676
228,69,car,0.0,820.9165,194.41022,1046.9153,97.20511,933.9159
228,128,car,432.49692,460.9492,556.0486,562.1251,494.27277,511.53717
228,21,truck,1328.9697,440.47632,1417.991,555.06824,1373.4803,497.77228
228,592,car,600.6962,524.3343,725.84375,642.34015,663.27,583.3372
228,593,car,740.4227,711.8907,836.42804,852.72284,788.4254,782.30676
228,523,car,554.55457,364.5705,637.831,431.9633,596.19275,398.2669
228,695,car,707.3318,237.66496,764.5412,282.6017,735.9365,260.13333
228,480,person,1596.466,696.9891,1625.9363,761.29553,1611.2012,729.14233
228,852,person,1532.2709,585.6625,1557.4966,643.9065,1544.8838,614.7845
228,847,car,828.21625,249.80206,873.25336,289.081,850.7348,269.44153
228,606,car,1274.677,454.6914,1320.3746,514.0777,1297.5259,484.38455
228,620,car,1312.9371,531.0607,1373.5024,600.66504,1343.2197,565.8629
228,848,car,752.65967,266.97604,819.72284,322.7229,786.1913,294.8495
228,857,person,890.19775,675.2966,941.33325,768.6131,915.7655,721.95483
228,878,truck,597.4749,525.15826,729.1729,644.19684,663.3239,584.67755
228,879,car,932.22986,183.995,959.39246,209.97542,945.81116,196.9852
228,706,car,743.79224,560.1622,807.8823,652.92615,775.8373,606.5442
228,5,truck,1412.4225,606.49225,1521.0397,728.3976,1466.7311,667.44495
228,554,car,702.07794,332.78925,783.5912,422.98734,742.8346,377.8883
228,417,truck,586.07214,668.1726,724.67426,854.6684,655.37317,761.42053
229,25,car,1339.6692,601.7333,1400.0906,687.05676,1369.8799,644.395
229,147,car,395.8503,628.9205,558.71844,796.9924,477.28436,712.9564
229,69,car,0.0,829.93823,187.82133,1057.6982,93.91067,943.81824
229,128,car,425.96826,466.1823,551.3179,568.66656,488.64307,517.42444
229,21,truck,1328.4321,440.50198,1417.7443,555.6035,1373.0881,498.05273
229,592,car,596.5561,527.8433,724.041,648.3446,660.2986,588.094
229,593,car,738.5089,722.42126,833.17365,861.0056,785.8413,791.71344
229,523,car,552.5523,368.90057,634.1014,434.41476,593.32684,401.65765
229,695,car,706.3165,237.70561,763.6612,282.77188,734.9889,260.23874
229,480,person,1596.2339,696.25946,1625.5966,760.46594,1610.9153,728.3627
229,847,car,825.5724,250.26288,874.0229,292.60565,849.7976,271.43427
229,606,car,1273.151,453.48035,1319.9396,513.9219,1296.5453,483.7011
229,620,car,1311.2258,530.74756,1372.4746,600.9046,1341.8502,565.82605
229,848,car,752.2772,269.52884,818.43555,324.48566,785.3564,297.00726
229,857,person,889.37976,683.8811,939.00574,774.71094,914.19275,729.296
229,879,car,930.6611,182.75978,960.68677,211.35101,945.67395,197.05539
229,706,car,742.6846,564.22144,806.0239,654.4067,774.35425,609.3141
229,5,truck,1411.6626,606.18665,1520.5219,727.4924,1466.0923,666.8395
229,417,car,580.67145,673.30585,722.52826,865.2092,651.59985,769.25757
230,25,car,1340.2289,602.9825,1400.0845,687.196,1370.1567,645.08923
230,147,car,386.1605,635.29395,553.1479,807.8931,469.65417,721.5935
230,69,car,0.0,838.0301,180.43967,1066.8914,90.21983,952.4607
230,128,car,421.50534,469.63217,548.71594,573.81,485.11066,521.72107
230,21,truck,1327.7008,440.65115,1416.8827,555.5941,1372.2917,498.12262
230,592,truck,592.1727,530.46857,723.2798,654.8752,657.72626,592.6719
230,593,car,733.20514,732.52997,831.233,876.6037,782.21906,804.56683
230,523,car,550.56006,373.13867,629.8305,436.34982,590.1953,404.74426
230,695,car,706.011,239.15941,763.4587,284.3226,734.73486,261.741
230,480,person,1595.5409,695.7119,1625.3768,760.96704,1610.4589,728.3395
230,847,car,823.32745,249.31195,874.3782,294.36438,848.8528,271.83817
230,606,car,1272.3828,453.62402,1319.5598,514.23785,1295.9713,483.93094
230,620,car,1310.4689,530.6461,1371.8289,600.84235,1341.1489,565.74426
230,848,car,756.3891,270.77673,819.73505,324.07434,788.0621,297.42554
230,857,person,888.8105,694.0674,937.2777,782.98224,913.04407,738.5248
230,879,car,930.3397,182.61726,960.6479,211.40552,945.4938,197.01138
230,706,car,738.08496,568.92065,804.95233,664.075,771.5187,616.4978
230,5,truck,1410.6816,606.16315,1520.6047,727.78577,1465.6432,666.9745
230,417,truck,575.83185,680.245,719.8283,875.2578,647.8301,777.7514
230,825,person,1258.1168,526.8011,1284.4506,588.72455,1271.2837,557.7628
230,11,car,1641.4551,986.56854,1769.0962,1079.1377,1705.2756,1032.8531
230,806,car,1392.2631,609.31,1531.0358,730.0511,1461.6494,669.68054
231,25,car,1340.3541,603.5788,1400.455,687.89886,1370.4045,645.73883
231,147,car,378.12885,641.1849,547.49634,816.2099,462.8126,728.6974
231,69,car,0.0,847.4079,172.03912,1075.157,86.01956,961.2825
231,128,car,416.96902,472.66177,545.46387,578.27295,481.21643,525.46735
231,21,truck,1323.0225,441.58923,1414.3295,558.1768,1368.676,499.88303
231,592,car,589.6348,535.0677,720.33374,658.96027,654.98425,597.014
231,593,car,731.3014,740.8485,827.2549,881.5663,779.27814,811.2074
231,523,car,545.8443,375.57617,627.59576,440.36353,586.72003,407.96985
231,695,car,704.87244,240.3012,761.0566,284.88132,732.9645,262.59125
231,480,person,1594.1189,695.5905,1624.4213,762.165,1609.27,728.87775
231,847,car,825.2676,250.68336,873.36884,293.21597,849.31824,271.94968
231,606,car,1272.5422,454.72174,1318.9912,513.92615,1295.7667,484.32394
231,620,car,1311.1292,530.85504,1373.2452,601.8784,1342.1873,566.3667
231,848,car,754.305,276.37756,814.34894,326.06293,784.32697,301.22025
231,857,person,883.55597,705.15607,939.7129,809.6693,911.6344,757.4127
231,879,car,930.34906,183.81752,958.7039,210.31075,944.5265,197.06413
231,706,car,735.5844,574.8175,804.07294,671.9254,769.8287,623.37146
231,417,truck,571.20056,690.13916,713.55817,883.0405,642.3794,786.58984
231,825,person,1259.0579,528.00525,1284.5382,588.3433,1271.7981,558.1743
231,11,car,1640.1493,987.6702,1771.3046,1079.605,1705.7269,1033.6376
231,806,truck,1389.6392,609.4337,1528.8263,731.146,1459.2327,670.28986
231,53,truck,1575.8059,376.00998,1919.6494,860.50446,1747.7277,618.2572
232,25,car,1340.4045,604.01886,1400.5022,688.105,1370.4534,646.0619
232,147,car,370.6647,646.6152,543.2139,825.541,456.93933,736.0781
232,69,car,0.0,858.808,159.35512,1077.4103,79.67756,968.10913
232,128,car,411.04843,476.0227,541.3784,583.71136,476.21344,529.86707
232,21,truck,1320.4321,441.98135,1412.772,559.06525,1366.602,500.52332
232,592,car,587.33435,542.03516,718.48364,666.4297,652.909,604.2324
232,593,car,725.9603,750.6059,824.6249,895.3928,775.2926,822.9994
232,523,car,542.16486,377.21527,625.9954,443.6672,584.08014,410.44122
232,695,car,703.03107,241.36284,759.34344,286.3186,731.18726,263.84073
232,480,person,1593.4302,695.23395,1623.5409,761.64935,1608.4856,728.44165
232,847,car,824.76276,250.70424,874.7068,295.4143,849.73474,273.05927
232,606,car,1272.4569,456.30356,1318.3682,514.27893,1295.4126,485.29126
232,620,car,1310.7695,532.23096,1372.8435,602.9672,1341.8065,567.5991
232,848,car,754.24304,272.44815,819.2772,326.94827,786.76013,299.6982
232,706,car,734.01404,578.93744,802.33417,674.90045,768.1741,626.91895
232,417,truck,564.23474,696.8948,708.5768,892.6531,636.40576,794.7739
232,825,person,1259.1552,529.7904,1284.9377,592.0186,1272.0464,560.90454
232,11,car,1636.874,987.1837,1770.8878,1079.9259,1703.8809,1033.5548
232,806,car,1385.0923,609.50256,1526.1897,732.8033,1455.641,671.15295
232,554,bus,689.26855,332.82422,782.32166,436.941,735.7951,384.88263
233,25,car,1339.9633,604.1795,1400.6443,689.09894,1370.3037,646.6392
233,147,car,363.40176,652.61176,538.79724,835.17456,451.0995,743.8932
233,69,car,0.0,868.12756,146.15817,1075.3793,73.07909,971.7534
233,128,car,405.21576,478.76923,537.28973,588.1897,471.25275,533.4795
233,21,truck,1319.154,441.9884,1412.3931,559.7398,1365.7736,500.8641
233,592,car,584.65265,545.78156,717.6339,671.9792,651.1433,608.8804
233,593,car,721.86774,762.8104,820.62036,907.2804,771.244,835.0454
233,523,car,538.5139,378.23215,626.89844,448.73764,582.7062,413.4849
233,695,car,703.60614,241.74002,759.0321,286.45282,731.3191,264.09644
233,480,person,1592.9971,695.2259,1623.0371,761.5302,1608.0171,728.37805
233,847,car,823.96454,251.52821,874.44354,297.08185,849.20404,274.30502
233,606,car,1273.4489,458.63736,1318.4503,514.8829,1295.9496,486.76013
233,620,car,1310.0481,532.7041,1371.948,603.42865,1340.998,568.0664
233,848,car,749.11285,276.92288,814.8833,331.67224,781.99805,304.29755
233,706,car,731.7132,584.9852,801.42395,682.3634,766.5686,633.6743
233,417,truck,557.7479,701.7227,707.6848,905.838,632.7164,803.7804
233,825,person,1259.1985,530.90924,1284.395,593.07916,1271.7968,561.9942
233,11,car,1639.8921,988.5703,1774.5524,1079.2719,1707.2222,1033.9211
233,806,car,1381.3617,609.65643,1525.2124,735.2367,1453.2871,672.44653
233,907,person,866.9783,601.50366,910.7835,689.52594,888.88086,645.5148
233,554,car,688.1993,334.915,781.87244,440.75525,735.0359,387.83514
233,857,person,882.7663,725.24884,935.9942,824.39746,909.38025,774.8231
234,25,car,1339.424,603.98016,1400.672,689.90607,1370.048,646.9431
234,147,car,356.65143,662.69037,532.1754,845.45685,444.41342,754.0736
234,69,car,0.0,878.067,133.66191,1075.6296,66.830956,976.8483
234,128,car,399.5205,480.57288,533.43115,591.97955,466.47583,536.27625
234,21,truck,1317.3938,441.88147,1411.7465,560.7829,1364.5701,501.33218
234,592,car,580.80585,549.38153,716.1541,677.47906,648.48,613.4303
234,593,car,720.955,774.8169,815.7914,912.3951,768.37317,843.60596
234,523,car,537.6976,380.59207,625.23975,450.94272,581.4686,415.7674
234,695,car,700.3525,242.24023,757.84784,289.1653,729.10016,265.70276
234,480,person,1593.2731,695.42664,1622.742,760.10406,1608.0076,727.7654
234,847,car,825.117,252.98965,874.0701,297.40884,849.59357,275.19925
234,606,car,1273.87,460.08212,1318.3217,515.00287,1296.0958,487.54248
234,620,car,1310.2489,533.893,1371.7142,604.1816,1340.9816,569.0373
234,848,car,748.8168,275.32178,815.2285,330.6353,782.02264,302.97855
234,706,car,730.104,589.26117,799.1317,684.7611,764.61786,637.0111
234,417,truck,553.16376,711.6514,704.0863,917.4534,628.625,814.5524
234,825,person,1260.627,531.03485,1285.4542,592.91815,1273.0405,561.9765
234,11,car,1635.5518,989.0327,1771.0361,1079.6771,1703.294,1034.355
234,806,car,1380.6871,609.60254,1524.872,735.67804,1452.7795,672.64026
234,907,person,864.44763,606.73425,909.16895,696.7721,886.8083,651.7532
235,25,car,1339.2786,604.71344,1400.4187,690.4883,1369.8486,647.6008
235,147,car,349.14056,670.3665,526.8926,855.91205,438.01657,763.1393
235,69,car,0.0,886.55505,121.84477,1074.0144,60.922386,980.2847
235,128,car,394.82065,484.57166,530.9177,598.4154,462.8692,541.4935
235,21,truck,1316.2109,442.06726,1412.1786,562.95245,1364.1948,502.50986
235,592,car,576.6876,553.4757,713.7428,682.4821,645.2152,617.9789
235,593,car,715.7243,785.16534,813.1524,925.97186,764.43835,855.5686
235,523,car,535.48566,384.41196,619.6464,451.8164,577.56604,418.1142
235,695,car,698.1484,242.10426,757.6675,291.087,727.90796,266.59564
235,847,car,823.2565,253.25737,872.9943,298.9316,848.12537,276.09448
235,606,car,1274.1653,460.80594,1318.3107,514.7509,1296.238,487.77844
235,620,car,1311.1833,534.7342,1372.3783,604.5946,1341.7808,569.6644
235,848,car,745.8057,271.27298,818.6235,332.8078,782.2146,302.0404
235,706,car,725.8488,594.1517,798.11273,693.99115,761.9808,644.0714
235,417,truck,547.10333,719.5987,701.01904,930.0022,624.06116,824.8004
235,825,person,1260.5615,532.15906,1285.4563,594.10675,1273.0089,563.13293
235,806,car,1380.4406,609.6636,1524.8845,736.22906,1452.6626,672.9463
235,907,person,863.69257,612.3222,906.1563,697.94855,884.92444,655.1354
235,554,truck,683.69135,341.84204,776.4761,446.7474,730.08374,394.29474
235,857,person,879.77124,744.1417,931.6911,840.9823,905.7312,792.562
236,25,car,1339.351,605.45984,1400.2369,690.7657,1369.794,648.1128
236,147,car,342.36722,677.55554,523.6713,867.5908,433.0193,772.5732
236,69,car,0.0,896.3619,110.77266,1073.3917,55.38633,984.87683
236,128,car,393.86877,492.04974,524.3119,601.199,459.09033,546.6244
236,21,truck,1313.7783,442.08472,1413.7673,568.5854,1363.7728,505.33505
236,592,car,570.96454,557.83844,710.25073,688.6039,640.60767,623.2212
236,593,car,711.79675,797.34314,810.4311,939.4667,761.1139,868.4049
236,523,car,532.7723,386.7207,615.4658,452.63928,574.119,419.68
236,695,car,694.96356,243.54587,756.6496,294.90115,725.8066,269.2235
236,847,car,820.94385,256.2882,871.3295,302.46567,846.1367,279.37695
236,606,car,1274.4115,461.66583,1318.5831,515.1384,1296.4973,488.40213
236,620,car,1311.1307,535.39307,1371.5087,604.40985,1341.3197,569.9015
236,848,car,748.8566,276.38672,814.4937,331.80252,781.6752,304.0946
236,706,car,723.8107,600.3392,796.88934,701.09955,760.35004,650.71936
236,417,truck,541.0328,727.8319,698.1009,943.138,619.56683,835.485
236,825,person,1261.5802,534.0078,1286.3715,595.82996,1273.9758,564.9189
236,806,car,1379.5076,609.8911,1525.8036,738.4698,1452.6555,674.1804
236,554,truck,681.9777,341.4721,777.21606,450.07498,729.5969,395.77356
236,857,person,881.5092,754.76074,927.7086,839.6645,904.6089,797.21265
236,53,truck,1577.4122,377.81458,1918.9276,858.6202,1748.1699,618.2174
236,11,car,1635.1057,990.3635,1769.9457,1079.7094,1702.5256,1035.0364
237,25,car,1341.1632,606.8751,1400.8613,689.9627,1371.0122,648.41895
237,147,car,334.53726,687.2377,516.7174,878.1587,425.62732,782.6982
237,69,car,0.0,909.7714,97.68322,1072.2534,48.84161,991.01245
237,128,car,387.67627,494.2948,520.38025,605.3461,454.02826,549.82043
237,21,truck,1317.3943,441.16544,1414.048,564.15826,1365.7212,502.66187
237,592,car,564.56586,563.47296,704.8214,695.3487,634.6936,629.4108
237,593,car,710.627,808.76984,804.0411,941.4076,757.33405,875.08875
237,523,car,529.74146,389.47586,614.7964,457.1811,572.2689,423.3285
237,695,car,695.233,244.81345,755.17224,295.16968,725.20264,269.99158
237,847,car,823.32184,258.32187,871.2045,302.4859,847.2632,280.40387
237,606,car,1274.372,462.38217,1318.8248,515.7381,1296.5984,489.06012
237,620,car,1310.6228,535.6843,1371.0403,604.9263,1340.8315,570.3053
237,848,car,748.33185,281.8864,811.6334,334.8518,779.98267,308.3691
237,706,car,717.7495,606.4939,798.32434,718.7488,758.0369,662.62134
237,417,truck,535.3633,734.89056,696.1651,955.8234,615.76416,845.357
237,825,person,1261.6328,535.74274,1285.8448,595.79,1273.7388,565.76636
237,806,car,1378.4496,610.05817,1526.0288,740.0347,1452.2393,675.04645
237,554,truck,678.88983,342.8172,774.2075,452.96158,726.5487,397.8894
237,857,person,881.11475,765.0618,923.1365,841.63184,902.1256,803.3468
237,53,truck,1576.7677,378.03412,1918.6252,858.7771,1747.6965,618.40564
237,11,car,1634.4963,990.62854,1770.7443,1080.0,1702.6204,1035.3142
237,907,person,858.817,629.048,903.275,719.3845,881.046,674.21625
238,25,car,1340.6387,607.5567,1400.3683,690.2682,1370.5034,648.9125
238,147,car,323.49707,692.4646,511.46127,890.2984,417.4792,791.3815
238,69,car,0.0,921.1387,84.79469,1070.1715,42.397346,995.6551
238,128,car,381.7398,498.42606,514.8461,609.7586,448.29297,554.09235
238,21,truck,1321.4989,440.8964,1414.7194,560.4093,1368.1091,500.65283
238,592,car,559.44666,567.4812,701.6255,701.7521,630.5361,634.61664
238,593,car,702.232,820.91327,802.402,962.73267,752.317,891.823
238,523,car,526.88885,392.76086,611.8483,460.20743,569.3686,426.48413
238,695,car,693.74854,246.55806,752.76056,296.72107,723.2545,271.63956
238,847,car,823.41425,259.87268,871.26843,304.20996,847.3413,282.04132
238,606,car,1274.4569,463.09854,1319.0951,516.3058,1296.776,489.70215
238,620,car,1310.1819,536.159,1370.5374,605.65735,1340.3596,570.9082
238,848,car,746.21564,286.37674,808.62714,338.40787,777.4214,312.3923
238,706,car,713.8497,612.7529,796.7407,730.13196,755.29517,671.44244
238,417,truck,528.9638,740.6508,692.399,966.2169,610.6814,853.43384
238,825,person,1263.4448,538.1925,1288.1005,599.0934,1275.7727,568.64294
238,806,car,1379.3676,610.02655,1526.8014,740.24493,1453.0845,675.13574
238,554,car,677.28815,342.59286,773.40155,454.97815,725.34485,398.78552
238,53,truck,1576.7961,379.1497,1917.7881,857.6502,1747.2921,618.39996
238,11,car,1633.6167,991.76794,1769.1145,1079.9966,1701.3656,1035.8823
238,923,truck,680.1558,340.90485,770.2915,454.44528,725.22363,397.67505
238,907,person,859.07764,639.6722,899.53485,721.58325,879.3063,680.6277
239,25,car,1340.0223,608.1225,1400.3099,691.1291,1370.1661,649.6258
239,147,car,316.8479,699.61786,505.9472,899.1287,411.39755,799.3733
239,69,car,0.0,933.3347,73.35928,1070.0111,36.67964,1001.6729
239,128,car,375.78775,502.9096,510.1784,615.04065,442.9831,558.9751
239,21,truck,1324.3665,441.14395,1416.2068,559.238,1370.2866,500.19098
239,592,car,555.487,574.34955,697.2516,708.24274,626.36926,641.29614
239,593,car,697.8512,833.31537,801.0584,978.91815,749.45483,906.11676
239,523,car,522.31537,397.01733,607.66534,464.5643,564.99036,430.79083
239,695,car,694.13165,249.07979,751.75793,298.26764,722.9448,273.6737
239,847,car,824.3698,260.53015,870.27435,303.25046,847.3221,281.89032
239,606,car,1274.0714,463.4198,1319.4529,517.19135,1296.7622,490.30557
239,620,car,1309.6888,536.77704,1369.6223,606.1239,1339.6555,571.45044
239,848,car,745.1489,285.74796,808.966,339.36658,777.0575,312.55725
239,706,car,709.1725,617.93036,795.0193,740.74664,752.0959,679.3385
239,417,truck,524.61926,752.2276,687.6552,977.966,606.1372,865.0968
239,825,person,1264.3549,543.0939,1288.4622,602.3017,1276.4084,572.69775
239,806,car,1381.0496,609.96674,1526.5697,738.76324,1453.8096,674.365
239,554,car,675.37646,344.82538,770.50385,457.1839,722.9402,401.00464
239,53,truck,1576.6934,379.894,1917.705,857.6254,1747.1992,618.7597
239,11,car,1633.9768,992.74536,1768.6951,1079.7523,1701.3359,1036.2488
239,907,person,857.7716,645.4923,896.1275,722.98517,876.9496,684.2388
239,925,person,789.0733,415.1963,818.2163,474.57355,803.6448,444.88492
239,480,person,1587.4542,692.7669,1616.4008,756.798,1601.9275,724.7825
239,857,person,877.23895,785.9952,919.67535,862.7863,898.45715,824.39075
240,25,car,1340.5432,609.23285,1400.2213,690.7028,1370.3823,649.96783
240,147,car,308.86707,710.7595,498.9578,911.1651,403.9124,810.9623
240,69,car,0.0,946.3673,61.750477,1074.7341,30.875238,1010.5507
240,128,car,371.12262,505.96365,507.33252,619.8309,439.22757,562.8973
240,21,truck,1329.3086,441.79614,1417.4849,556.91455,1373.3967,499.35535
240,592,car,551.42,578.47485,695.4167,714.6648,623.41833,646.5698
240,593,car,693.41595,846.8893,795.6405,989.5496,744.5282,918.2195
240,523,car,518.55493,399.09393,604.79645,467.17813,561.67566,433.13605
240,847,car,821.62286,261.31036,870.58606,307.067,846.1045,284.18866
240,606,car,1274.0078,463.14874,1320.149,517.68677,1297.0784,490.41776
240,620,car,1310.1001,537.4992,1369.8883,606.8238,1339.9941,572.1615
240,848,car,743.83185,284.92957,811.4308,342.26218,777.63135,313.5959
240,706,car,704.5674,623.3293,792.69086,751.1094,748.62915,687.21936
240,417,truck,518.17914,761.58356,682.20404,988.8481,600.1916,875.2158
240,806,car,1383.1504,610.1199,1525.6715,736.433,1454.4109,673.2764
240,554,truck,673.3602,344.49847,770.2241,460.15228,721.7922,402.32538
240,53,truck,1576.997,381.3216,1917.918,858.3294,1747.4575,619.8255
240,11,car,1635.2126,993.66376,1770.0591,1079.842,1702.6359,1036.7529
240,907,person,857.7067,650.85645,892.7758,720.7313,875.2413,685.7939
241,25,car,1340.6083,609.9691,1399.9598,690.4038,1370.284,650.18646
241,147,car,300.46548,719.1878,493.12726,922.8219,396.7964,821.0049
241,128,car,366.98212,509.81482,505.03958,625.89935,436.01086,567.85706
241,21,truck,1329.8324,441.71115,1417.9191,557.32605,1373.8757,499.51862
241,592,car,546.58527,582.3183,693.24115,721.2778,619.9132,651.79803
241,593,car,686.0579,862.50415,794.47174,1013.3279,740.26483,937.916
241,523,car,515.2722,400.81824,602.86383,470.11673,559.068,435.46747
241,847,car,821.0264,262.44357,870.0351,308.36386,845.53076,285.40372
241,606,car,1273.7427,462.45886,1320.7606,518.0476,1297.2517,490.25323
241,620,car,1310.6222,537.9322,1370.168,607.2724,1340.395,572.6023
241,848,car,743.23065,286.05746,811.2509,344.4588,777.2408,315.25812
241,706,car,703.87823,629.2796,789.7339,755.0151,746.806,692.14734
241,417,truck,511.41986,770.2028,677.9428,1001.79474,594.68134,885.9988
241,806,car,1384.1632,610.37994,1525.332,735.7411,1454.7476,673.06055
241,554,car,673.0942,345.26776,768.9045,460.55862,720.9993,402.9132
241,53,truck,1575.6704,379.77124,1918.0714,858.32025,1746.8708,619.0458
241,11,car,1635.8176,994.0279,1771.8822,1080.0,1703.8499,1037.0139
241,695,car,692.5062,253.10239,750.5906,302.85916,721.5484,277.98077
241,857,person,868.0322,808.7769,921.95667,907.03394,894.99445,857.9054
242,25,car,1340.5225,610.36957,1399.885,690.3238,1370.2037,650.3467
242,147,car,291.49557,727.163,486.90985,934.20496,389.2027,830.68396
242,128,car,361.85712,514.2748,499.7514,629.7747,430.80426,572.0248
242,21,truck,1329.653,441.63583,1417.1177,556.78375,1373.3853,499.20978
242,592,car,541.93414,587.7284,689.07745,727.2712,615.5058,657.49976
242,593,car,683.2915,875.8241,789.10565,1020.7763,736.1986,948.3002
242,523,car,512.54224,402.61563,600.10675,471.8261,556.32446,437.2209
242,606,car,1273.9214,462.7353,1320.4109,517.53687,1297.1661,490.13608
242,620,car,1310.9476,538.0617,1370.5892,607.7849,1340.7684,572.92334
242,706,car,703.95685,637.3472,785.1781,756.5383,744.5675,696.94275
242,417,truck,505.8077,780.0163,675.1181,1016.13806,590.4629,898.07715
242,806,car,1384.1193,610.1724,1525.5137,736.1345,1454.8164,673.15344
242,53,truck,1574.238,378.73138,1917.8961,858.3982,1746.0671,618.5648
242,857,person,866.36163,820.27856,921.24835,920.6269,893.805,870.45276
243,25,car,1339.877,610.316,1400.014,691.1279,1369.9456,650.7219
243,147,car,282.4262,737.0146,479.21524,945.36914,380.82074,841.1919
243,128,car,355.8398,518.302,495.32144,634.6388,425.58063,576.4704
243,21,truck,1329.5203,441.52142,1416.9475,556.9254,1373.2339,499.22342
243,592,car,537.6263,593.81964,685.7119,734.50397,611.66907,664.1618
243,593,car,675.4682,888.4066,785.1388,1037.9448,730.30347,963.1757
243,523,car,508.7574,404.512,596.9006,474.00424,552.829,439.25812
243,606,car,1273.7944,462.46344,1320.5527,517.4928,1297.1736,489.97812
243,620,car,1310.8386,537.99335,1370.687,608.341,1340.7628,573.1672
243,417,truck,500.0039,790.52075,670.54254,1028.1543,585.2732,909.3375
243,806,car,1385.0575,610.07733,1526.3671,736.59283,1455.7123,673.3351
243,857,person,863.96063,833.68097,921.5429,939.6464,892.7518,886.6637
243,942,motorcycle,427.74747,620.88446,478.8532,706.0175,453.30035,663.451
243,847,car,820.12946,265.11536,869.96625,312.25916,845.04785,288.68726
243,554,car,669.40155,354.29523,761.80743,465.90295,715.6045,410.0991
243,11,car,1636.1871,995.85175,1770.8475,1080.0,1703.5173,1037.9259
243,695,car,686.793,255.33774,742.7091,303.01227,714.7511,279.175
244,25,car,1339.4419,610.1443,1400.4425,692.10315,1369.9421,651.1237
244,147,car,272.37054,745.2868,473.99036,959.11584,373.18045,852.2013
244,128,car,348.3788,520.6572,491.98535,640.83905,420.18207,580.74817
244,21,truck,1329.184,441.4419,1417.9753,559.13336,1373.5796,500.28763
244,592,car,528.8838,604.31836,672.8188,741.8845,600.8513,673.10144
244,593,car,665.165,903.3015,785.51135,1067.7909,725.33813,985.5462
244,523,car,503.7773,406.95486,593.4937,477.46265,548.6355,442.20874
244,606,car,1273.4357,461.73846,1320.8087,517.48456,1297.1222,489.6115
244,620,car,1310.0739,537.8086,1370.7992,609.5622,1340.4365,573.6854
244,417,truck,491.8092,799.8548,666.1711,1043.3186,578.9901,921.5867
244,806,car,1383.7488,610.2399,1527.0297,739.17786,1455.3892,674.70886
244,847,car,818.10266,264.7107,869.8172,314.24548,843.95996,289.4781
244,554,truck,665.51184,356.77264,757.9504,468.49716,711.7311,412.6349
244,11,car,1638.2946,995.01587,1774.8835,1079.0984,1706.5891,1037.0571
244,695,car,685.17346,257.41022,741.0492,304.8462,713.1113,281.1282
244,825,person,1267.2161,545.75104,1293.835,610.4078,1280.5255,578.0794
244,848,car,740.487,286.95438,807.48145,345.58115,773.98425,316.26776
244,706,car,698.43945,649.5927,781.4455,771.7685,739.9425,710.6806
245,25,car,1339.1821,609.85394,1400.9589,692.816,1370.0706,651.33496
245,147,car,261.09808,753.8026,466.1046,971.5131,363.60135,862.65784
245,128,car,343.93683,524.198,489.89294,647.2379,416.9149,585.71796
245,21,truck,1330.7687,441.59705,1418.2468,559.23474,1374.5078,500.4159
245,592,car,525.93463,604.8403,676.4399,749.2018,601.18726,677.021
245,593,car,661.7742,918.6146,779.05194,1077.8369,720.4131,998.22577
245,523,car,499.81458,408.19382,592.32434,480.9191,546.06946,444.55646
245,606,car,1273.2108,461.83502,1320.6707,517.6119,1296.9407,489.72345
245,620,car,1309.8939,537.5762,1371.0947,610.2136,1340.4944,573.8949
245,417,truck,484.9059,811.061,662.59235,1059.2211,573.74915,935.141
245,806,car,1383.8726,610.21387,1527.7058,740.40485,1455.7892,675.3093
245,847,car,817.38947,265.40073,868.0472,314.43607,842.7183,289.9184
245,554,truck,665.38184,363.20352,756.70953,472.88858,711.04565,418.04605
245,11,car,1638.5354,994.507,1777.299,1078.6627,1707.9172,1036.5848
245,695,car,682.7747,258.4323,740.3959,307.40027,711.5853,282.9163
245,947,car,1378.0756,666.77356,1468.7716,771.3489,1423.4236,719.0612
245,848,car,739.1818,288.5831,806.35077,348.15863,772.7663,318.37085
245,706,car,700.39795,657.27295,774.68805,764.1415,737.54297,710.7072
245,879,car,922.34283,192.49016,958.7797,226.35622,940.5613,209.42319
245,857,person,860.76886,859.7795,916.7056,961.4347,888.73724,910.60706
246,25,car,1339.1293,609.581,1401.9384,693.88055,1370.5338,651.7308
246,147,car,252.2486,763.7183,460.58322,985.3424,356.4159,874.5304
246,128,car,336.78568,527.65717,485.76053,653.75494,411.2731,590.70605
246,21,truck,1331.9844,441.64493,1417.9945,558.735,1374.9895,500.18994
246,592,car,520.53705,607.1639,674.99194,755.6708,597.7645,681.41736
246,593,car,658.65234,934.8857,770.4548,1080.0,714.5536,1007.4429
246,523,car,496.182,410.43832,591.4546,485.1102,543.8183,447.77426
246,606,car,1273.7684,462.4304,1320.6747,517.49805,1297.2216,489.96423
246,620,car,1310.2708,537.6191,1371.5443,610.4287,1340.9075,574.0239
246,417,truck,475.4151,819.8479,656.9513,1073.6123,566.1832,946.7301
246,806,car,1388.0193,610.16595,1528.9668,738.88367,1458.493,674.5248
246,847,car,818.0911,267.46213,867.03687,315.0018,842.56396,291.23196
246,554,truck,663.6246,366.49313,754.8457,475.54895,709.2351,421.02106
246,11,car,1638.2487,995.0555,1777.5671,1078.4033,1707.908,1036.7294
246,947,car,1380.0145,668.841,1468.9889,771.3604,1424.5017,720.1007
246,848,car,738.69183,289.4508,806.34503,350.71255,772.51843,320.08167
246,706,car,694.2658,663.5517,775.60486,780.5295,734.9353,722.0406
246,879,car,921.2888,192.15408,958.50977,226.7381,939.8993,209.44609
246,857,person,855.2506,873.0644,916.87286,985.78876,886.06177,929.4266
246,825,person,1269.5165,547.4465,1296.4948,612.97266,1283.0056,580.2096
247,25,car,1339.0067,609.5876,1402.1189,694.19635,1370.5627,651.89197
247,147,car,240.08063,773.2936,453.5216,1000.44293,346.80112,886.8683
247,128,car,330.02866,531.3755,480.33386,658.4075,405.18127,594.8915
247,21,truck,1332.0286,441.44287,1417.6082,559.26263,1374.8184,500.35275
247,592,car,515.2544,610.94135,674.11194,763.5552,594.68317,687.2483
247,593,car,657.9987,950.29205,762.38794,1080.0,710.19336,1015.146
247,523,car,492.09058,413.4226,588.6274,488.9912,540.359,451.2069
247,606,car,1273.0798,461.4782,1321.0275,517.8894,1297.0537,489.6838
247,620,car,1311.5562,537.446,1372.7451,610.31396,1342.1506,573.88
247,417,truck,471.27878,827.9512,651.8408,1079.4681,561.5598,953.70966
247,806,car,1390.9562,609.8639,1530.2916,738.5319,1460.6239,674.1979
247,847,car,818.35913,269.78812,865.473,315.7212,841.9161,292.75464
247,554,bus,658.6914,363.2973,756.4605,480.6704,707.5759,421.98386
247,11,car,1638.553,995.1642,1779.7135,1078.421,1709.1333,1036.7926
247,947,car,1378.8579,667.24384,1469.9666,772.2048,1424.4122,719.7243
247,848,car,737.91583,291.88693,804.27026,353.10593,771.093,322.49643
247,706,car,685.21484,668.71063,777.4539,802.5942,731.33435,735.6524
247,879,car,919.6698,192.17184,958.74774,228.33424,939.20874,210.25305
247,857,person,851.91724,886.51373,915.9283,1004.3513,883.9227,945.4325
247,825,person,1271.0193,547.7385,1298.1779,613.70776,1284.5986,580.72314
247,695,car,681.79224,261.38828,738.8425,309.87906,710.3174,285.63367
248,25,car,1339.2198,610.54846,1401.8331,694.2503,1370.5265,652.3994
248,147,car,230.64189,786.31683,444.4621,1013.8357,337.552,900.0763
248,128,car,323.9634,536.31415,475.88385,664.7104,399.92365,600.51227
248,21,truck,1330.068,440.44946,1414.3141,556.3603,1372.191,498.40488
248,592,car,511.97757,617.9579,671.1907,770.4902,591.5841,694.224
248,593,car,657.41614,967.1495,752.8194,1080.0,705.1178,1023.5747
248,523,car,488.42484,415.90555,584.9306,491.27618,536.67773,453.59088
248,606,car,1273.2882,461.13916,1321.246,517.70087,1297.2671,489.42
248,620,car,1312.1238,539.0063,1372.2898,611.1335,1342.2068,575.0699
248,417,truck,469.71146,840.0616,643.5794,1080.0,556.64545,960.03076
248,847,car,818.5063,270.28143,865.63385,316.49866,842.07007,293.39005
248,554,truck,657.066,367.33798,754.8383,485.14743,705.95215,426.2427
248,11,car,1638.9066,995.7134,1781.4125,1078.6334,1710.1595,1037.1733
248,947,car,1381.1359,668.48596,1470.397,771.0823,1425.7664,719.7841
248,848,car,739.67664,301.138,798.3282,355.24844,769.00244,328.19324
248,706,car,681.966,676.70593,776.1904,814.4844,729.07825,745.59515
248,879,car,918.16235,193.4632,957.16187,228.81676,937.6621,211.13998
248,857,person,849.56,901.018,914.1141,1020.7267,881.83704,960.8723
248,825,person,1270.6329,550.95605,1298.0134,617.20184,1284.3232,584.079
248,960,person,760.8682,441.57825,795.63544,509.28903,778.25183,475.43365
248,5,car,1404.4844,609.3294,1517.5588,732.6998,1461.0216,671.01465
248,480,person,1582.4783,686.43115,1610.5201,748.6259,1596.4993,717.52856
249,25,car,1339.6691,611.072,1401.706,693.63257,1370.6875,652.3523
249,147,car,218.61307,793.693,438.49698,1028.2113,328.55502,910.95215
249,128,car,318.44412,540.6404,471.18576,670.2359,394.81494,605.4381
249,21,truck,1329.0267,440.20972,1412.6567,555.10474,1370.8418,497.65723
249,592,bus,506.03238,623.41833,669.8285,780.0286,587.9304,701.7235
249,593,car,657.16815,985.4459,742.1847,1080.0,699.6764,1032.7229
249,523,car,483.8522,420.57797,580.0023,495.4839,531.92725,458.03094
249,606,car,1272.9749,460.52023,1321.3512,517.75085,1297.1631,489.13556
249,620,car,1312.5596,540.10284,1371.6621,611.51373,1342.1108,575.8083
249,417,truck,466.02106,851.269,636.0264,1080.0,551.02374,965.6345
249,847,car,818.6521,273.36597,864.0241,317.8616,841.33813,295.61377
249,554,bus,656.03845,371.55777,752.9097,488.12042,704.4741,429.8391
249,11,car,1637.9655,995.7788,1782.3467,1078.9741,1710.156,1037.3765
249,947,car,1381.8253,668.87415,1471.1105,771.2314,1426.4679,720.05273
249,848,car,738.1531,307.4184,791.9921,356.41434,765.07263,331.91638
249,706,truck,678.5174,685.76324,772.6042,824.4748,725.5608,755.119
249,879,car,917.1014,194.52205,956.22,229.44678,936.66064,211.9844
249,857,person,846.67957,916.09,912.91833,1039.7329,879.79895,977.9115
249,825,person,1270.921,551.59357,1298.4261,617.715,1284.6736,584.6543
249,960,person,759.055,442.6536,794.6591,512.1233,776.85706,477.38843
249,5,car,1404.4006,609.48975,1517.5127,732.12604,1460.9567,670.80786
250,25,car,1339.8535,611.32166,1401.6462,693.10486,1370.7499,652.21326
250,147,car,207.73763,804.02545,431.67175,1043.3737,319.70468,923.6996
250,128,car,312.86362,545.7402,465.48767,675.2863,389.17566,610.51324
250,21,truck,1330.8842,440.91864,1414.6562,557.03455,1372.7703,498.9766
250,592,car,499.42007,626.8778,667.32404,787.5915,583.3721,707.2346
250,593,car,657.83954,1004.6432,732.29803,1080.0,695.0688,1042.3215
250,523,car,477.94434,422.65588,576.8623,499.57123,527.4033,461.11356
250,606,car,1271.7222,457.4711,1321.6453,516.9196,1296.6837,487.19537
250,620,car,1312.7471,540.1949,1371.5968,611.93414,1342.1719,576.0645
250,417,truck,464.0691,862.6768,629.029,1080.0,546.5491,971.3384
250,847,car,818.2613,275.5544,863.368,319.58142,840.81464,297.56793
250,554,truck,653.84973,379.21613,747.37,490.73938,700.60986,434.97775
250,11,car,1636.4073,996.86707,1780.5675,1079.691,1708.4874,1038.279
250,947,car,1380.7235,670.7136,1470.7041,773.34644,1425.7139,722.03
250,848,car,733.39874,305.00214,792.5795,358.84,762.98914,331.92108
250,706,car,674.17596,693.2041,770.0348,836.0805,722.10535,764.64233
250,879,car,917.62177,194.77988,957.1038,229.93748,937.3628,212.35867
250,857,person,844.9873,931.6328,911.22736,1056.1029,878.1073,993.86786
250,825,person,1270.4999,552.7082,1298.5028,619.6571,1284.5013,586.1826
250,5,car,1403.5166,610.0284,1516.8794,731.9027,1460.198,670.9656
251,25,car,1339.5892,611.6882,1401.2197,692.9317,1370.4045,652.30994
251,147,car,196.32732,814.7271,424.46872,1059.2462,310.398,936.9867
251,128,car,307.6347,550.00415,459.37445,678.765,383.50458,614.3846
251,21,truck,1331.2668,441.12344,1415.024,558.07697,1373.1455,499.60022
251,592,car,493.5507,631.82684,665.7566,796.9979,579.6536,714.41235
251,593,car,658.9198,1019.8208,724.67633,1080.0,691.7981,1049.9104
251,523,car,472.8482,424.6185,574.80444,503.9264,523.8263,464.27246
251,606,car,1269.0939,453.17123,1322.1107,517.0558,1295.6023,485.11353
251,620,car,1314.8392,539.8895,1372.6902,610.92725,1343.7646,575.4084
251,417,truck,459.56625,871.27563,620.76013,1080.0,540.1632,975.6378
251,847,car,818.2311,276.6458,863.15955,320.52176,840.6953,298.5838
251,554,truck,652.2697,388.51083,741.2839,493.33688,696.7768,440.92386
251,11,car,1635.427,998.10425,1778.4779,1079.9565,1706.9524,1039.0304
251,947,car,1380.1006,671.38104,1470.6239,774.109,1425.3623,722.745
251,848,car,731.0108,303.80148,792.95856,360.4043,761.9847,332.1029
251,706,car,671.7663,699.4277,767.4007,842.4276,719.5835,770.9276
251,879,car,918.60004,194.39388,959.0107,230.47534,938.80536,212.4346
251,857,person,844.5717,948.60406,907.8066,1067.2776,876.18915,1007.9408
251,825,person,1269.9786,555.6228,1298.5737,623.9524,1284.2761,589.7876
251,5,car,1403.5831,610.19904,1516.5201,730.48315,1460.0516,670.34106
251,695,car,673.17053,263.88455,734.7491,316.96347,703.95984,290.424
252,25,car,1338.9917,612.0198,1400.7196,693.2482,1369.8557,652.63403
252,147,car,184.32323,826.6071,415.16376,1074.1211,299.7435,950.36414
252,128,car,300.71094,554.4324,454.92755,685.4166,377.81924,619.9245
252,21,truck,1331.0923,441.0705,1414.3606,557.87946,1372.7264,499.47498
252,592,car,487.27267,639.7719,661.0605,807.2379,574.16656,723.5049
252,523,car,470.51233,428.60925,571.1093,506.33093,520.8108,467.4701
252,606,car,1267.457,450.75668,1321.8903,517.06024,1294.6736,483.90845
252,620,car,1315.2869,539.79193,1373.154,611.3547,1344.2205,575.5733
252,417,truck,457.41095,883.77216,612.0467,1080.0,534.7288,981.8861
252,847,car,817.12726,276.54633,863.0109,321.5446,840.0691,299.04547
252,554,truck,648.1215,393.30206,738.4167,498.74435,693.2691,446.0232
252,11,car,1635.1996,998.92316,1777.5654,1080.0,1706.3826,1039.4615
252,947,car,1380.2518,672.29474,1471.5698,775.4278,1425.9109,723.86127
252,848,car,727.8749,303.46057,792.23,362.3029,760.0524,332.8817
252,706,truck,673.3613,705.68866,761.5299,836.26843,717.4456,770.9785
252,879,car,919.15515,194.5602,959.4983,230.57686,939.3267,212.56853
252,857,person,845.44604,964.31256,900.6574,1064.4377,873.05176,1014.3751
252,825,person,1270.9799,557.20465,1299.3645,624.6781,1285.1721,590.9414
252,5,car,1403.5103,609.8302,1517.0631,729.7707,1460.2866,669.8004
252,695,car,670.6194,264.045,734.91174,320.26923,702.76556,292.1571
253,25,car,1338.5093,612.3378,1400.4445,693.83075,1369.4768,653.0843
253,147,car,176.40062,836.5935,405.39328,1080.0,290.89694,958.29675
253,128,car,294.5796,558.0024,451.0432,691.065,372.8114,624.5337
253,21,truck,1330.3925,441.12418,1413.8138,558.45905,1372.1031,499.79163
253,592,car,481.45837,645.10864,657.1654,815.0951,569.3119,730.10187
253,523,car,467.26312,431.0728,568.5938,509.03204,517.92847,470.05243
253,606,car,1266.8527,450.0254,1321.2037,516.7625,1294.0282,483.39395
253,620,car,1315.9528,539.61633,1373.8964,611.8238,1344.9246,575.7201
253,417,truck,453.6679,894.2682,604.60425,1080.0,529.1361,987.1341
253,847,car,816.3085,277.53763,862.74,323.1959,839.52423,300.36676
253,554,truck,643.2241,390.31537,738.9643,501.8498,691.09424,446.08258
253,11,car,1634.4723,999.3531,1776.5411,1080.0,1705.5067,1039.6765
253,947,car,1379.4948,672.02,1472.2462,776.563,1425.8705,724.2915
253,848,car,726.24023,304.07205,791.6468,363.93002,758.9435,334.00104
253,706,truck,666.82947,715.48145,762.2322,858.13275,714.5308,786.8071
253,879,car,919.0914,195.5573,958.7007,230.74207,938.896,213.14969
253,857,person,842.67395,981.7948,897.0203,1077.7648,869.84717,1029.7798
253,825,person,1271.8759,557.5513,1300.215,624.60516,1286.0454,591.07825
253,695,car,669.6901,265.3309,733.36536,321.9411,701.5277,293.636
253,806,car,1390.5349,609.1793,1526.1877,735.04584,1458.3613,672.11255
254,25,car,1338.1975,612.41595,1400.811,694.9182,1369.5043,653.6671
254,147,car,168.86598,845.4573,393.53494,1080.0,281.20047,962.72864
254,128,car,286.93204,563.0601,444.26852,696.5949,365.60028,629.8275
254,21,truck,1329.1191,440.90424,1412.6687,558.45374,1370.8939,499.679
254,592,car,475.7043,648.3081,655.6378,823.4506,565.6711,735.8794
254,523,car,463.47076,432.76913,567.067,512.46045,515.2689,472.6148
254,606,car,1266.8334,450.17047,1320.3787,516.3078,1293.606,483.23914
254,620,car,1316.2096,539.4671,1374.6559,612.80505,1345.4327,576.1361
254,417,truck,451.07144,907.85315,596.0256,1080.0,523.5485,993.9266
254,847,car,815.7207,278.8006,862.8583,325.3129,839.2895,302.05676
254,554,truck,638.71405,386.50952,739.3165,503.6598,689.01526,445.08466
254,11,car,1637.8364,998.6555,1780.0153,1078.4663,1708.9258,1038.5609
254,947,car,1380.2887,670.806,1472.856,775.32117,1426.5723,723.0636
254,848,car,724.00024,303.8242,791.58795,365.72226,757.79407,334.77322
254,706,car,662.5719,724.64404,759.5737,870.1186,711.0728,797.38135
254,879,car,916.4926,197.64732,956.4227,232.75195,936.45764,215.19965
254,857,person,845.2384,1000.1659,893.52997,1080.0,869.38416,1040.083
254,695,car,668.5432,264.828,731.5025,321.01187,700.0228,292.91992
254,5,car,1402.1682,609.3039,1516.5743,728.9391,1459.3713,669.12146
255,25,car,1338.0778,612.43164,1400.6809,695.0146,1369.3794,653.72314
255,147,car,161.84116,857.87366,378.79266,1080.0,270.3169,968.9368
255,128,car,279.4298,567.7291,439.03003,703.2023,359.22992,635.4657
255,21,truck,1327.3428,440.312,1411.9453,559.1647,1369.644,499.73834
255,592,car,468.93915,653.4256,650.62366,830.8535,559.7814,742.1395
255,523,car,459.67548,435.4273,562.6127,514.7736,511.14407,475.10046
255,606,car,1266.6775,449.93912,1320.142,516.2576,1293.4097,483.0984
255,620,car,1317.3092,539.9041,1375.5035,613.0808,1346.4064,576.49243
255,417,truck,450.43784,920.0681,589.92584,1080.0,520.1818,1000.03406
255,554,truck,638.8785,391.64294,737.2966,505.7002,688.0875,448.67157
255,11,car,1639.6432,998.1081,1783.1049,1077.5743,1711.374,1037.8412
255,947,car,1379.9396,670.03375,1471.8977,774.04956,1425.9187,722.0416
255,848,car,722.55597,304.27438,791.31836,367.34314,756.93713,335.80878
255,706,car,660.35846,733.0346,755.9239,876.04767,708.1412,804.54114
255,879,car,913.2509,198.30945,955.1386,234.68576,934.19476,216.4976
255,857,person,845.2501,1015.8141,887.29346,1080.0,866.2718,1047.907
255,695,car,666.883,266.6904,729.3192,323.10175,698.1011,294.89606
256,25,car,1337.8328,612.2097,1400.8954,695.52344,1369.364,653.8666
256,147,car,156.37894,871.0738,365.00037,1080.0,260.68964,975.53687
256,128,car,271.65686,571.038,435.40958,710.52374,353.5332,640.7809
256,21,truck,1326.4048,440.0849,1411.4585,559.2408,1368.9316,499.66284
256,592,bus,463.4284,660.87103,646.51764,840.04,554.973,750.4555
256,523,car,457.0529,439.00217,558.6206,517.21967,507.83673,478.1109
256,606,car,1266.6865,449.34335,1320.2897,516.1084,1293.488,482.7259
256,620,car,1317.8707,540.3511,1375.6476,613.1402,1346.7592,576.7456
256,417,bus,448.52222,934.0329,581.6416,1080.0,515.0819,1007.0165
256,554,truck,633.24585,391.5235,735.1239,509.57385,684.1849,450.54868
256,947,car,1381.3374,670.97955,1470.854,772.0212,1426.0957,721.50037
256,848,car,718.2909,305.5606,788.9294,369.52963,753.6101,337.5451
256,706,car,657.5468,739.4174,752.847,882.1259,705.1969,810.77167
256,879,car,909.864,197.97755,954.42084,236.11755,932.14246,217.04755
256,695,car,664.036,268.29236,726.81976,325.0758,695.42786,296.68408
256,825,person,1274.6079,569.4717,1300.3208,630.1579,1287.4644,599.8148
256,847,car,810.5829,281.10126,859.09406,328.74722,834.8385,304.92426
257,25,car,1337.482,611.8644,1401.3881,696.69214,1369.435,654.27826
257,147,car,152.86124,882.1213,354.85266,1080.0,253.85695,981.06067
257,128,car,265.7582,575.72363,430.82684,716.1955,348.29254,645.9596
257,21,truck,1326.1364,439.7459,1411.8734,559.61053,1369.0049,499.67822
257,592,car,458.246,667.31,642.4635,847.8293,550.35474,757.56964
257,523,car,451.4091,440.7102,555.1185,520.5745,503.2638,480.64236
257,606,car,1266.7578,449.10205,1320.3436,516.0946,1293.5508,482.59833
257,620,car,1318.0272,540.5441,1376.356,614.00116,1347.1917,577.27264
257,417,truck,446.78503,947.0589,573.782,1080.0,510.2835,1013.5294
257,554,truck,628.739,389.5045,733.86285,511.86688,681.3009,450.68567
257,848,car,716.4552,309.33258,785.3674,371.05032,750.91125,340.19147
257,706,car,655.9406,747.41956,746.24713,880.5208,701.0939,813.9702
257,879,car,910.4215,198.27162,954.9857,236.1842,932.7036,217.2279
257,695,car,661.85596,269.56335,726.2012,328.05612,694.02856,298.80975
257,825,person,1275.0354,569.3378,1301.1135,630.7073,1288.0745,600.0226
257,847,car,809.97516,282.3755,858.3547,329.7062,834.1649,306.04083
258,25,car,1337.4576,611.4938,1401.92,697.3552,1369.6888,654.4245
258,147,car,151.37154,894.8486,344.4924,1080.0,247.93198,987.4243
258,128,car,258.7819,579.27277,427.5074,723.436,343.14465,651.3544
258,21,truck,1327.0316,439.5635,1412.1823,558.34344,1369.6069,498.9535
258,592,car,452.34418,674.3899,639.2272,857.5525,545.78564,765.9712
258,523,car,447.58932,444.7648,552.0664,525.18054,499.82788,484.97266
258,606,car,1266.7338,449.13818,1320.16,515.9695,1293.4469,482.55383
258,620,car,1316.7982,540.5761,1375.1112,614.4786,1345.9547,577.52734
258,554,truck,627.4765,395.53262,730.99,515.8886,679.2333,455.71063
258,848,car,714.2006,310.04288,784.3349,371.86942,749.26776,340.95615
258,706,car,650.76587,756.9168,743.2956,892.83765,697.03076,824.8772
258,879,car,910.8871,198.36084,955.4203,236.29872,933.1537,217.32977
258,695,car,661.4038,271.96396,725.02136,329.76642,693.2126,300.86517
258,825,person,1275.6451,569.9748,1301.9575,631.6881,1288.8013,600.8314
259,25,car,1337.411,611.03784,1402.009,697.3041,1369.71,654.17096
259,147,truck,147.49263,908.5552,331.71222,1080.0,239.60242,994.2776
259,128,car,252.082,586.1225,421.20206,730.8664,336.64203,658.49445
259,21,truck,1327.5477,439.3998,1412.2537,557.11804,1369.9006,498.2589
259,592,car,447.023,680.3995,637.1597,866.62427,542.0914,773.51184
259,523,car,442.4558,446.61127,549.8793,529.65924,496.16754,488.13525
259,606,car,1267.6903,448.71133,1321.0862,515.78937,1294.3882,482.25037
259,620,car,1315.9025,540.58655,1374.9731,616.009,1345.4377,578.2977
259,554,truck,624.42084,393.96222,730.4717,518.0279,677.4463,455.99506
259,848,car,714.00885,310.24606,785.0502,372.7145,749.52954,341.4803
259,706,car,645.4056,767.2196,740.3131,906.4035,692.8594,836.8115
259,879,car,910.97144,197.62225,956.6109,236.73993,933.79114,217.18109
259,695,car,659.7585,275.15628,721.2912,330.86053,690.52484,303.00842
259,480,person,1571.7041,674.731,1600.4081,736.6134,1586.0562,705.67224
259,847,car,803.03296,282.03812,857.1204,334.87772,830.07666,308.45792
260,25,car,1337.7562,610.62964,1402.5515,697.3485,1370.1538,653.9891
260,147,car,142.36212,921.4885,318.44553,1080.0,230.40382,1000.74426
260,128,car,245.2131,590.18494,416.55792,737.26825,330.8855,663.72656
260,21,truck,1328.8167,439.29196,1412.853,555.98987,1370.8348,497.64093
260,592,car,442.69992,687.7289,634.5117,875.22656,538.60583,781.4777
260,523,car,440.0431,450.15836,546.49176,532.5093,493.26743,491.3338
260,606,car,1268.4429,448.96204,1321.4086,515.71295,1294.9258,482.3375
260,620,car,1316.4119,540.67975,1375.6787,616.7752,1346.0453,578.7275
260,554,truck,624.5699,404.66022,727.5105,524.6235,676.04016,464.64185
260,848,car,713.3915,310.93118,785.80365,373.90884,749.59753,342.42
260,706,truck,639.6775,776.6915,737.4487,920.03015,688.5631,848.36084
260,879,car,910.5266,197.33763,957.0213,237.32811,933.7739,217.33287
260,695,car,658.3832,277.08017,720.5678,333.54327,689.47546,305.3117
260,1033,motorcycle,280.3919,756.2253,341.99704,876.22595,311.19446,816.2256
260,480,person,1570.8912,674.7393,1599.3624,735.20447,1585.1268,704.9719
261,25,car,1338.3103,610.0829,1403.244,697.087,1370.7771,653.58496
261,147,car,140.1483,933.59235,307.9596,1080.0,224.05396,1006.79614
261,128,car,237.85901,594.20386,411.9351,743.5006,324.89703,668.85223
261,21,truck,1329.5359,439.37863,1412.8083,555.0055,1371.1721,497.19208
261,592,bus,435.1209,693.0175,631.8214,885.28314,533.4712,789.1503
261,523,car,435.97308,452.6947,544.41833,536.6057,490.1957,494.6502
261,606,car,1270.3956,450.51636,1322.7147,517.1275,1296.5552,483.82193
261,620,car,1316.5568,540.9451,1375.5037,616.9915,1346.0303,578.9683
261,554,truck,623.0647,413.03806,722.6921,528.04724,672.8784,470.54266
261,848,car,713.47864,310.00034,787.22516,374.45828,750.3519,342.2293
261,706,car,636.5905,784.1906,734.20795,926.53564,685.39923,855.36316
261,879,car,911.07916,197.78378,956.78375,237.0686,933.93146,217.4262
261,695,car,657.0516,279.17917,717.358,333.96695,687.2048,306.57306
261,1033,motorcycle,272.30533,762.2606,334.42004,882.7433,303.36267,822.50195
261,480,person,1569.9739,672.78564,1599.487,735.55865,1584.7305,704.1721
261,847,car,803.35767,284.85727,859.3458,339.96463,831.35175,312.41095
262,25,car,1338.6,609.7274,1403.5875,696.89404,1371.0938,653.3107
262,147,car,139.88324,950.64557,294.56433,1079.9694,217.22379,1015.3075
262,128,car,229.73187,598.8935,405.2565,749.1939,317.4942,674.0437
262,21,truck,1330.9843,439.36533,1412.6809,552.937,1371.8325,496.15118
262,592,car,427.22064,699.84894,626.75195,895.17255,526.9863,797.51074
262,523,car,430.98615,456.36258,539.4342,540.115,485.21017,498.23877
262,606,car,1270.8341,451.5658,1321.8337,516.58307,1296.334,484.07443
262,620,car,1316.2523,541.7052,1374.0581,616.26636,1345.1553,578.9858
262,554,truck,618.65955,418.25677,718.68634,533.0247,668.673,475.64075
262,848,car,711.73773,318.63428,780.72095,378.39407,746.2294,348.51416
262,706,car,629.6138,792.15436,734.3106,945.32904,681.96216,868.7417
262,879,car,911.343,198.65773,956.5452,237.64406,933.9441,218.1509
262,695,car,655.82117,279.53104,715.0981,333.4391,685.4596,306.48505
262,1033,motorcycle,259.83887,773.3768,322.8893,895.0957,291.36407,834.2362
262,480,person,1569.6156,672.2694,1599.0883,735.11346,1584.3519,703.6914
262,1049,person,884.31396,389.47647,910.17474,446.11728,897.2444,417.79688
262,847,car,803.8978,287.60742,858.6326,341.87552,831.26526,314.74146
262,53,truck,1568.5018,364.3013,1917.8406,850.41364,1743.1711,607.3575
263,25,car,1339.1721,609.71844,1403.8961,696.47046,1371.5342,653.0945
263,147,car,136.088,965.4483,281.821,1080.0,208.9545,1022.7241
263,128,car,223.86986,604.1398,402.4016,757.08966,313.13574,680.61475
263,21,truck,1331.4807,439.1267,1412.5126,551.94824,1371.9966,495.53748
263,592,car,420.10535,705.8326,623.99255,905.40015,522.04895,805.61633
263,523,car,424.56973,458.02124,536.3771,544.3912,480.4734,501.2062
263,606,car,1271.0566,451.83286,1321.2673,515.981,1296.162,483.90692
263,620,car,1316.0496,542.7409,1373.089,616.24506,1344.5693,579.493
263,554,truck,615.3595,416.83792,720.512,537.314,667.9358,477.076
263,848,car,713.07104,323.33432,778.8456,380.05594,745.9583,351.69513
263,706,truck,622.27094,801.8707,733.078,965.25146,677.67444,883.5611
263,879,car,911.46564,199.12225,956.33673,238.22318,933.9012,218.67271
263,695,car,652.49255,279.16107,714.3004,335.80353,683.3965,307.4823
263,1033,person,253.27948,782.2812,308.84158,888.3826,281.06055,835.3319
263,1049,person,883.6185,387.21973,911.88257,449.18365,897.75055,418.2017
263,847,car,801.99976,288.41534,857.0795,343.29688,829.5397,315.8561
263,1055,person,423.21634,600.6411,462.1327,675.19324,442.6745,637.9172
263,53,truck,1567.7728,364.56354,1918.0826,850.942,1742.9277,607.7528
264,25,car,1339.248,609.9736,1403.6862,696.1642,1371.467,653.06885
264,147,car,134.48236,978.6688,271.01395,1080.0,202.74815,1029.3345
264,128,car,213.64272,608.7089,396.8195,765.9807,305.2311,687.34485
264,21,truck,1333.4863,438.90857,1412.302,549.2485,1372.8942,494.07852
264,592,car,413.47763,713.5466,619.42523,915.4777,516.4514,814.51215
264,523,car,420.04144,460.2541,533.10254,547.71326,476.572,503.98367
264,606,car,1269.5814,450.21033,1320.2078,515.02747,1294.8945,482.6189
264,620,car,1316.4225,542.4157,1373.946,616.8969,1345.1843,579.6563
264,554,truck,612.567,419.7591,719.41846,542.11255,665.99274,480.93582
264,848,car,709.60333,322.89502,778.2389,382.81488,743.92114,352.85495
264,706,car,624.0873,812.8418,725.1791,959.8953,674.6332,886.3685
264,879,car,911.66144,200.13531,956.4445,239.48357,934.053,219.80945
264,695,car,651.2851,282.19907,712.69183,338.4603,681.98846,310.32968
264,847,car,803.0845,290.44266,855.86694,343.32162,829.4757,316.88214
264,53,truck,1566.8154,365.22147,1918.2147,852.25867,1742.5151,608.74005
264,1060,person,713.2991,499.96063,747.3079,569.5787,730.30347,534.76965
264,11,car,1642.0994,1003.373,1780.139,1077.9622,1711.1191,1040.6676
265,25,car,1339.1299,610.31586,1403.6335,696.3766,1371.3817,653.3462
265,147,car,133.7746,994.1723,256.56583,1080.0,195.17021,1037.0862
265,128,car,206.23775,613.9315,392.9481,774.4183,299.59293,694.1749
265,21,truck,1333.6263,438.5816,1412.2559,549.2228,1372.9412,493.9022
265,592,car,404.33997,720.779,613.00195,926.2822,508.67096,823.53064
265,523,car,416.58444,463.1254,530.5977,551.4444,473.59106,507.2849
265,606,car,1268.885,449.14175,1319.8436,514.48517,1294.3643,481.81348
265,620,car,1316.1532,542.4019,1374.2007,617.92004,1345.177,580.161
265,554,truck,608.91656,421.34747,718.2443,546.65826,663.58044,484.00287
265,848,car,709.7112,326.15012,777.57404,385.47668,743.6426,355.81342
265,706,car,620.08655,824.7322,718.1388,964.7751,669.1127,894.75366
265,879,car,912.03925,201.2314,955.2078,239.26045,933.62354,220.24593
265,695,car,647.1183,282.02902,712.41,342.3429,679.76416,312.18597
265,847,car,802.89966,293.32254,854.5267,345.16214,828.71313,319.24234
265,53,truck,1565.9385,365.16904,1917.7455,851.6059,1741.842,608.38745
265,1060,person,709.05426,504.35654,744.04584,576.12006,726.55005,540.2383
265,1064,person,1177.1,458.18146,1203.4678,513.1436,1190.2839,485.66254
265,11,car,1641.0884,1003.6549,1781.7318,1078.2695,1711.4102,1040.9622
266,25,car,1338.9241,610.4361,1403.7148,696.73724,1371.3195,653.5867
266,147,car,134.1115,1010.83984,241.6667,1080.0,187.8891,1045.4199
266,128,car,200.53917,620.0733,389.09894,782.30414,294.81906,701.1887
266,21,truck,1329.2059,437.865,1408.9543,549.7633,1369.0801,493.81415
266,592,car,394.09708,727.401,606.37476,937.70526,500.2359,832.5531
266,523,car,412.2526,466.15414,528.32074,556.63983,470.28668,511.39697
266,606,car,1268.3586,448.20905,1319.673,514.2215,1294.0159,481.21527
266,620,car,1315.958,542.49414,1373.866,618.1744,1344.912,580.3342
266,554,truck,606.0392,421.99875,717.24225,549.65576,661.64075,485.82727
266,848,car,705.98,327.24884,775.299,387.92346,740.6395,357.58615
266,706,truck,608.3888,835.8022,721.5357,998.8151,664.9623,917.30865
266,879,car,911.7735,202.4458,953.1106,239.17598,932.442,220.81088
266,695,car,645.5108,283.73172,710.086,343.5916,677.7984,313.66168
266,847,car,802.6877,294.36688,854.4881,346.85617,828.5879,320.6115
266,53,truck,1565.7628,364.65274,1917.9551,850.88513,1741.8589,607.7689
266,1064,person,1178.1823,461.93674,1203.1251,513.8963,1190.6537,487.9165
266,11,car,1640.2814,1004.1222,1782.499,1078.5878,1711.3901,1041.355
266,1070,car,720.745,213.00932,777.69226,254.68007,749.2186,233.8447
266,1049,person,880.34607,395.73038,909.35175,459.8986,894.8489,427.81448
267,25,car,1338.6967,610.59357,1403.558,696.8157,1371.1273,653.7046
267,128,car,192.773,625.39575,382.7826,788.1655,287.7778,706.78064
267,21,truck,1330.4733,438.16815,1410.5358,550.88324,1370.5045,494.5257
267,592,car,386.05148,736.3511,600.48553,949.811,493.2685,843.08105
267,523,car,406.54807,469.7504,524.1524,561.66187,465.35022,515.7061
267,606,car,1268.5419,448.17416,1318.9795,513.31335,1293.7607,480.74377
267,620,car,1315.42,542.7061,1372.4312,617.28644,1343.9255,579.9963
267,554,truck,602.54315,424.68332,714.4301,552.66644,658.48663,488.67487
267,848,car,703.0464,327.65936,774.7143,390.64578,738.8804,359.1526
267,706,truck,607.4038,847.644,712.78674,996.9301,660.0953,922.28705
267,879,car,911.1064,202.57716,952.3195,239.53229,931.71295,221.05472
267,695,car,643.0807,284.7257,708.67664,345.82172,675.87866,315.2737
267,847,car,802.1659,295.9313,853.34424,348.09674,827.75507,322.01404
267,53,truck,1567.1804,366.51868,1918.1881,850.53674,1742.6843,608.5277
267,1064,person,1178.204,462.7385,1203.5522,515.5291,1190.8782,489.1338
267,11,car,1639.8817,1004.516,1783.4827,1079.0167,1711.6821,1041.7664
267,1070,car,719.4372,212.18169,779.1957,256.0418,749.3164,234.11176
267,1049,person,879.4781,397.48312,908.57404,462.13715,894.02606,429.81012
267,825,person,1281.668,587.8392,1307.5822,647.98676,1294.625,617.91296
268,25,car,1338.696,610.7419,1403.531,696.8527,1371.1135,653.7973
268,128,car,183.46454,631.6623,375.74582,795.8675,279.60516,713.7649
268,21,truck,1330.4746,438.32175,1409.8151,549.854,1370.1448,494.0879
268,592,car,378.30304,743.7553,596.42957,962.0284,487.3663,852.89185
268,523,car,402.1505,472.80667,518.7955,563.7865,460.473,518.2966
268,606,car,1268.668,448.0316,1318.5061,512.76294,1293.587,480.39728
268,620,car,1315.4207,542.8473,1371.8862,616.75836,1343.6534,579.80286
268,554,truck,599.40967,428.418,711.3965,555.86835,655.4031,492.1432
268,848,car,701.9708,328.61853,774.359,392.66403,738.1649,360.6413
268,706,truck,603.3329,858.41254,707.40625,1004.23413,655.36957,931.32336
268,879,car,911.5638,203.59634,952.57697,240.37502,932.0704,221.98569
268,695,car,641.70575,288.6574,704.56964,347.2889,673.1377,317.97314
268,847,car,801.75836,296.81836,851.8322,347.96967,826.7953,322.394
268,53,truck,1569.4006,368.6367,1918.3947,849.8639,1743.8977,609.2503
268,1064,person,1179.5105,466.9873,1204.2882,518.3766,1191.8994,492.68195
268,1070,car,718.82825,212.82175,779.0081,257.05463,748.9182,234.93819
268,1049,person,878.85486,400.23566,907.2959,464.0416,893.0754,432.1386
268,1083,car,946.64453,271.42245,981.3504,321.9481,963.99744,296.68527
269,25,car,1338.9216,610.697,1403.9985,697.1225,1371.4601,653.9098
269,128,car,176.59926,636.82855,370.86032,802.57294,273.7298,719.70074
269,21,truck,1330.1542,438.3344,1409.0518,548.8918,1369.603,493.6131
269,592,car,370.32376,751.05524,591.1328,973.0542,480.72827,862.0547
269,523,car,398.71066,475.7617,514.8852,566.2101,456.7979,520.9859
269,606,car,1264.8638,443.80557,1317.1515,511.88522,1291.0076,477.8454
269,620,car,1315.4541,542.71643,1372.0245,616.89026,1343.7393,579.80334
269,554,truck,595.83795,434.16776,707.23773,560.42896,651.53784,497.29834
269,848,car,702.155,333.20483,773.26605,396.17288,737.7106,364.68884
269,706,car,598.8243,869.76074,703.1082,1013.6839,650.96625,941.7223
269,879,car,912.41455,204.95572,953.27057,241.43576,932.8425,223.19574
269,695,car,640.3914,288.8141,703.6269,348.02243,672.00916,318.41827
269,847,car,799.97595,298.43533,850.32574,349.81528,825.1509,324.1253
269,1070,car,719.4445,213.95448,779.2807,258.0258,749.3626,235.99014
269,1049,person,878.3906,405.17157,906.7445,469.2115,892.56757,437.19153
269,1083,car,946.76074,274.24854,979.354,321.64026,963.0574,297.9444
270,25,car,1339.0089,610.3516,1404.4778,697.3384,1371.7434,653.845
270,128,car,166.57773,641.98895,364.51544,810.8212,265.54657,726.4051
270,21,truck,1327.8961,437.73807,1407.4963,548.72644,1367.6963,493.23224
270,592,car,361.22342,759.95337,584.7886,985.7188,473.00598,872.83606
270,523,car,394.47678,478.89935,512.7502,571.12256,453.61346,525.011
270,606,car,1263.1284,441.93082,1316.3563,511.52148,1289.7424,476.72614
270,620,car,1315.6376,542.5574,1372.728,617.6167,1344.1829,580.08704
270,554,truck,594.25964,435.03442,707.15247,562.46155,650.70605,498.748
270,848,car,699.1699,331.29688,773.3579,396.8654,736.2639,364.08112
270,706,car,592.7735,881.7692,700.1044,1028.0132,646.43896,954.89124
270,879,car,912.7885,207.49475,952.03284,242.38322,932.41064,224.939
270,695,car,636.40985,289.48987,699.59247,348.27066,668.00116,318.88025
270,847,car,796.3705,298.22507,848.8416,351.41437,822.6061,324.8197
270,1070,car,719.31696,213.84306,779.6695,258.60376,749.4932,236.22342
270,1049,person,877.1464,409.0582,906.14636,474.67642,891.64636,441.8673
270,1083,car,946.23193,275.40405,978.9019,322.88846,962.5669,299.14624
270,1064,person,1181.2711,470.24326,1206.6545,522.5932,1193.9629,496.4182
271,25,car,1339.1013,610.32935,1404.9667,697.7385,1372.0339,654.03394
271,128,car,156.52463,645.9387,360.37564,820.1842,258.45013,733.06146
271,21,truck,1327.2142,437.1417,1406.8524,547.46124,1367.0333,492.30145
271,592,car,353.1375,767.909,580.1245,998.37134,466.631,883.14014
271,523,car,390.25958,481.25253,510.11963,575.5335,450.1896,528.393
271,606,car,1262.1993,440.69412,1316.3086,511.93765,1289.2539,476.3159
271,620,car,1315.8285,542.4971,1373.2544,618.197,1344.5415,580.34705
271,554,truck,589.28503,436.59894,706.3897,568.6358,647.8374,502.61737
271,848,car,697.77435,340.1542,765.45355,398.49243,731.61395,369.3233
271,706,car,584.05115,893.27637,698.03815,1047.9318,641.0447,970.60406
271,879,car,912.3435,210.13283,949.62445,243.0181,930.984,226.57547
271,847,car,795.55444,299.94122,849.00586,353.8733,822.28015,326.90726
271,1070,car,716.5438,213.6547,779.0821,260.1774,747.813,236.91605
271,1049,person,877.15466,411.50687,906.14136,477.40628,891.648,444.45657
271,1083,car,946.8531,277.4985,978.22064,322.99823,962.53687,300.24835
271,1064,person,1180.9264,472.04825,1206.9949,526.0793,1193.9607,499.06378
272,25,car,1339.3635,610.35767,1405.3793,697.9217,1372.3713,654.13965
272,128,car,149.08463,652.0898,357.18152,829.79333,253.13307,740.9415
272,21,truck,1326.8232,437.015,1407.0402,547.4065,1366.9316,492.21075
272,592,car,343.73364,775.1446,575.3892,1011.2741,459.56143,893.20935
272,523,car,384.3504,485.50717,503.63623,579.35486,443.99332,532.431
272,606,car,1264.9427,444.16403,1316.2798,512.28455,1290.6113,478.2243
272,620,car,1316.3275,542.546,1373.394,618.0086,1344.8608,580.27734
272,554,truck,585.5052,439.25528,703.48914,572.14185,644.4972,505.69855
272,848,car,695.8107,336.00757,769.4211,399.70312,732.6159,367.85535
272,706,truck,576.0781,907.51434,695.62463,1069.7909,635.8514,988.6526
272,879,car,911.2272,211.03133,948.29407,243.41824,929.7606,227.2248
272,847,car,794.67737,299.80466,849.96594,355.30234,822.32166,327.5535
272,1070,car,713.1484,213.5467,777.57623,261.43637,745.3623,237.49155
272,1049,person,876.30365,414.4303,905.51605,481.39807,890.90985,447.91418
272,1083,car,945.3473,278.9285,977.46735,325.33682,961.40735,302.13266
272,1064,person,1182.2865,474.5636,1208.3212,528.2774,1195.3038,501.4205
272,1103,person,817.06744,479.47885,845.9641,542.59564,831.51575,511.03723
272,1105,car,1002.1005,231.8638,1028.9159,266.3675,1015.5082,249.11565
272,53,truck,1574.4818,371.31403,1917.2888,842.86206,1745.8853,607.088
272,695,car,630.9841,292.03067,696.7054,351.92017,663.8447,321.9754
273,25,car,1339.8531,610.47534,1405.6675,697.5955,1372.7603,654.0354
273,128,car,142.13463,658.4645,350.75214,836.0726,246.44339,747.26855
273,21,truck,1325.8206,437.02237,1406.8817,547.7387,1366.3511,492.38055
273,592,car,336.76828,784.437,570.1724,1022.81537,453.47034,903.6262
273,523,car,377.57193,489.45932,499.04355,584.80414,438.30774,537.1317
273,606,car,1266.636,445.74805,1316.3712,512.4001,1291.5037,479.07407
273,620,car,1317.1805,542.8156,1373.9745,618.17535,1345.5775,580.4955
273,554,truck,583.7734,444.30084,701.486,576.67694,642.6297,510.4889
273,848,car,691.757,333.83023,769.73694,401.6893,730.74695,367.75977
273,706,car,571.19904,920.65753,687.99,1077.3776,629.5945,999.0176
273,879,car,909.669,212.06549,946.483,243.68019,928.076,227.87283
273,847,car,793.1936,302.69858,847.9074,357.1267,820.55054,329.91266
273,1070,car,711.7755,212.86604,777.0968,261.65573,744.43616,237.2609
273,1049,person,875.05133,418.1725,904.4898,485.60257,889.77057,451.8875
273,1083,car,944.8651,278.6443,978.1537,326.77054,961.5094,302.7074
273,1064,person,1183.1099,477.58337,1208.7827,530.7484,1195.9463,504.1659
273,1103,person,814.06036,480.4519,846.3944,551.2353,830.2274,515.8436
273,1105,car,1002.0909,231.57458,1029.124,266.35135,1015.6074,248.96297
273,53,truck,1575.4431,372.02747,1916.5663,840.23596,1746.0046,606.1317
273,695,car,624.071,293.2017,692.90564,354.9163,658.4883,324.059
274,25,car,1340.1707,610.4987,1405.9033,697.38324,1373.037,653.941
274,128,car,130.5451,665.9316,339.86615,843.9275,235.20563,754.92957
274,21,truck,1324.4744,437.11035,1406.8033,548.80743,1365.6389,492.9589
274,592,car,327.4743,791.89417,566.3224,1036.7916,446.89835,914.3429
274,523,car,373.16364,492.1771,495.49197,588.2595,434.32782,540.2183
274,606,car,1267.5507,446.32074,1316.4108,512.4325,1291.9807,479.37662
274,620,car,1317.7607,544.56274,1372.9908,617.6276,1345.3757,581.0952
274,554,truck,577.17993,444.97058,698.2364,581.0975,637.7081,513.03406
274,848,car,687.5893,336.94626,766.1819,404.94763,726.8856,370.94696
274,706,car,569.26587,933.17645,682.88544,1080.0,626.0757,1006.58826
274,879,car,910.0445,213.42711,946.16943,244.03519,928.10693,228.73114
274,847,car,792.2793,303.80927,846.89075,357.88416,819.585,330.8467
274,1070,car,709.24,213.70168,775.88245,263.36816,742.5612,238.53491
274,1083,car,945.5519,281.2662,977.4624,327.22882,961.50714,304.2475
274,1105,car,1001.7685,231.33438,1029.1532,266.5507,1015.4608,248.94254
274,53,truck,1576.444,372.47824,1916.04,837.4679,1746.242,604.9731
274,695,car,624.4521,296.27124,692.43176,356.71414,658.4419,326.49268
274,1109,car,792.87,226.27586,843.04193,275.16748,817.95593,250.72168
275,25,car,1340.223,610.4743,1406.0352,697.397,1373.1292,653.93567
275,128,car,119.92652,670.6934,334.4094,853.2447,227.16795,761.96906
275,21,truck,1323.0873,437.16043,1406.6162,549.7339,1364.8518,493.44714
275,592,car,316.44016,801.17926,562.10846,1054.4712,439.2743,927.8252
275,523,car,368.6691,496.18234,491.69928,592.7977,430.1842,544.49005
275,606,car,1268.9111,446.80038,1318.0297,513.82245,1293.4705,480.3114
275,620,car,1317.9493,545.5987,1372.786,617.8519,1345.3677,581.72534
275,554,truck,574.4533,448.22858,694.708,583.3995,634.5807,515.814
275,848,car,687.01904,339.91388,764.3935,406.78128,725.7063,373.3476
275,706,car,567.0493,947.1605,674.62964,1080.0,620.8395,1013.58026
275,879,car,908.91034,214.0274,946.31494,245.43443,927.6127,229.73093
275,847,car,791.4705,303.96344,847.2412,359.1479,819.35583,331.55566
275,1070,car,706.9034,213.8018,775.8755,265.50262,741.3894,239.65222
275,1083,car,944.10254,282.2403,976.897,329.16547,960.49976,305.70288
275,53,truck,1575.7886,370.97284,1916.7983,837.43524,1746.2935,604.20404
275,695,car,624.1816,297.68604,692.2752,358.83533,658.2284,328.26068
275,1109,car,792.092,228.89673,840.32294,275.93375,816.20746,252.41524
276,25,car,1340.3052,610.27625,1406.2977,697.4145,1373.3015,653.84534
276,128,car,114.23074,677.54694,332.57797,862.5422,223.40436,770.04456
276,21,truck,1322.677,437.17615,1406.4076,549.3492,1364.5422,493.26266
276,592,car,307.4796,810.9177,557.0783,1069.2225,432.27896,940.0701
276,523,car,363.20532,499.38654,487.57764,596.94226,425.39148,548.1644
276,606,car,1270.0205,448.0421,1318.3075,514.27295,1294.1641,481.15753
276,620,car,1318.4036,546.5983,1372.924,617.8904,1345.6638,582.2444
276,554,truck,566.6272,450.76492,691.4109,590.54285,629.01904,520.6539
276,848,car,685.424,340.02213,765.3307,409.5754,725.3773,374.79877
276,706,car,565.9905,961.5475,665.2295,1080.0,615.61,1020.77374
276,879,car,907.92804,214.10211,946.30756,246.18155,927.1178,230.14183
276,847,car,789.91986,305.55814,846.2228,361.16833,818.0713,333.36322
276,1070,car,706.34735,213.95387,775.0998,265.71637,740.7236,239.83511
276,1083,car,945.43634,282.2852,976.5244,326.40436,960.98035,304.3448
276,53,truck,1576.0892,371.15225,1916.1075,835.27356,1746.0984,603.2129
276,695,car,616.7547,297.2811,687.8954,360.98056,652.3251,329.13083
276,1109,car,791.2477,231.21988,838.7757,277.50806,815.0117,254.36397
276,5,car,1398.4703,604.65405,1515.9148,726.18524,1457.1926,665.4197
276,1049,person,868.9438,429.11316,898.46344,496.9325,883.7036,463.02283
276,1105,car,1000.6045,230.18115,1029.3264,267.1406,1014.96545,248.66087
277,25,car,1340.3124,610.1378,1406.435,697.46063,1373.3738,653.7992
277,128,car,103.10819,683.0932,325.62546,871.77203,214.36682,777.4326
277,21,truck,1322.0923,437.36014,1405.9233,548.7961,1364.0078,493.07812
277,592,car,299.18857,819.317,550.9114,1080.0,425.05,949.6585
277,523,car,357.2969,502.93085,482.45374,600.9893,419.8753,551.9601
277,606,car,1271.8807,450.88312,1318.1595,514.6107,1295.0201,482.74692
277,620,car,1318.3018,547.27435,1373.0046,618.07324,1345.6532,582.6738
277,554,truck,561.58026,455.3246,687.8728,596.27924,624.72656,525.8019
277,848,car,686.1154,340.90393,765.40894,410.43564,725.7622,375.6698
277,879,car,907.9498,214.42271,946.24664,246.46812,927.09827,230.44542
277,847,car,789.0115,307.1767,844.9785,362.23877,816.995,334.70773
277,1070,car,706.4564,215.38498,773.99695,266.3417,740.2267,240.86334
277,1083,car,943.82416,284.4068,975.96985,329.5848,959.897,306.9958
277,53,truck,1575.2448,370.55225,1915.9563,834.7359,1745.6006,602.64404
277,695,car,618.21326,298.92953,688.58765,362.59988,653.40045,330.7647
277,1109,car,792.37195,232.92738,839.351,278.64215,815.86145,255.78476
277,5,car,1397.6372,604.73724,1514.9409,725.323,1456.2891,665.03015
277,1049,person,866.26917,431.37897,897.409,504.0515,881.8391,467.71524
277,1105,car,1000.2827,230.21123,1029.1866,267.33456,1014.7347,248.77289
278,25,car,1339.9998,609.7918,1406.378,697.5976,1373.189,653.6947
278,128,car,91.5883,689.218,318.41058,882.15436,204.99945,785.68616
278,21,truck,1321.8058,437.496,1405.8289,548.4348,1363.8174,492.9654
278,592,car,293.3036,829.8695,539.48206,1080.0,416.39282,954.93475
278,523,car,352.25195,506.71805,478.75946,605.902,415.5057,556.31
278,606,car,1273.0646,452.8428,1317.889,514.7624,1295.4768,483.8026
278,620,car,1318.652,546.9792,1374.6108,618.7289,1346.6313,582.854
278,554,truck,555.52563,458.4668,684.8569,601.5219,620.1913,529.9944
278,848,car,681.63934,341.8049,763.75226,413.9703,722.6958,377.8876
278,879,car,907.13306,214.957,945.40564,246.98288,926.26935,230.96994
278,847,car,784.7674,308.56265,842.7704,365.43976,813.7689,337.00122
278,1070,car,703.1895,215.8983,772.9098,268.6948,738.0497,242.29654
278,1083,car,942.9083,285.69403,976.18097,332.16367,959.5447,308.92883
278,53,truck,1574.6581,369.65854,1916.6357,834.71436,1745.647,602.18646
278,695,car,610.7238,299.01352,685.5564,366.2209,648.14014,332.6172
278,1109,car,790.58514,233.84557,838.13336,280.10455,814.35925,256.97507
278,1049,person,864.88464,435.59628,896.69147,511.22742,880.7881,473.41187
278,1105,car,999.9134,230.47322,1029.1501,267.93362,1014.53174,249.20343
278,1124,car,813.5262,189.38503,856.89703,226.13522,835.2116,207.76013
279,25,car,1340.4172,611.61084,1406.3446,698.76306,1373.3809,655.18695
279,128,car,83.28759,695.6646,314.26025,891.58417,198.77393,793.6244
279,21,truck,1321.3207,437.35272,1406.0044,548.51,1363.6626,492.93137
279,592,car,289.8306,839.75726,528.4669,1080.0,409.14874,959.87866
279,523,car,348.16467,509.79144,475.71786,610.06793,411.94128,559.9297
279,606,car,1273.6694,453.84717,1317.7018,514.8381,1295.6855,484.34262
279,620,car,1318.4742,546.49884,1376.1025,619.83734,1347.2883,583.1681
279,554,truck,550.5002,462.5079,681.6702,606.64905,616.0852,534.5785
279,848,car,673.6268,344.55362,757.1771,417.42828,715.402,380.99097
279,879,car,905.3113,215.48868,943.5236,247.2995,924.4175,231.39409
279,847,car,785.2779,310.14682,843.16125,367.2337,814.2196,338.69025
279,1070,car,702.60645,215.92772,772.4371,269.2472,737.5217,242.58746
279,1083,car,942.5244,285.46512,976.7614,333.41943,959.64294,309.44226
279,53,truck,1575.0112,369.79352,1916.3416,832.8571,1745.6764,601.3253
279,695,car,610.70776,301.97433,684.8034,368.57812,647.7556,335.27625
279,1109,car,790.27765,236.26256,837.38336,281.8903,813.8305,259.07642
279,1049,person,865.347,442.06094,895.44293,513.7227,880.39496,477.89185
279,1105,car,999.9793,230.63162,1029.4131,268.308,1014.69617,249.46982
279,1124,car,814.81104,190.42986,856.46185,225.73007,835.6365,208.07996
280,25,car,1340.1495,611.88403,1406.3854,699.20557,1373.2675,655.5448
280,128,car,72.48826,704.17926,305.57434,901.8,189.0313,802.9896
280,21,truck,1320.3473,437.2215,1405.6324,548.6796,1362.9899,492.95056
280,592,car,287.44165,850.31165,517.90656,1080.0,402.6741,965.1558
280,523,car,343.6253,512.8702,473.63022,615.4567,408.62775,564.16345
280,606,car,1274.0991,453.79364,1317.6886,514.19885,1295.8938,483.99625
280,620,car,1319.9977,546.74133,1377.1412,618.6475,1348.5695,582.69446
280,554,truck,545.72906,465.1898,678.7764,610.4259,612.25275,537.80786
280,848,car,673.4071,346.27365,757.2014,419.0576,715.30426,382.66562
280,879,car,904.03064,215.724,943.43835,248.58035,923.7345,232.15218
280,847,car,784.4997,311.19696,843.1784,369.41663,813.83905,340.3068
280,1070,car,701.09436,214.62392,773.36334,270.64868,737.2289,242.63629
280,53,truck,1574.4803,369.70102,1916.7795,833.2705,1745.6299,601.4858
280,695,car,610.89343,303.84296,685.21906,371.04843,648.0563,337.44568
280,1109,car,789.4575,237.3767,836.9414,283.24442,813.19946,260.31055
280,1049,person,865.1185,445.52493,895.27673,517.6866,880.19763,481.60577
280,1105,car,999.9236,230.61156,1029.7222,268.71698,1014.8229,249.66428
280,1124,car,813.89813,191.14615,854.5501,225.5642,834.2241,208.35516
280,1139,car,753.94806,436.72763,822.15753,519.3924,788.0528,478.06
281,25,car,1338.8517,609.71796,1406.5392,699.10175,1372.6954,654.40985
281,128,car,62.532837,712.1132,298.2205,911.6642,180.37666,811.8887
281,21,truck,1319.7312,437.14,1405.8287,549.388,1362.78,493.264
281,592,car,290.15985,862.49664,510.4338,1080.0,400.2968,971.2483
281,523,car,336.222,516.69336,468.7977,621.4504,402.50983,569.0719
281,606,car,1274.9281,455.43274,1316.7661,513.2984,1295.8472,484.36557
281,620,car,1320.8063,547.18024,1377.6475,617.9348,1349.2268,582.5575
281,554,truck,540.1202,465.80054,678.1099,616.7894,609.11505,541.295
281,848,car,672.8395,347.61975,756.90326,420.56302,714.87134,384.09137
281,879,car,903.3963,215.50371,943.65875,249.12221,923.5275,232.31296
281,847,car,783.5424,313.27576,841.5502,370.95258,812.54626,342.11417
281,1070,car,701.34796,218.44467,769.92346,272.15155,735.63574,245.29811
281,53,truck,1574.2487,370.5446,1915.9485,832.01807,1745.0986,601.2813
281,695,car,610.21295,305.8258,683.51764,372.0452,646.8653,338.9355
281,1109,car,785.248,234.8776,837.0196,285.00385,811.1338,259.94073
281,1049,person,863.97235,450.04163,893.8833,521.899,878.92786,485.9703
281,1124,car,813.33734,191.12746,853.391,225.01709,833.36414,208.07227
281,1139,car,755.3773,439.47882,817.864,515.2146,786.62067,477.3467
281,1141,person,1226.3188,483.16647,1249.1886,530.87366,1237.7537,507.02008
282,25,car,1339.0016,610.5966,1407.2172,701.1333,1373.1094,655.865
282,128,car,52.686714,719.4455,291.05334,920.9451,171.87003,820.1953
282,21,truck,1318.9098,436.91812,1405.9232,550.145,1362.4165,493.53156
282,592,car,292.42883,871.7504,504.78516,1080.0,398.607,975.87524
282,523,car,329.43118,518.72626,464.4944,625.78406,396.96277,572.2551
282,606,car,1275.6831,456.78815,1316.4415,512.9368,1296.0623,484.8625
282,620,car,1320.2332,547.3844,1378.7369,619.89703,1349.4851,583.64075
282,554,truck,536.08856,468.45956,675.61707,621.33154,605.8528,544.89557
282,848,car,671.3343,352.16135,753.0148,422.78693,712.17456,387.47412
282,879,car,901.73865,215.74557,943.93494,250.91551,922.8368,233.33054
282,847,car,783.3144,313.6855,841.30176,371.57712,812.3081,342.6313
282,1070,car,702.1732,219.48247,769.141,272.31012,735.6571,245.8963
282,53,truck,1573.577,369.7104,1916.4546,831.91833,1745.0159,600.81433
282,695,car,610.9802,308.90842,681.16473,372.44104,646.0725,340.67474
282,1049,person,864.6433,453.50266,894.1344,524.5264,879.38885,489.01453
282,1124,car,811.385,191.0685,852.86957,226.14694,832.1273,208.60773
282,1139,car,754.20874,443.5569,817.5694,520.48956,785.88904,482.02322
283,25,car,1339.08,610.7467,1407.3677,701.8184,1373.2239,656.2826
283,128,car,40.411343,726.83453,283.5309,932.2698,161.97113,829.5521
283,21,truck,1318.4813,436.67844,1406.3701,550.8906,1362.4258,493.78455
283,592,car,289.4078,881.5816,494.2809,1080.0,391.84436,980.7908
283,523,car,323.5412,522.08905,460.1354,630.8553,391.83832,576.47217
283,606,car,1275.6351,457.05005,1316.3744,512.9899,1296.0048,485.02
283,620,car,1318.7144,547.2587,1379.8256,622.85034,1349.27,585.05457
283,554,truck,533.2744,472.2638,673.9456,626.40784,603.61,549.3358
283,848,car,670.1551,353.48492,752.4982,424.97922,711.32666,389.23206
283,879,car,901.279,216.5949,943.9321,252.18282,922.6056,234.38885
283,847,car,782.58997,315.07135,840.8174,373.25415,811.7037,344.16275
283,1070,car,701.6625,220.43956,768.5637,273.91162,735.1131,247.1756
283,53,truck,1572.6853,369.92044,1916.9104,833.21967,1744.7979,601.57007
283,695,car,611.80444,311.6101,680.2056,373.6846,646.005,342.64734
283,1049,person,863.75684,457.26236,893.531,528.8839,878.6439,493.07312
283,1124,car,810.2057,191.90276,851.93774,227.12688,831.0717,209.51482
283,1139,car,754.10913,449.71487,813.79425,522.2532,783.95166,485.984
283,1151,bus,1318.7544,437.605,1405.4324,554.0148,1362.0934,495.80988
283,1109,car,782.91254,235.40689,835.81946,286.57092,809.36597,260.9889
283,1141,person,1227.4792,484.35376,1250.3438,531.7374,1238.9115,508.0456
284,25,car,1338.7665,610.4752,1407.2991,702.4265,1373.0327,656.45087
284,128,car,30.980984,733.506,277.2648,940.8896,154.1229,837.19775
284,21,truck,1321.1467,436.63568,1409.7434,552.86194,1365.4451,494.7488
284,592,car,284.62222,892.694,481.21606,1080.0,382.91913,986.347
284,523,car,320.57977,528.3725,455.02338,635.5148,387.80157,581.9436
284,606,car,1275.5133,456.70776,1316.3344,512.67426,1295.9238,484.691
284,620,car,1318.0812,547.0841,1379.6895,623.1038,1348.8853,585.094
284,554,truck,530.17053,474.41888,672.8897,631.3129,601.53015,552.8659
284,848,car,668.7091,356.5087,751.23413,428.16153,709.9716,392.3351
284,879,car,901.2389,218.58162,943.2466,253.52911,922.24274,236.05536
284,847,car,780.85846,315.7562,840.84595,375.8587,810.8522,345.80743
284,1070,car,704.47394,223.09424,767.25006,273.82776,735.862,248.461
284,53,truck,1569.9847,369.60812,1918.1298,837.9573,1744.0573,603.7827
284,695,car,607.8845,313.39493,677.0007,376.1082,642.4426,344.75156
284,1049,person,861.0612,460.90805,892.36896,536.4891,876.7151,498.69855
284,1124,car,808.6618,193.22346,850.6417,228.78825,829.65173,211.00586
284,1139,car,750.19214,452.74152,812.7378,529.06287,781.46497,490.9022
284,1151,bus,1318.3759,437.30362,1405.1559,553.84674,1361.7659,495.5752
284,1158,person,1481.9913,560.408,1520.4269,614.70825,1501.2091,587.5581
284,1159,person,866.933,328.1242,888.22577,378.95636,877.57935,353.54028
284,1109,car,781.6318,235.72629,834.8932,286.94577,808.26245,261.33603
284,1141,person,1228.0245,487.0442,1250.6525,533.5908,1239.3385,510.3175
284,947,car,1392.0946,674.9551,1491.2646,783.6961,1441.6797,729.32556
284,5,car,1403.1011,604.58655,1509.2341,711.3263,1456.1676,657.9564
285,25,car,1339.1536,610.7668,1407.0961,702.3993,1373.1248,656.583
285,128,car,16.533672,739.533,270.35022,953.0913,143.44194,846.31213
285,21,truck,1323.18,436.5763,1411.2095,553.4637,1367.1948,495.02
285,592,car,280.5278,904.66144,469.79956,1080.0,375.1637,992.3307
285,523,car,315.6024,531.70013,450.93948,639.3825,383.27094,585.5413
285,606,car,1274.6261,455.30457,1316.4946,512.68774,1295.5603,483.99615
285,620,car,1318.6002,547.08954,1379.5511,621.9262,1349.0757,584.5079
285,554,truck,526.7849,480.99088,668.0928,636.1044,597.43884,558.5476
285,848,car,666.31647,355.2743,751.59406,429.391,708.95526,392.33264
285,879,car,899.9636,218.25311,944.3865,255.34203,922.17505,236.79758
285,847,car,778.0804,317.95084,838.7355,378.2077,808.40796,348.07928
285,1070,car,704.808,225.48709,766.5922,275.8753,735.7001,250.6812
285,53,truck,1569.284,370.67148,1919.6934,842.35876,1744.4888,606.51514
285,695,car,603.5263,313.40924,675.87366,379.37668,639.69995,346.39294
285,1124,car,806.07007,194.28633,848.8724,230.53299,827.4712,212.40967
285,1139,car,746.6378,455.85648,811.872,535.89813,779.2549,495.87732
285,1151,car,1322.2258,436.2048,1407.757,551.2156,1364.9915,493.7102
285,1158,person,1480.5626,560.43085,1521.657,618.67084,1501.1099,589.55084
285,1159,person,865.75507,329.61282,887.0474,380.4358,876.40125,355.0243
285,947,car,1391.4784,674.75415,1491.3589,782.89294,1441.4187,728.82355
285,5,car,1401.3263,604.44446,1512.8119,716.0036,1457.0691,660.224
286,25,car,1338.8618,610.7262,1407.0414,702.9775,1372.9517,656.8518
286,128,car,5.176701,746.35114,263.123,963.5949,134.14984,854.973
286,592,car,277.57053,916.2267,460.36252,1080.0,368.96652,998.11334
286,523,car,309.07864,534.8776,447.00214,644.6741,378.0404,589.7759
286,606,car,1275.2239,455.39676,1316.8563,512.60657,1296.04,484.00165
286,620,car,1318.6987,547.09625,1379.0575,620.5472,1348.8782,583.8217
286,554,truck,522.6748,485.44955,665.1564,642.1412,593.9156,563.79535
286,848,car,660.77057,354.98276,749.7092,432.76636,705.23987,393.87457
286,879,car,897.74976,217.70175,944.99634,257.45078,921.37305,237.57626
286,847,car,778.1695,322.1132,835.9361,379.55466,807.0528,350.83392
286,1070,car,702.38513,225.88898,764.935,277.25287,733.66003,251.57092
286,53,truck,1567.9352,372.70038,1920.0,847.2198,1743.9675,609.9601
286,695,car,599.96655,313.3875,674.7852,382.36185,637.37585,347.8747
286,1124,car,805.40027,194.89423,848.91833,231.78345,827.1593,213.33884
286,1139,car,743.18774,457.621,811.3767,541.71466,777.2822,499.66785
286,1158,person,1479.3254,559.6047,1522.7444,621.50867,1501.0349,590.55664
286,947,car,1392.3129,675.368,1492.7617,782.7169,1442.5374,729.0425
286,5,car,1399.1881,604.37366,1514.7285,720.6519,1456.9583,662.5128
286,1105,car,998.86487,231.1464,1030.1283,271.3094,1014.4966,251.22789
286,1049,person,859.3556,471.61768,890.27094,545.72095,874.81323,508.6693
287,25,car,1338.937,610.8385,1407.3041,703.7146,1373.1206,657.27655
287,128,car,0.0,755.8858,259.85626,979.1079,129.92813,867.4968
287,592,car,275.93817,927.60187,452.77753,1080.0,364.35785,1003.8009
287,523,car,302.70322,539.6847,442.29617,650.7796,372.4997,595.2322
287,606,car,1275.1976,454.9118,1316.4833,511.76434,1295.8405,483.33807
287,620,car,1319.2024,547.26843,1379.1218,619.4407,1349.1621,583.35455
287,554,truck,521.97766,487.28485,666.16516,645.9843,594.0714,566.6346
287,848,car,661.7336,357.05756,750.7293,435.4228,706.23145,396.24017
287,879,car,897.3204,219.1079,944.2173,258.74567,920.7688,238.92679
287,847,car,777.3583,324.02637,834.8187,381.26834,806.0885,352.64734
287,1070,car,702.8636,231.47676,759.1417,277.71753,731.0027,254.59714
287,695,car,599.567,317.16248,671.0326,383.20587,635.2998,350.18417
287,1124,car,805.9073,196.97752,847.9453,232.64386,826.9263,214.8107
287,1139,truck,739.44354,461.45154,809.615,548.52594,774.5293,504.98874
287,5,car,1398.0566,604.1078,1517.6346,724.63794,1457.8457,664.37286
287,1172,person,1151.5153,401.65378,1172.1864,444.4471,1161.8508,423.05045
287,1173,person,1198.1974,512.5914,1227.4185,570.36554,1212.8079,541.47845
287,1105,car,998.59827,231.66486,1029.8511,271.8964,1014.2247,251.78062
287,1049,person,858.67615,476.09106,888.56415,547.3362,873.6201,511.71362
287,21,truck,1320.9972,435.36682,1408.785,552.16656,1364.8911,493.7667
287,1159,person,863.7609,333.77383,885.5365,385.45486,874.6487,359.61435
288,25,car,1339.2302,611.1488,1407.6488,704.56433,1373.4395,657.85657
288,128,car,0.0,764.5828,254.74487,990.2277,127.37244,877.4053
288,592,car,279.25797,939.12476,449.57175,1080.0,364.41486,1009.5624
288,523,car,297.19925,543.0603,438.9612,656.01514,368.08023,599.5377
288,606,car,1275.3705,454.66922,1316.462,511.54153,1295.9163,483.10538
288,620,car,1319.757,547.7373,1379.0479,618.2768,1349.4023,583.0071
288,554,truck,516.61835,491.10812,663.083,652.64087,589.8507,571.8745
288,848,car,659.0034,357.89557,750.0821,439.08597,704.5427,398.49078
288,879,car,896.3797,219.57434,943.32776,259.5613,919.85376,239.56783
288,847,car,777.38855,326.6967,835.24646,384.22324,806.3175,355.45996
288,1070,car,699.36383,229.71318,759.07947,278.70975,729.2217,254.21146
288,695,car,595.31793,317.40073,669.18054,386.13657,632.24927,351.76865
288,1124,car,805.8993,198.323,846.43787,232.72932,826.1686,215.52615
288,1139,car,737.26794,463.8896,809.1912,553.91516,773.2296,508.90237
288,1172,person,1151.2472,401.81482,1172.575,446.03625,1161.9111,423.92554
288,1173,person,1200.6002,515.4018,1229.4512,572.36743,1215.0256,543.88464
288,1105,car,998.4389,232.28673,1029.3936,272.06216,1013.91626,252.17444
288,1049,person,856.1869,478.59534,887.7969,553.9064,871.9919,516.25085
288,21,truck,1320.8066,435.07162,1407.5266,550.62946,1364.1666,492.85052
288,1159,person,861.7134,333.39075,884.41626,387.50174,873.0648,360.44623
288,1109,car,777.8221,239.09474,833.26904,292.5163,805.54553,265.8055
289,25,car,1339.192,611.81793,1407.4429,705.3958,1373.3174,658.6069
289,128,car,0.0,772.2518,252.48933,1005.39374,126.24467,888.82275
289,592,car,280.32614,952.1949,443.33313,1080.0,361.82965,1016.0974
289,523,car,288.6756,545.33276,435.00427,662.28375,361.83994,603.8082
289,606,car,1270.2319,448.39804,1313.6343,508.03708,1291.9331,478.21756
289,620,car,1319.4927,548.0511,1379.6007,618.97577,1349.5466,583.5134
289,554,truck,511.57828,496.64975,657.17957,657.4157,584.3789,577.0327
289,848,car,655.868,359.94278,747.4488,442.30862,701.6584,401.1257
289,879,car,896.4861,220.73402,942.90674,260.56708,919.6964,240.65054
289,847,car,774.03174,326.47983,834.80066,387.25803,804.4162,356.86893
289,1070,car,696.9248,229.51144,756.9152,278.82675,726.92004,254.1691
289,695,car,589.08356,319.37485,665.7411,390.7478,627.41235,355.06134
289,1124,car,805.2121,197.30843,846.6496,232.65352,825.93085,214.98097
289,1139,truck,734.4569,467.046,806.1056,557.16046,770.28125,512.1032
289,1173,person,1201.2504,517.89014,1230.5841,575.7144,1215.9172,546.80225
289,1105,car,998.4024,232.50743,1029.1832,272.01266,1013.79285,252.26004
289,21,truck,1321.7258,434.95276,1407.1146,549.04504,1364.4202,491.9989
290,25,car,1339.5386,612.20654,1407.2603,705.34674,1373.3994,658.7766
290,128,car,0.0,780.8702,251.98026,1024.7206,125.99013,902.7954
290,592,car,283.04892,965.026,438.95712,1080.0,361.00302,1022.513
290,523,car,282.09183,548.76697,429.9903,666.85315,356.04108,607.81006
290,606,car,1268.8875,446.29584,1312.9723,506.71936,1290.9299,476.5076
290,620,car,1319.2589,548.4361,1380.2764,619.8931,1349.7676,584.1646
290,554,truck,506.87885,501.63034,652.5198,662.5007,579.69934,582.0655
290,848,car,654.8554,363.0821,743.8377,443.62582,699.34656,403.35394
290,879,car,897.1024,221.82317,942.6751,261.2815,919.8888,241.55234
290,847,car,773.8341,328.39133,834.51843,389.379,804.1763,358.88516
290,1070,car,692.89136,231.09229,752.74255,279.63437,722.81696,255.36333
290,695,car,586.472,321.77048,663.5809,393.78378,625.0264,357.77713
290,1124,car,804.1783,198.41907,845.04254,233.13658,824.6104,215.77783
290,1139,truck,733.0361,471.69025,802.8962,559.7475,767.9661,515.7189
290,1173,person,1201.9143,521.56494,1230.5859,577.9734,1216.2501,549.76917
290,1105,car,997.9646,232.67616,1028.7168,271.93655,1013.3407,252.30637
290,21,truck,1323.0701,434.71002,1407.2577,547.8373,1365.1638,491.27365
290,1188,car,856.5151,196.64372,894.8991,229.15312,875.7071,212.89842
290,1158,person,1474.4552,559.0518,1524.3777,631.9872,1499.4165,595.51953
290,1172,person,1151.9806,405.2068,1173.6414,450.32358,1162.811,427.7652
290,1109,car,778.1442,241.36,832.80286,294.9921,805.4735,268.17606
291,25,car,1339.9011,612.6765,1407.3273,705.5893,1373.6143,659.13293
291,128,car,0.0,788.2071,247.90532,1040.245,123.95266,914.2261
291,592,car,276.68182,977.6461,421.30853,1080.0,348.99518,1028.823
291,523,car,276.90054,553.1908,425.34702,671.64307,351.12378,612.41693
291,606,car,1268.3237,445.80835,1312.9673,506.77094,1290.6455,476.28964
291,620,car,1319.3723,548.5307,1380.7225,619.98193,1350.0474,584.25635
291,554,truck,504.37863,505.85236,651.0297,667.8361,577.70416,586.84424
291,848,car,654.40546,363.2408,743.6512,444.83047,699.0283,404.03564
291,879,car,896.9058,223.71803,941.0109,262.0819,918.9584,242.89996
291,847,car,773.4628,328.9139,834.44934,390.38507,803.95605,359.64948
291,1070,car,695.3232,230.85565,756.17706,280.5023,725.7501,255.67897
291,695,car,580.125,324.0721,657.7696,395.61377,618.94727,359.84296
291,1124,car,802.62506,200.72215,841.6303,233.52274,822.1277,217.12244
291,1139,truck,730.1616,475.12366,801.18805,564.9189,765.6748,520.02124
291,21,truck,1323.4031,434.40216,1406.7262,546.82965,1365.0647,490.6159
291,1188,car,857.19104,196.60638,895.0417,228.78708,876.11633,212.69673
291,1158,person,1472.397,557.44476,1523.1864,633.2499,1497.7917,595.3473
291,1172,person,1152.7599,405.8208,1174.9181,452.18607,1163.839,429.00342
291,1109,car,778.5602,243.72675,832.57367,297.17206,805.5669,270.4494
292,25,car,1339.806,613.10504,1406.9724,705.8932,1373.3892,659.49915
292,128,car,0.0,796.9511,238.59505,1046.9504,119.29752,921.9508
292,592,car,274.34604,990.6381,407.19766,1080.0,340.77185,1035.3191
292,523,car,271.5667,557.2524,421.36572,677.0432,346.46622,617.1478
292,606,car,1267.7595,446.20337,1312.7299,507.28204,1290.2446,476.7427
292,620,car,1318.6471,548.4532,1381.8125,621.78723,1350.2297,585.12024
292,554,truck,497.97873,508.82263,649.3979,676.6616,573.6883,592.7421
292,848,car,653.0087,365.8967,742.2495,448.05234,697.62915,406.97452
292,879,car,897.6837,225.65419,939.8329,262.50497,918.7583,244.07959
292,847,car,771.5848,330.11154,834.13763,393.54227,802.8612,361.8269
292,1070,car,695.8879,230.3433,755.42334,279.5613,725.65564,254.9523
292,695,car,572.0127,324.90665,652.68805,397.73914,612.35034,361.32288
292,1124,car,803.7998,203.94571,839.898,233.99246,821.8489,218.96909
292,1139,car,728.79626,478.05475,798.32526,566.42755,763.5608,522.24115
292,21,truck,1323.4629,434.32092,1406.6993,547.1326,1365.081,490.72678
292,1188,car,858.908,198.8265,895.2834,229.88478,877.0957,214.35565
292,1158,person,1471.999,555.8909,1522.11,632.1696,1497.0544,594.0303
292,1172,person,1153.42,407.2554,1175.377,453.47495,1164.3984,430.36517
292,1109,car,778.4184,246.68156,830.8997,298.91812,804.65906,272.79984
292,53,train,1569.1156,371.66797,1918.2987,842.0538,1743.7072,606.86084
293,25,car,1340.1257,614.178,1406.3617,705.7105,1373.2437,659.9442
293,128,car,0.0,805.9542,228.96872,1054.0238,114.48436,929.989
293,592,car,277.07352,1006.68677,394.4816,1080.0,335.77756,1043.3434
293,523,car,265.27676,561.3568,416.1621,682.02673,340.71942,621.6918
293,606,car,1267.8265,446.0343,1312.9465,507.39737,1290.3865,476.71582
293,620,car,1317.4293,548.5988,1382.2156,623.9068,1349.8225,586.2528
293,554,truck,492.859,511.50882,646.50653,682.1746,569.68274,596.84174
293,848,car,649.62854,365.0939,740.5441,449.21445,695.0863,407.15417
293,879,car,897.9962,227.81642,938.3753,263.3998,918.1858,245.60812
293,847,car,769.5789,332.2635,831.8596,394.87222,800.71924,363.56787
293,1070,car,695.0083,229.47034,755.57806,279.99335,725.2932,254.73184
293,695,car,559.17487,326.28687,644.1801,399.5518,601.6775,362.9193
293,1124,car,803.5053,205.20262,839.8328,235.2706,821.66907,220.2366
293,1139,car,724.7496,482.84265,796.2982,574.3166,760.5239,528.5796
293,21,truck,1324.0538,434.3645,1406.8314,547.1345,1365.4426,490.7495
293,1188,car,859.14685,201.84848,893.8476,231.55084,876.4972,216.69966
293,1158,person,1471.6971,555.04553,1521.0164,631.7447,1496.3567,593.39514
293,1172,person,1153.7827,407.76175,1176.0516,454.9623,1164.9172,431.36203
293,1109,car,777.5611,248.62956,828.79315,299.79803,803.1771,274.2138
293,1205,person,766.7757,589.57275,808.11005,671.67816,787.4429,630.6255
293,53,train,1569.3865,370.4833,1917.9907,839.8359,1743.6886,605.1596
293,480,person,1547.5883,645.95966,1577.5072,706.99286,1562.5477,676.47626
293,947,car,1394.3376,657.83875,1512.9291,783.6452,1453.6333,720.74194
294,25,car,1340.1703,613.62067,1406.6869,705.70874,1373.4286,659.6647
294,128,car,0.0,814.4149,225.2847,1070.8481,112.64235,942.63153
294,592,car,277.87524,1019.05133,383.88858,1080.0,330.8819,1049.5256
294,523,car,259.18222,564.58246,411.00522,686.078,335.09372,625.3302
294,606,car,1267.9923,445.72116,1313.401,507.59283,1290.6967,476.65698
294,620,car,1316.606,548.2739,1382.1313,624.6825,1349.3687,586.4782
294,554,truck,487.25604,519.60834,638.3677,687.4408,562.8119,603.52454
294,848,car,648.80286,368.42905,738.86005,452.58588,693.8314,410.50745
294,879,car,896.8843,227.78777,937.65295,263.93216,917.2686,245.85995
294,847,car,768.48346,333.31494,831.50586,396.5046,799.9946,364.9098
294,1070,car,694.2644,232.00954,752.48596,280.91208,723.3752,256.46082
294,695,car,551.8497,329.32828,639.7188,402.121,595.78424,365.72464
294,1124,car,803.8971,206.22493,839.06116,235.1216,821.4791,220.67326
294,1139,car,724.1822,493.5691,792.1073,580.16284,758.1448,536.86597
294,21,truck,1324.5546,434.17084,1406.4749,546.16156,1365.5146,490.1662
294,1158,person,1471.7122,554.7054,1519.5848,630.76337,1495.6484,592.7344
294,1172,person,1154.987,413.09537,1175.4232,456.38504,1165.2051,434.7402
294,1109,car,777.5486,250.38321,828.4059,301.244,802.97723,275.8136
294,1205,person,764.9523,597.19415,803.76245,674.2353,784.35736,635.7147
294,480,person,1546.3306,644.69965,1577.3901,706.6168,1561.8604,675.6582
294,947,car,1394.8452,658.9456,1513.2765,783.37006,1454.0608,721.15784
295,25,car,1340.8943,613.19977,1407.2598,705.3883,1374.077,659.29407
295,128,car,0.0,825.0037,214.5588,1076.3558,107.2794,950.6798
295,592,car,287.50327,1034.372,370.2267,1076.0605,328.865,1055.2163
295,523,car,253.57776,569.80255,406.02975,691.65405,329.80377,630.7283
295,606,car,1268.0875,445.70056,1313.8291,508.24564,1290.9583,476.97308
295,620,car,1316.0796,548.228,1382.4055,625.7888,1349.2426,587.0084
295,554,truck,476.07794,524.4771,626.867,693.62805,551.4725,609.0526
295,848,car,648.62036,371.14148,737.57855,455.40018,693.0995,413.2708
295,879,car,896.56226,227.69067,938.335,265.1104,917.4486,246.40054
295,847,car,766.9414,334.10672,831.7842,399.2708,799.3628,366.68878
295,1070,car,693.65375,234.00305,751.24554,282.5629,722.44965,258.28296
295,695,car,548.3543,331.6737,638.97675,404.53323,593.6655,368.10345
295,1124,car,801.01324,205.18686,838.0705,235.31528,819.5419,220.25107
295,1139,car,718.5855,496.51395,790.65643,588.9001,754.621,542.70703
295,21,truck,1324.3921,434.0819,1406.1188,546.1151,1365.2554,490.0985
295,1158,person,1471.9093,554.2179,1519.1963,630.9609,1495.5527,592.58936
295,1172,person,1154.7753,412.242,1176.702,459.16922,1165.7386,435.70563
295,1109,car,776.1406,250.52893,827.4143,302.03946,801.77747,276.28418
295,1205,person,761.1575,603.006,802.1956,684.47455,781.6765,643.74023
295,480,person,1545.3684,643.7712,1577.3737,707.1145,1561.3711,675.4429
295,947,car,1393.9042,658.26294,1513.2882,783.41833,1453.5962,720.84064
295,1210,car,576.00793,332.57257,655.825,404.03714,615.9165,368.30487
295,1049,person,843.9858,512.2956,880.63367,599.7603,862.3097,556.02795
295,53,truck,1569.3888,369.92273,1916.0311,835.4565,1742.71,602.6896
296,25,car,1342.0531,613.15094,1407.5106,704.23773,1374.7819,658.69434
296,128,car,0.0,833.75916,202.60191,1077.7533,101.30096,955.7562
296,523,car,247.84836,573.60736,401.96158,696.80194,324.90497,635.20465
296,606,car,1268.5255,446.23212,1314.046,508.78687,1291.2858,477.5095
296,620,car,1316.5916,548.4476,1382.1471,625.07166,1349.3694,586.75964
296,554,truck,474.79797,525.1397,631.51764,701.3393,553.15784,613.2395
296,848,car,646.9966,373.51306,736.5721,459.2056,691.7843,416.3593
296,879,car,895.81635,227.88654,938.4664,266.38318,917.14136,247.13486
296,847,car,765.3987,335.20227,831.23193,401.80423,798.3153,368.50323
296,1070,car,692.9363,234.84587,750.50665,283.44714,721.72144,259.1465
296,695,car,539.6573,332.5714,636.44806,408.06683,588.0527,370.31912
296,1124,car,799.84424,205.76204,837.51434,236.14792,818.6793,220.95499
296,1139,car,716.1209,499.6378,788.4936,592.80273,752.30725,546.2203
296,21,truck,1323.3619,434.11472,1406.8792,548.7901,1365.1206,491.4524
296,1158,person,1474.4612,553.2769,1519.0847,627.2898,1496.773,590.2833
296,1172,person,1155.262,413.74393,1177.0685,460.86124,1166.1653,437.30258
296,1109,car,776.1935,252.88608,825.1775,302.32672,800.6855,277.60638
296,1205,person,758.0332,612.4684,800.84045,697.5453,779.4368,655.00684
296,480,person,1544.7546,642.52515,1577.2363,706.9521,1560.9955,674.73865
296,947,car,1394.5438,663.1696,1510.5137,783.9456,1452.5288,723.5576
296,1215,person,535.43787,671.36176,592.5361,775.17645,563.98694,723.2691
296,1049,person,842.39325,516.48987,879.59814,604.93713,860.9957,560.7135
296,53,truck,1569.4677,370.65582,1915.7137,834.5687,1742.5907,602.6123
296,5,car,1398.5247,601.0026,1507.1804,710.10077,1452.8525,655.5517
296,1105,car,995.32416,230.71387,1028.841,273.8728,1012.0825,252.29333
297,25,car,1342.5621,613.4621,1407.7842,704.3631,1375.1731,658.9126
297,128,car,0.0,842.481,192.68571,1080.0,96.34286,961.2405
297,523,car,241.74615,578.5787,398.40738,704.01514,320.07678,641.2969
297,606,car,1269.0276,446.5994,1314.1366,508.8586,1291.582,477.729
297,620,car,1316.2377,548.5047,1381.8336,625.3054,1349.0356,586.905
297,554,truck,471.7636,528.4345,629.7531,705.94604,550.75836,617.1903
297,848,car,643.8047,373.4615,735.87665,462.6896,689.8407,418.07556
297,879,car,894.09216,227.63498,937.8171,267.35596,915.9546,247.49547
297,847,car,764.9346,336.37723,830.9054,403.18085,797.92,369.77905
297,1070,car,691.2235,235.33002,749.02014,284.61078,720.1218,259.9704
297,695,car,536.7748,334.5923,635.6162,409.57428,586.1955,372.08328
297,1124,car,800.0668,207.76346,836.61035,236.7921,818.33856,222.27777
297,1139,car,712.8675,503.13412,785.76495,597.0485,749.3162,550.0913
297,21,truck,1324.4453,434.9067,1407.9761,549.9893,1366.2107,492.448
297,1158,person,1475.8245,552.583,1519.3158,626.4186,1497.5701,589.5008
297,1172,person,1156.1528,416.46524,1177.3765,462.57773,1166.7646,439.52148
297,1109,car,774.78564,254.93945,822.7454,303.0084,798.7655,278.97394
297,1205,person,756.0588,618.4333,799.4229,704.6063,777.74084,661.5198
297,480,person,1544.7867,640.2846,1577.649,706.007,1561.2179,673.1458
297,947,car,1394.717,663.4902,1510.9056,783.80286,1452.8113,723.6465
297,1215,person,529.1258,675.3229,588.34705,783.0761,558.73645,729.19946
297,1049,person,841.30115,519.11957,879.5193,610.0857,860.4102,564.60266
297,53,truck,1569.1044,369.79178,1915.3402,832.4674,1742.2223,601.1296
297,1220,motorcycle,756.373,621.1441,797.3652,706.9478,776.8691,664.04596
297,1188,car,858.1009,203.85583,893.11523,234.15578,875.60803,219.0058
298,25,car,1342.735,613.8742,1407.8539,704.80225,1375.2944,659.33826
298,128,car,0.0,851.36145,166.91882,1047.7163,83.45941,949.5389
298,523,car,232.90715,582.2816,392.59915,709.885,312.75314,646.0833
298,606,car,1269.6798,445.98074,1314.314,507.9132,1291.9968,476.94696
298,620,car,1316.0525,548.5863,1381.0311,624.7522,1348.5417,586.66925
298,554,truck,469.11023,533.5844,628.15027,712.45123,548.63025,623.0178
298,848,car,639.2014,374.89932,731.7582,465.11047,685.4798,420.00488
298,879,car,893.60504,228.75618,936.5034,267.92944,915.0542,248.3428
298,847,car,763.678,335.8912,831.1249,404.5156,797.4014,370.2034
298,1070,car,689.2798,234.50842,748.2652,285.3119,718.77246,259.91016
298,1124,car,799.02277,208.22653,836.17786,237.30826,817.60034,222.7674
298,1139,truck,709.5559,505.42966,784.2735,601.6162,746.9147,553.52295
298,21,truck,1324.0576,433.60864,1406.917,548.09576,1365.4873,490.8522
298,1158,person,1478.051,551.7473,1519.7349,624.8245,1498.893,588.2859
298,1172,person,1157.4501,421.07684,1177.1934,464.16956,1167.3218,442.6232
298,1109,car,773.46625,258.0783,819.8649,303.9542,796.6656,281.01624
298,1205,person,753.19446,625.8906,797.0136,713.00696,775.104,669.4488
298,947,car,1396.8931,671.4107,1508.2195,785.10583,1452.5563,728.2583
298,1215,person,523.77167,681.34534,581.0455,785.5748,552.40857,733.4601
298,1049,person,838.4539,523.9296,875.71765,614.8902,857.0858,569.4099
298,1188,car,854.79193,203.20274,891.82855,235.46022,873.31024,219.33148
298,1210,car,562.29034,336.9987,645.58594,411.65448,603.9381,374.3266
298,5,car,1399.5905,601.1543,1509.8544,711.2897,1454.7224,656.222
299,25,car,1343.9537,612.88776,1409.4844,704.8679,1376.719,658.8778
299,128,car,0.0,862.5133,160.46245,1059.7988,80.231224,961.15607
299,523,car,226.33067,586.0834,388.31204,715.75195,307.32135,650.91766
299,606,car,1265.1838,439.9573,1313.5503,507.04776,1289.3671,473.50253
299,620,car,1315.4155,548.6934,1380.2317,624.8153,1347.8236,586.7544
299,554,truck,462.8358,536.5016,625.87335,719.97736,544.35455,628.2395
299,848,car,638.3346,375.73007,730.79724,467.15912,684.5659,421.44458
299,879,car,893.4657,230.63525,934.9551,268.42197,914.2104,249.52861
299,847,truck,763.6997,339.43567,830.66235,408.21515,797.181,373.8254
299,1124,car,795.16016,206.34477,834.5391,237.263,814.8496,221.8039
299,1139,truck,704.9635,510.11484,781.7689,608.87897,743.3662,559.4969
299,21,truck,1323.0642,432.6207,1405.8898,547.1553,1364.477,489.888
299,1158,person,1479.5172,550.85876,1518.7897,621.6321,1499.1534,586.2454
299,1172,person,1157.7358,423.36047,1177.2191,465.89624,1167.4775,444.62836
299,1109,car,774.125,259.17734,820.37286,304.776,797.2489,281.97668
299,1205,person,748.2095,630.29913,794.3558,722.1353,771.2826,676.2172
299,947,car,1394.0958,660.4478,1514.2177,783.47455,1454.1567,721.9612
299,1049,person,836.4535,529.1269,873.8794,621.2125,855.16644,575.1697
299,1188,car,852.21533,201.13841,892.5791,236.70042,872.3972,218.91942
299,1210,car,559.1615,337.5862,643.6136,413.5179,601.3876,375.55206
299,480,person,1544.874,638.9717,1576.973,703.8797,1560.9236,671.42566
300,25,car,1344.0397,612.1432,1410.4412,705.0526,1377.2405,658.5979
300,128,car,0.0,871.71545,152.9575,1068.1469,76.47875,969.93115
300,523,car,218.14537,590.143,383.23035,722.45795,300.68787,656.3005
300,606,car,1262.9446,436.0538,1313.9259,506.92862,1288.4353,471.4912
300,620,car,1316.4677,548.46826,1380.291,623.209,1348.3794,585.8386
300,554,truck,456.69272,540.2656,622.29626,726.85095,539.4945,633.5583
300,848,car,636.67633,378.76315,727.569,469.0964,682.1227,423.92978
300,879,car,890.5186,230.89449,933.2451,269.34973,911.88184,250.1221
300,1124,car,793.64813,205.39006,833.8341,236.89223,813.7411,221.14114
300,21,truck,1319.7977,432.1413,1404.1875,548.0885,1361.9927,490.1149
300,1158,person,1480.3827,549.9561,1516.0892,614.6966,1498.236,582.32635
300,1172,person,1157.9219,424.89288,1177.2307,467.18793,1167.5763,446.0404
300,1109,car,771.3383,258.73776,819.2488,305.94482,795.2936,282.3413
300,1205,person,745.2403,634.87976,791.9228,727.8881,768.58154,681.3839
300,947,car,1392.2936,655.01794,1516.6542,782.9876,1454.4739,719.0028
300,1049,person,834.21704,531.9531,873.4011,628.1421,853.8091,580.0476
300,1210,car,558.7398,340.90918,641.3446,415.455,600.04224,378.18207
300,1215,person,507.87857,698.3302,561.0606,794.9747,534.4696,746.65247
301,25,car,1344.8043,612.25336,1410.7345,704.51215,1377.7694,658.38275
301,128,car,0.0,880.0662,145.44865,1075.9939,72.72433,978.03
301,523,car,209.59077,592.49774,378.58292,728.04803,294.08685,660.2729
301,606,car,1262.8699,432.90097,1315.4972,506.42398,1289.1836,469.66248
301,620,car,1316.8827,548.0526,1379.4431,621.01807,1348.1628,584.53534
301,554,truck,450.43173,543.16174,618.4978,732.3715,534.4648,637.7666
301,848,car,632.69495,378.6157,726.5402,472.09622,679.61755,425.35596
301,879,car,889.69434,230.95084,933.4011,270.0448,911.5477,250.49782
301,21,truck,1316.1327,431.02884,1402.103,548.0769,1359.1179,489.55286
301,1158,person,1482.0665,548.48865,1516.4415,612.09,1499.254,580.2893
301,1172,person,1157.8894,425.38654,1177.6855,468.39258,1167.7875,446.88956
301,1109,car,770.09265,258.5951,819.6761,307.3331,794.8844,282.9641
301,1205,person,741.8604,642.67035,787.6291,733.7581,764.74475,688.21423
301,947,car,1391.3228,651.97046,1517.5024,782.5182,1454.4126,717.2443
301,1049,person,833.6523,538.646,871.91046,632.30865,852.7814,585.4773
301,1210,car,555.9243,341.34735,639.98926,417.4751,597.9568,379.41122
301,1105,car,994.8154,229.00381,1028.9838,273.24207,1011.8996,251.12294
301,53,train,1565.1217,371.06168,1920.0,849.23517,1742.5608,610.14844
301,1070,car,687.3674,235.7913,745.07495,286.18396,716.2212,260.98764
301,1139,truck,700.38947,523.0561,775.89954,620.51166,738.14453,571.7839
302,25,car,1344.8727,612.4259,1410.2877,704.14136,1377.5802,658.2836
302,128,car,0.0,887.3185,134.94034,1079.5112,67.47017,983.41486
302,523,car,201.28123,596.07245,372.37195,733.65497,286.8266,664.8637
302,606,car,1264.7194,433.9705,1315.1924,504.9884,1289.9558,469.47943
302,620,car,1316.9285,547.4056,1378.3376,618.78204,1347.633,583.0938
302,554,truck,444.32806,547.1033,615.7947,740.35425,530.0614,643.72876
302,848,car,629.81995,385.37552,720.1326,474.287,674.9763,429.83124
302,879,car,889.647,231.24286,933.7635,270.57858,911.7052,250.91072
302,21,truck,1314.1754,429.4621,1401.5033,547.57996,1357.8394,488.52103
302,1158,person,1478.4702,547.37445,1513.7388,612.8473,1496.1045,580.11084
302,1172,person,1158.5764,424.87952,1178.762,468.52618,1168.6692,446.70285
302,1109,car,767.58826,259.8259,817.4785,308.69318,792.5334,284.25952
302,1205,person,738.86786,650.41284,784.61053,741.27905,761.7392,695.84595
302,947,car,1389.5046,647.1121,1518.7473,782.0001,1454.126,714.55615
302,1049,person,831.82404,545.0499,870.6649,639.962,851.2445,592.506
302,1210,car,551.3173,342.6045,635.22656,418.49203,593.272,380.54828
302,1105,car,995.4878,228.95529,1029.118,272.29456,1012.3029,250.62492
302,1070,car,680.2268,234.98997,740.9712,287.86942,710.599,261.4297
302,1139,car,696.2412,521.6882,776.0028,625.6807,736.122,573.68445
302,847,car,755.1629,342.7984,825.3357,415.84286,790.24927,379.32062
302,1124,car,791.6725,204.74487,831.58795,235.84058,811.63025,220.29272
303,25,car,1348.1013,613.57697,1412.6155,704.07904,1380.3584,658.828
303,128,car,0.0,897.45245,123.976746,1080.0,61.988373,988.7262
303,523,car,195.03741,599.43835,367.64685,738.85736,281.34213,669.1478
303,606,car,1265.0464,433.69922,1314.9535,504.2988,1290.0,468.99902
303,620,car,1317.0767,546.4414,1378.4159,617.6356,1347.7463,582.0385
303,554,truck,436.83194,550.94147,612.4024,748.92944,524.6172,649.9354
303,848,car,625.34076,384.63895,718.4237,476.59592,671.8822,430.61743
303,879,car,889.5781,231.4272,933.8913,270.92706,911.73474,251.17712
303,21,truck,1313.4856,429.25986,1399.7631,544.8462,1356.6243,487.05304
303,1158,person,1479.1001,545.36346,1512.482,607.56696,1495.791,576.4652
303,1172,person,1159.5444,425.25577,1179.349,468.0126,1169.4468,446.6342
303,1109,car,765.50665,259.57874,816.7729,309.72513,791.1398,284.65192
303,1205,person,734.4709,657.0249,781.99817,751.52905,758.2345,704.277
303,947,car,1390.4954,649.004,1517.1234,781.6216,1453.8093,715.3128
303,1049,person,829.659,547.8081,869.8464,646.6611,849.7527,597.2346
303,1210,car,548.0094,343.7975,631.9914,419.91672,590.00037,381.85712
303,1139,car,691.2716,523.5997,773.3937,631.6284,732.33264,577.614
303,847,car,755.25916,345.9466,823.5302,417.18433,789.39465,381.56546
303,1124,car,789.9161,205.35707,830.6218,236.82428,810.2689,221.09067
303,1188,car,847.91437,198.3797,891.27423,237.29376,869.5943,217.83673
303,53,truck,1563.1836,365.89642,1920.0,846.2319,1741.5918,606.06415
304,25,car,1349.2585,612.5112,1414.508,704.2483,1381.8833,658.37976
304,128,car,0.0,908.4937,112.65916,1080.0,56.32958,994.2468
304,523,car,186.67409,604.3968,362.0236,746.2125,274.34885,675.3047
304,606,car,1266.1301,433.6281,1314.3931,502.39453,1290.2616,468.01132
304,620,car,1317.2415,546.1417,1378.878,617.4191,1348.0598,581.7804
304,554,truck,430.8244,556.3245,606.0526,753.816,518.4385,655.07025
304,848,car,624.73914,391.73984,713.2917,477.83865,669.0154,434.78925
304,879,car,888.9805,232.07236,932.71906,270.7557,910.8498,251.41403
304,21,truck,1310.2474,428.03973,1399.0679,545.47797,1354.6577,486.75885
304,1158,person,1475.8771,543.41534,1510.4772,606.99603,1493.1771,575.2057
304,1172,person,1159.9027,426.488,1179.5148,468.5989,1169.7087,447.54346
304,1109,car,764.4351,258.77716,816.64197,309.86786,790.5386,284.3225
304,1205,person,731.0073,664.2739,780.6381,763.6268,755.82275,713.9503
304,947,car,1392.6691,652.4252,1510.7366,775.55115,1451.7029,713.98816
304,1049,person,829.6664,552.3937,868.7075,646.8242,849.18695,599.60895
304,1210,car,538.95544,346.11298,624.69055,422.76593,581.823,384.43945
304,1139,truck,688.71515,528.43384,770.8133,637.4165,729.7642,582.9252
304,847,car,755.2584,346.753,821.561,416.2113,788.40967,381.48215
304,1124,car,788.18506,203.97845,829.6493,236.1612,808.9172,220.06982
304,1188,car,847.6744,197.49803,890.5717,236.92177,869.12305,217.2099
304,1070,car,679.5968,235.16599,739.52057,287.62836,709.5587,261.39716
305,25,car,1348.0155,609.90247,1414.2642,703.20544,1381.1399,656.55396
305,128,car,0.0,921.1426,100.28792,1080.0,50.14396,1000.5713
305,523,car,180.61815,609.9408,355.44363,751.11633,268.03088,680.52856
305,606,car,1266.3282,435.07343,1312.9363,501.48782,1289.6323,468.28064
305,620,car,1317.17,545.5854,1379.4973,617.5359,1348.3337,581.56067
305,554,truck,423.88205,557.00555,602.54065,758.4876,513.21136,657.7466
305,848,car,625.9506,407.35837,703.8327,480.78253,664.89166,444.07043
305,879,car,889.1448,232.50797,932.371,270.60965,910.7579,251.5588
305,21,truck,1313.5646,425.91208,1402.2472,543.41296,1357.9059,484.66254
305,1172,person,1159.7794,426.14963,1179.8942,469.0572,1169.8368,447.6034
305,1109,car,764.46735,259.2882,816.4317,310.22968,790.4495,284.75894
305,1205,person,729.4512,670.7089,777.4305,767.1336,753.4408,718.92126
305,947,car,1384.4305,627.733,1520.8937,772.77966,1452.6621,700.25635
305,1210,car,538.5438,347.26614,624.6062,424.0572,581.575,385.66168
305,1139,truck,685.09656,532.66833,766.8631,642.0412,725.97986,587.35474
305,847,car,753.3923,348.19092,819.5532,418.0607,786.4728,383.1258
305,1188,car,848.3092,197.48361,890.02563,236.47012,869.1674,216.97687
305,53,train,1563.5759,364.72562,1920.0,848.3617,1741.788,606.54364
306,25,car,1348.1138,609.5997,1413.6056,701.9114,1380.8596,655.7555
306,128,car,0.0,931.5276,89.56549,1080.0,44.782745,1005.7638
306,523,car,172.03201,614.56165,349.0098,757.7944,260.5209,686.178
306,606,car,1265.0789,435.69403,1311.1528,500.97278,1288.1158,468.3334
306,620,car,1317.4711,545.10626,1379.8668,616.81067,1348.669,580.9585
306,554,truck,417.17892,562.1498,597.84564,766.31384,507.51227,664.2318
306,848,car,618.599,389.8033,715.42084,482.2908,667.0099,436.04706
306,879,car,886.58624,230.68118,932.7365,271.53326,909.6614,251.10722
306,21,truck,1314.7455,424.89246,1402.815,541.30396,1358.7803,483.0982
306,1109,car,762.447,257.85202,816.6917,311.31638,789.56934,284.5842
306,1205,person,724.72235,679.4109,773.0651,776.02386,748.89374,727.7174
306,947,car,1375.8499,606.19525,1529.9175,774.77576,1452.8837,690.4855
306,1210,car,537.3645,349.44376,624.18677,427.25012,580.77563,388.34692
306,1139,car,683.75916,537.621,763.89246,645.5491,723.8258,591.585
306,847,car,753.08374,349.4432,818.1743,418.40887,785.629,383.92603
306,1188,car,848.8715,198.49268,889.6767,237.00111,869.2741,217.74689
306,53,train,1563.1343,362.48734,1919.614,842.85706,1741.3741,602.6722
306,1158,person,1476.9257,540.2987,1510.9479,602.9783,1493.9368,571.6385
306,1070,car,675.4856,234.30858,734.36725,285.82043,704.9264,260.0645
307,25,car,1347.249,609.0783,1413.5851,701.8662,1380.417,655.4723
307,128,car,0.0,947.62805,74.29444,1077.5098,37.14722,1012.5689
307,523,car,163.2021,617.58453,343.811,764.3883,253.50656,690.98645
307,606,car,1265.4667,435.67123,1310.8665,500.07492,1288.1665,467.87308
307,620,car,1316.2579,543.4393,1379.2213,616.1351,1347.7396,579.7872
307,554,truck,411.09723,566.81244,594.5534,774.5203,502.82532,670.6664
307,848,car,617.1292,388.46225,716.36255,483.69473,666.74585,436.0785
307,879,car,886.62164,229.97044,932.69617,271.07867,909.65894,250.52457
307,21,truck,1310.0264,423.55606,1399.6904,540.27313,1354.8584,481.9146
307,1109,car,763.5147,258.8023,816.558,311.29968,790.0364,285.051
307,947,car,1379.6226,611.9043,1527.4692,776.5735,1453.5459,694.2389
307,1210,car,534.73413,349.15408,622.8016,428.98514,578.7678,389.0696
307,1139,car,681.8662,542.8086,761.3503,650.18805,721.6083,596.4983
307,847,car,752.3243,350.2393,817.6927,419.48453,785.0085,384.8619
307,1188,car,847.50824,198.03433,888.80963,237.50015,868.15894,217.76724
307,53,train,1561.592,359.5326,1920.0,845.2168,1740.796,602.3747
307,1158,person,1475.8066,540.0056,1509.7898,602.4684,1492.7982,571.237
307,1070,car,671.0862,233.94672,733.96954,289.18164,702.52783,261.56418
307,480,person,1533.7421,626.33484,1566.014,692.7937,1549.878,659.5643
307,1049,person,820.9649,563.81573,864.2663,669.6618,842.6156,616.7388
307,1124,car,786.46075,206.22363,826.26556,236.8936,806.36316,221.55862
308,25,car,1347.8928,607.6677,1414.241,699.89105,1381.0669,653.7794
308,128,car,0.0,958.1405,63.872337,1076.9998,31.936169,1017.5701
308,523,car,155.41928,621.3158,337.90558,770.12714,246.66243,695.72144
308,606,car,1262.7264,430.13165,1310.8746,499.0966,1286.8005,464.61414
308,620,car,1315.5189,542.43695,1378.7649,615.83606,1347.1418,579.1365
308,848,car,613.74976,388.69073,714.9294,486.48734,664.3396,437.58905
308,879,car,885.3049,229.36409,931.3411,270.4384,908.323,249.90125
308,1109,car,762.1891,258.21857,816.148,311.95142,789.1686,285.085
308,947,car,1386.8239,627.9705,1518.8402,775.44507,1452.832,701.70776
308,1210,car,531.25256,351.28604,618.39355,430.5277,574.82306,390.90686
308,1139,car,679.23364,546.2405,757.15967,650.89624,718.19666,598.56836
308,847,car,751.8603,352.71085,817.091,421.60666,784.47565,387.15875
308,1188,car,847.5563,198.81935,887.2898,237.25885,867.42303,218.0391
308,53,truck,1563.0936,364.53134,1918.7964,844.5576,1740.9451,604.5445
308,1158,person,1476.2312,538.6627,1509.2445,599.53174,1492.7378,569.0972
308,1070,car,669.85956,233.6914,733.2169,289.5962,701.5382,261.6438
308,1124,car,784.8446,206.15494,826.3797,237.97339,805.6122,222.06416
308,1205,person,722.19135,695.0176,762.50256,772.95447,742.3469,733.986
309,25,car,1348.0116,607.6005,1413.7443,698.3808,1380.8779,652.99066
309,523,car,148.2809,626.8196,331.18744,775.8083,239.73416,701.31396
309,606,car,1264.8083,432.31064,1310.5327,497.9966,1287.6705,465.15363
309,620,car,1315.05,541.8311,1377.9282,614.80524,1346.4891,578.3182
309,848,car,611.3996,393.51263,709.93134,488.90668,660.66547,441.20966
309,879,car,884.6017,228.85658,930.53766,270.07394,907.5697,249.46527
309,1109,car,761.2183,258.72644,814.9741,312.68686,788.0962,285.70667
309,947,car,1391.7369,642.65894,1513.2301,777.9544,1452.4835,710.30664
309,1210,car,529.10535,353.6829,615.30817,431.8773,572.2068,392.7801
309,1139,car,675.92694,548.00415,754.2681,653.0232,715.09753,600.5137
309,847,car,750.2379,352.7331,816.37775,422.5538,783.30786,387.64343
309,1158,person,1477.8767,537.88104,1509.3966,596.9708,1493.6367,567.4259
309,1070,car,666.4569,234.11357,731.26373,291.33878,698.86035,262.72617
309,1124,car,783.8818,205.83983,825.75305,237.73706,804.8174,221.78845
309,1205,motorcycle,714.3845,713.7125,760.3565,801.9488,737.3705,757.8307
309,554,truck,435.0265,580.1721,571.5454,729.4209,503.28595,654.7965
309,21,truck,1308.5745,421.3492,1399.4458,538.0607,1354.0101,479.70496
309,1049,person,817.18665,577.0224,858.7603,677.87683,837.9735,627.4496
310,25,car,1349.1625,608.1258,1414.6497,697.94305,1381.906,653.0344
310,523,car,139.80354,630.6477,326.57465,782.8271,233.18909,706.7374
310,606,car,1263.609,424.21616,1313.1125,496.39487,1288.3608,460.3055
310,620,car,1313.5388,539.5067,1376.6638,613.26843,1345.1013,576.3876
310,848,car,608.47107,391.40723,710.31494,490.8364,659.393,441.12183
310,879,car,882.9316,227.5811,930.2034,270.2642,906.5675,248.92264
310,1109,car,756.6537,254.54005,813.1604,311.59827,784.90704,283.06915
310,947,car,1392.3591,644.10126,1513.558,779.2303,1452.9585,711.6658
310,1210,car,526.40106,354.72192,612.7929,433.34677,569.597,394.03436
310,847,car,748.6794,352.945,815.892,423.86905,782.2857,388.40704
310,1158,person,1476.6321,534.77783,1507.7858,593.18506,1492.209,563.98145
310,1070,car,664.52686,232.46767,730.8567,290.9997,697.6918,261.73367
310,1124,car,782.51074,206.26437,823.21326,237.04802,802.862,221.65619
310,1205,motorcycle,710.0332,727.4754,757.15405,817.1862,733.5936,772.3308
310,1267,person,1244.998,516.7101,1274.5145,581.18713,1259.7563,548.9486
310,554,truck,439.23544,583.44305,565.4285,717.4175,502.33197,650.4303
310,21,truck,1309.5991,419.03012,1401.5706,536.8246,1355.5848,477.92737
310,1188,car,846.0216,198.10452,885.56915,236.92542,865.7954,217.51497
310,53,truck,1564.4158,362.15475,1919.7145,841.82886,1742.0652,601.9918
311,25,car,1348.7545,606.7099,1414.3234,696.1232,1381.539,651.41656
311,523,car,133.36674,636.6332,318.32346,786.897,225.8451,711.7651
311,606,car,1263.6783,423.3524,1312.7355,495.5066,1288.2069,459.4295
311,620,car,1314.23,538.65686,1378.3239,613.4384,1346.2769,576.0476
311,848,car,604.7617,391.3867,707.1205,491.96188,655.9411,441.6743
311,879,car,881.8418,227.32333,928.7039,270.0828,905.2728,248.70306
311,1109,car,754.06274,255.10844,810.5826,312.4324,782.32263,283.77042
311,947,car,1394.0879,645.38257,1510.7429,774.8219,1452.4154,710.10223
311,1210,car,523.6332,357.37448,610.1599,435.96814,566.89655,396.67133
311,847,car,747.20294,354.4376,814.29865,424.88477,780.7508,389.6612
311,1070,car,663.8938,231.9179,731.116,291.31824,697.5049,261.61807
311,1124,car,781.66626,204.50465,824.0576,236.69522,802.86194,220.59995
311,1205,motorcycle,709.42194,750.2366,752.9217,831.48663,731.1718,790.8616
311,1267,person,1245.5614,517.93835,1275.1672,582.6989,1260.3643,550.3186
311,554,truck,436.85013,587.1143,559.73846,713.4518,498.2943,650.2831
311,21,truck,1309.2551,417.0528,1401.9053,535.33765,1355.5802,476.19522
311,1083,car,924.1092,311.51352,966.7362,371.92154,945.4227,341.71753
311,1173,person,1220.3987,574.63666,1251.8043,637.4717,1236.1016,606.0542
311,480,person,1531.1162,620.276,1562.3202,684.8315,1546.7183,652.5537
312,25,car,1348.8462,607.3848,1414.6027,696.01154,1381.7244,651.6982
312,523,car,125.96238,641.1482,312.48743,792.5702,219.2249,716.8592
312,606,car,1263.387,420.94568,1312.5295,493.68826,1287.9583,457.31696
312,620,car,1313.9197,538.03784,1376.7982,611.176,1345.3589,574.60693
312,848,car,601.8854,391.81674,705.0431,493.63226,653.46423,442.7245
312,879,car,881.28107,227.76778,927.9732,270.44778,904.62714,249.10779
312,1109,car,752.54663,255.58014,809.2872,313.18033,780.9169,284.38025
312,947,car,1393.7032,645.8068,1510.6058,775.556,1452.1545,710.6814
312,1210,car,516.8499,356.8417,606.69354,438.74216,561.7717,397.79193
312,847,car,743.8798,353.37442,813.4117,426.71402,778.64575,390.04422
312,1070,car,664.88043,230.71309,729.4891,287.84912,697.18475,259.2811
312,1124,car,780.7238,203.41852,822.428,235.23875,801.5759,219.32864
312,1205,motorcycle,702.7607,747.2144,751.47314,838.98956,727.11694,793.102
312,21,truck,1309.2218,415.53906,1401.5571,533.3441,1355.3894,474.4416
312,1278,motorcycle,389.9465,842.0515,452.72318,939.0786,421.33484,890.56506
312,1083,car,923.39874,311.8024,966.03687,372.71368,944.7178,342.25806
312,1173,person,1221.6858,575.2925,1253.7573,640.6484,1237.7216,607.97046
312,1139,car,660.91296,562.37036,747.40076,679.4566,704.15686,620.91345
312,1049,person,809.2359,597.6498,848.7802,692.6078,829.00806,645.1288
312,1158,person,1477.0533,530.32196,1508.0249,589.8316,1492.5391,560.0768
312,1188,car,842.6666,195.90196,884.2672,237.30783,863.4669,216.60489
312,53,truck,1566.6428,359.77588,1918.7538,834.7285,1742.6982,597.2522
313,25,car,1346.5247,604.27795,1415.5938,695.9054,1381.0592,650.0917
313,523,car,117.09994,643.7183,307.64322,798.20703,212.37158,720.96265
313,606,car,1263.9742,419.4344,1312.5797,491.58356,1288.277,455.50897
313,620,car,1313.728,536.5101,1376.5973,609.8337,1345.1626,573.1719
313,848,car,599.97656,392.2852,704.2117,495.8404,652.0941,444.0628
313,879,car,880.84125,227.67313,927.2215,270.04398,904.0314,248.85855
313,1109,car,753.03326,256.63495,809.61487,314.18158,781.3241,285.40826
313,947,car,1394.9358,655.896,1502.8632,774.85583,1448.8994,715.3759
313,1210,car,514.1013,357.4348,603.7111,439.33017,558.90625,398.3825
313,847,car,741.8224,354.43442,811.5132,427.9961,776.6678,391.21527
313,1070,car,664.12775,229.51819,728.6122,286.87955,696.37,258.19885
313,1124,car,780.8134,205.67488,820.4653,235.63005,800.63934,220.65247
313,1205,motorcycle,697.1301,749.29016,750.2816,849.8589,723.7059,799.5745
313,21,truck,1309.2034,414.0532,1402.1034,532.44904,1355.6533,473.2511
313,1278,person,384.2703,823.09375,452.23065,928.2513,418.2505,875.6725
313,1083,car,922.83,311.68604,965.23553,373.06125,944.0328,342.37366
313,1173,person,1221.6302,576.0795,1254.1471,643.4279,1237.8887,609.7537
313,1287,truck,369.52625,592.2389,570.47205,817.6089,469.99915,704.9239
313,1139,car,657.1902,566.7762,745.0747,687.06964,701.13245,626.9229
313,1049,person,805.4398,603.6173,848.70447,708.3092,827.07214,655.96326
313,1158,person,1474.8973,527.9501,1506.714,590.1588,1490.8057,559.05444
313,1188,car,842.19916,195.83069,883.38873,237.26968,862.79395,216.55019
313,53,train,1563.548,353.58728,1920.0,837.5834,1741.7739,595.5853
313,1267,person,1246.2346,518.9376,1276.5531,585.47577,1261.3938,552.20667
313,480,person,1527.7871,616.84595,1560.6793,685.7618,1544.2332,651.30383
314,25,car,1344.9016,601.72003,1414.6473,693.25745,1379.7744,647.4888
314,523,car,106.3397,647.8049,302.1776,807.2025,204.25865,727.50366
314,606,car,1265.4816,422.41232,1310.7743,489.68484,1288.1279,456.04858
314,620,car,1314.5913,535.2196,1377.1799,608.0339,1345.8856,571.6267
314,848,car,596.9829,393.08966,701.77356,497.99753,649.37823,445.54358
314,879,car,880.2111,227.14578,927.0411,270.18393,903.6261,248.66486
314,947,car,1398.1409,659.2666,1503.9032,774.6063,1451.022,716.93646
314,1210,car,509.77597,357.874,600.4146,441.0694,555.0953,399.47168
314,847,car,741.4878,355.9664,810.4464,428.7903,775.9671,392.37836
314,1124,car,779.2507,205.4359,820.00586,236.07922,799.6283,220.75757
314,1205,motorcycle,690.90967,750.55853,748.9276,861.20245,719.91864,805.8805
314,21,truck,1313.5664,413.67346,1402.2374,527.23315,1357.9019,470.4533
314,1173,person,1222.1616,577.58014,1254.8121,646.5255,1238.4868,612.05286
314,1287,truck,363.8561,595.8366,566.78906,823.4299,465.32257,709.63324
314,1139,car,654.2181,570.79803,741.398,690.56836,697.80804,630.6832
314,1049,person,803.7141,608.9087,849.26044,720.1947,826.4873,664.5517
314,1158,person,1476.1564,527.4909,1506.6725,588.7946,1491.4144,558.14276
314,1188,car,841.5737,197.1882,880.9124,237.07854,861.24304,217.13336
314,1293,motorcycle,691.5952,777.40283,747.60754,862.128,719.6014,819.7654
314,1294,person,692.7558,743.8148,749.3102,844.20856,721.03296,794.0117
314,1267,person,1246.2195,517.56036,1277.6884,586.85156,1261.9539,552.20593
315,25,car,1348.536,607.0994,1414.1512,692.40247,1381.3436,649.751
315,523,car,95.59085,650.02606,295.51273,813.1847,195.55179,731.60535
315,606,car,1266.0636,424.05618,1309.0001,487.83432,1287.5319,455.94525
315,620,car,1313.6814,534.10516,1376.5787,607.648,1345.1301,570.8766
315,848,car,593.88525,394.78772,698.8127,500.26642,646.349,447.52707
315,879,car,878.9763,226.94054,925.1572,269.54684,902.0668,248.24368
315,947,car,1394.3021,660.71356,1497.0039,772.8237,1445.6531,716.7687
315,1210,car,506.386,358.94937,596.65314,441.9163,551.51953,400.43283
315,847,car,739.4941,355.6994,809.5962,429.94287,774.54517,392.82114
315,1124,car,776.3815,202.29343,820.03424,235.53633,798.2079,218.91489
315,1205,person,685.31964,755.3627,746.6685,873.1941,715.9941,814.2784
315,21,truck,1310.5803,411.92963,1401.253,527.3483,1355.9167,469.63898
315,1173,person,1222.3815,579.1228,1255.4476,649.7953,1238.9146,614.45905
315,1287,truck,355.45523,599.5702,562.5688,832.0473,459.01202,715.8087
315,1139,car,654.4256,575.13605,733.2754,681.8198,693.85046,628.4779
315,1158,person,1476.4646,525.7501,1506.5757,588.0844,1491.5201,556.91724
315,1188,car,840.4545,196.9215,878.0893,235.22096,859.2719,216.07123
315,1293,motorcycle,686.2285,778.7246,747.7913,872.0573,717.0099,825.391
315,1267,person,1247.9344,518.42786,1278.8989,586.734,1263.4167,552.58093
316,25,car,1344.3094,602.4896,1412.2886,689.9242,1378.2991,646.2069
316,523,car,86.435074,656.39655,287.868,820.9347,187.15155,738.66565
316,606,car,1262.137,417.82733,1307.2942,484.79828,1284.7156,451.3128
316,620,car,1312.3285,531.12177,1375.8949,605.8013,1344.1117,568.46155
316,848,car,589.39984,395.69897,695.4863,503.1577,642.4431,449.42834
316,879,car,878.3763,226.87807,923.6825,268.73734,901.0294,247.80771
316,1210,car,504.59726,361.63873,593.48016,443.0501,549.0387,402.34442
316,847,car,737.0081,356.72238,807.98096,431.969,772.4945,394.3457
316,1124,car,774.08875,199.48924,819.69183,234.6332,796.89026,217.06122
316,1205,motorcycle,681.6725,772.0208,739.768,883.5331,710.7202,827.777
316,21,truck,1307.975,410.0532,1398.5479,524.28296,1353.2615,467.1681
316,1173,person,1223.9053,581.4006,1256.4084,651.2898,1240.1569,616.3452
316,1287,truck,348.98273,606.5162,556.2997,839.1077,452.6412,722.81195
316,1139,car,646.1004,577.515,735.5154,700.10474,690.80786,638.8099
316,1158,person,1476.3164,523.995,1506.1128,587.3289,1491.2146,555.662
316,1188,car,838.8322,196.4153,876.7614,235.58005,857.7968,215.99768
316,1293,motorcycle,684.4424,800.77,738.62335,882.8985,711.53284,841.8342
316,1267,person,1248.665,518.6179,1279.5833,586.97894,1264.1241,552.79846
316,1305,car,922.32446,313.17148,963.1327,372.86322,942.7286,343.01733
316,53,truck,1564.6826,342.18954,1920.0,825.9373,1742.3413,584.0634
316,1049,person,801.8495,621.0282,844.1839,722.60547,823.0167,671.81683
317,523,car,79.06879,661.2068,282.58725,827.55927,180.82802,744.38306
317,606,car,1259.7037,414.5574,1306.4849,484.2109,1283.0942,449.38416
317,620,car,1312.9443,530.5806,1375.5347,604.2228,1344.2395,567.40173
317,848,car,586.6246,395.43042,693.78546,504.76178,640.205,450.0961
317,879,car,877.15344,226.48727,922.6324,268.58594,899.89294,247.5366
317,1210,car,501.45563,362.63306,590.8421,444.47357,546.14886,403.5533
317,847,car,736.2423,358.93573,805.90265,432.36856,771.0725,395.65216
317,1124,car,773.2068,197.81615,819.3632,233.613,796.28503,215.71457
317,21,truck,1306.281,407.77756,1400.1412,525.7289,1353.2112,466.75323
317,1173,person,1225.4384,585.9016,1257.1063,653.9729,1241.2723,619.93726
317,1287,truck,340.88086,610.6144,550.8852,846.529,445.88303,728.57166
317,1139,car,642.7112,584.9986,731.39813,706.87775,687.0547,645.9382
317,1158,person,1474.8682,521.97534,1504.2252,584.5714,1489.5466,553.2734
317,1188,car,837.6667,194.80621,876.4803,235.61353,857.0735,215.20987
317,1267,person,1249.9341,522.1784,1279.8485,587.9471,1264.8914,555.06274
317,1305,car,920.95386,312.4588,963.18787,374.2355,942.07086,343.34717
317,1310,person,818.7398,404.4764,848.9727,468.90564,833.85626,436.69104
317,1049,person,801.50494,626.90283,840.4681,718.9687,820.9865,672.9358
317,1070,car,657.56537,227.27254,722.73004,286.06818,690.1477,256.67035
317,480,person,1528.778,613.2249,1558.0493,675.5427,1543.4136,644.3838
317,947,car,1395.4669,652.5773,1504.4714,771.00476,1449.9692,711.791
318,523,car,70.0293,666.00366,273.9952,832.4412,172.01225,749.2224
318,606,car,1259.6312,413.50278,1306.4625,483.2612,1283.0469,448.382
318,620,car,1311.9937,528.85925,1375.0155,603.13074,1343.5046,565.995
318,848,car,584.4971,397.57593,691.9257,507.49033,638.2114,452.53314
318,879,car,875.96484,225.89668,921.7195,268.24835,898.84216,247.07251
318,1210,car,495.56223,361.81534,588.4726,447.02374,542.0174,404.41956
318,847,car,732.2369,358.69476,805.41345,436.16553,768.8252,397.43015
318,1124,car,770.8777,196.6941,818.32135,233.77077,794.5995,215.23244
318,21,truck,1306.0775,406.19104,1401.1364,525.45636,1353.6069,465.8237
318,1173,person,1227.1259,589.6715,1258.4825,657.264,1242.8042,623.4678
318,1287,truck,332.6672,612.23663,550.08466,857.1848,441.37592,734.7107
318,1139,car,636.40155,590.90735,728.7529,718.5044,682.5773,654.7059
318,1158,person,1473.7896,518.1507,1503.4982,581.93787,1488.6438,550.0443
318,1188,car,837.64325,194.74586,875.9994,235.29985,856.8213,215.02286
318,1267,person,1251.0009,523.3804,1280.2144,587.338,1265.6077,555.3592
318,1305,car,919.57434,311.53775,962.67847,374.51474,941.1264,343.02625
318,1310,person,816.40533,406.52795,846.6519,471.06906,831.5286,438.79852
318,1049,person,798.7664,634.77527,838.18616,726.14685,818.4763,680.46106
318,1070,car,654.5172,228.2534,720.76416,288.64514,687.6407,258.44928
318,947,car,1396.6794,655.3833,1502.9172,769.58777,1449.7983,712.48553
318,25,car,1339.6478,595.3742,1411.7003,686.9258,1375.6741,641.15
318,1205,person,673.7409,786.40515,730.9074,896.20105,702.32416,841.3031
318,1293,motorcycle,667.9201,802.7232,736.7104,908.0012,702.31525,855.3622
319,523,car,60.546005,670.0867,268.6925,840.3275,164.61926,755.2071
319,606,car,1259.5359,411.61218,1305.835,480.67383,1282.6854,446.143
319,620,car,1311.7815,528.0063,1374.8984,602.4934,1343.34,565.2499
319,848,car,583.22925,399.1608,688.8139,507.33136,636.0216,453.2461
319,879,car,874.6648,225.55304,920.34143,267.89767,897.5031,246.72536
319,1210,car,490.11246,360.92648,586.21356,449.36963,538.163,405.14807
319,847,car,729.54333,359.21045,804.93506,439.32324,767.2392,399.26685
319,1124,car,769.4449,195.69693,817.8482,233.84328,793.64655,214.77011
319,21,truck,1304.3961,403.58957,1400.5612,523.9714,1352.4786,463.78046
319,1287,truck,322.27863,618.2445,543.53845,867.6568,432.90854,742.9507
319,1139,car,632.7781,594.6237,725.55743,723.444,679.1677,659.0338
319,1158,person,1472.3226,515.64545,1502.9125,581.72253,1487.6176,548.68396
319,1188,car,836.54364,193.55626,875.5329,235.1787,856.03827,214.36748
319,1305,car,919.0141,311.1053,962.4972,374.74478,940.7556,342.92505
319,1310,person,814.30865,408.0465,845.38165,474.42578,829.84515,441.23615
319,1049,person,793.7074,640.55054,836.7765,739.67773,815.24194,690.11414
319,25,car,1340.3063,592.6772,1413.4451,684.8821,1376.8757,638.77966
319,1205,motorcycle,667.3745,797.42004,727.86414,914.0651,697.6193,855.74255
319,1109,car,742.3924,261.3972,798.8342,318.22302,770.6133,289.81012
320,523,car,51.038635,674.7797,262.28494,847.62964,156.66179,761.2047
320,606,car,1260.9315,411.9671,1305.854,478.7592,1283.3928,445.36316
320,620,car,1312.4371,527.5377,1374.4764,600.9048,1343.4568,564.22125
320,848,car,576.1059,401.5394,684.0583,512.0652,630.0821,456.8023
320,879,car,873.6717,226.09058,918.726,267.88828,896.19885,246.98943
320,1210,car,485.5467,360.64114,583.6623,451.33292,534.6045,405.98703
320,847,car,727.42554,360.5205,802.29553,440.05292,764.86053,400.2867
320,1124,car,768.4135,195.88074,815.9573,233.54803,792.1854,214.71439
320,21,truck,1303.4292,401.8959,1399.2964,521.23224,1351.3628,461.5641
320,1287,truck,315.28558,625.4552,537.84015,876.5087,426.56287,750.98193
320,1139,car,628.03613,600.45325,721.8509,731.25555,674.9435,665.8544
320,1188,car,835.2358,192.62491,874.77356,235.53508,855.00464,214.07999
320,1305,car,919.87305,312.13678,961.582,373.4178,940.72754,342.77728
320,1049,person,790.15106,646.37415,833.50366,744.03595,811.8274,695.2051
320,1205,motorcycle,667.1888,834.4004,718.3006,930.2729,692.7447,882.3367
320,1329,truck,353.51364,626.468,536.7598,771.4925,445.13672,698.9802
320,1109,car,739.9604,262.95142,796.8499,319.64328,768.40515,291.29736
320,53,truck,1561.9237,335.77646,1920.0,827.10986,1740.9619,581.4432
320,1070,car,655.73456,228.21634,717.94794,285.76215,686.84125,256.98926
321,523,car,42.087955,682.2537,252.38234,854.0598,147.23515,768.15674
321,606,car,1261.2028,411.19864,1305.2622,476.73578,1283.2324,443.96722
321,620,car,1312.7625,527.759,1374.4445,600.52466,1343.6035,564.14185
321,848,car,572.3367,402.55594,681.8511,514.7696,627.0939,458.66278
321,879,car,872.8575,226.1933,917.8267,267.86618,895.3421,247.02974
321,1210,car,482.63037,363.02768,579.86945,453.0132,531.2499,408.02045
321,847,car,725.1654,359.35873,802.2197,441.5798,763.69257,400.46927
321,1124,car,767.8051,193.82243,816.8077,233.04031,792.3064,213.43137
321,21,truck,1303.11,400.0297,1398.7113,518.2348,1350.9106,459.13226
321,1287,truck,308.69104,629.5658,533.97595,883.83026,421.3335,756.698
321,1188,car,834.03357,192.45892,874.2542,236.34555,854.1439,214.40224
321,1305,car,918.3306,313.4451,960.4006,375.36887,939.3656,344.40698
321,1109,car,739.29175,261.34827,797.3156,319.06473,768.3037,290.20648
321,1333,person,1171.331,431.7789,1194.8281,480.86963,1183.0796,456.32428
321,1070,car,653.7202,229.49127,715.5825,287.01392,684.65137,258.2526
321,25,car,1339.4269,588.909,1415.0409,684.0311,1377.2339,636.4701
322,523,car,31.152895,687.3155,247.18997,863.9884,139.17143,775.652
322,606,car,1260.2631,409.58487,1304.8274,475.67938,1282.5452,442.63214
322,620,car,1313.2772,527.1117,1374.53,599.14,1343.9036,563.12585
322,848,car,572.49615,416.48868,670.8627,516.1202,621.67944,466.30444
322,879,car,872.37036,225.714,917.7706,267.75363,895.0705,246.73383
322,1210,car,478.9299,365.3637,575.76526,454.82883,527.3476,410.09625
322,847,car,723.9952,360.20206,801.068,442.52524,762.5316,401.36365
322,1124,car,765.4816,192.96407,816.34973,234.05177,790.91565,213.50792
322,21,truck,1303.3049,399.15897,1399.5159,517.87494,1351.4104,458.51697
322,1287,truck,298.2986,631.4446,530.63306,894.496,414.46582,762.9703
322,1188,car,832.5968,192.37794,872.7882,236.5537,852.6925,214.46582
322,1305,car,917.6496,314.26285,960.1447,377.08517,938.89716,345.674
322,1109,car,738.78674,261.89447,796.7541,319.42438,767.7704,290.65942
322,1070,car,650.5154,228.54991,713.79785,287.77255,682.1566,258.16122
322,25,car,1339.9984,587.2284,1417.5911,684.0889,1378.7947,635.6587
322,1267,person,1253.5236,526.37036,1280.8097,585.9377,1267.1666,556.15405
322,947,car,1401.8411,657.1729,1489.3774,748.029,1445.6093,702.60095
322,1310,person,808.01764,415.95947,840.0985,485.12494,824.0581,450.5422
322,1139,car,626.0779,612.73334,710.55914,728.41693,668.3185,670.57513
322,1049,person,782.2005,660.72705,830.35803,769.6206,806.2793,715.1738
322,1205,motorcycle,659.87573,868.988,708.65717,958.24615,684.2665,913.61707
322,1329,truck,337.48398,631.9542,530.995,785.3365,434.2395,708.6454
322,53,truck,1561.2601,332.75894,1920.0,824.0722,1740.6301,578.4156
323,523,car,21.736116,691.5274,240.58774,870.67194,131.16193,781.0997
323,606,car,1260.5397,409.25882,1304.8352,474.93024,1282.6875,442.09454
323,620,car,1312.6434,526.52136,1374.3934,599.02075,1343.5184,562.77106
323,879,car,870.8943,224.43773,918.0719,267.9111,894.4831,246.17441
323,1210,car,473.4949,367.55795,571.25806,457.97382,522.37646,412.76587
323,847,car,722.50385,360.22433,800.6728,444.09338,761.5883,402.15887
323,1124,car,765.2222,193.96301,814.04645,233.48827,789.63434,213.72565
323,21,truck,1303.8804,397.43866,1399.5828,515.00214,1351.7316,456.2204
323,1287,truck,291.6966,638.15344,528.73206,907.4575,410.21432,772.8055
323,1188,car,831.75354,192.20691,871.105,235.79236,851.42926,213.99963
323,1109,car,736.3638,261.82547,795.40076,319.97708,765.88226,290.90128
323,1070,car,648.79144,228.74538,712.1198,287.9128,680.4556,258.3291
323,25,car,1339.7804,585.76465,1418.177,682.8593,1378.9788,634.312
323,947,car,1393.2296,631.85535,1502.94,746.2848,1448.0847,689.07007
323,1310,person,804.8181,418.49585,837.461,489.34705,821.1395,453.92145
323,1139,car,624.09656,619.62067,703.7746,726.2931,663.93555,672.9569
323,1049,person,779.8445,669.4064,827.6517,776.144,803.74805,722.77515
323,1329,truck,330.48242,639.14215,526.46484,794.6443,428.47363,716.8932
323,53,truck,1563.8365,333.14926,1920.0,819.83777,1741.9182,576.4935
324,523,car,9.84271,696.1531,233.39835,879.1725,121.62053,787.6628
324,606,car,1259.972,408.25354,1304.093,473.44925,1282.0325,440.85138
324,620,car,1313.6051,525.48676,1374.7808,597.0773,1344.1929,561.282
324,879,car,869.8732,224.24979,917.38116,267.82584,893.6272,246.03781
324,1210,car,469.79733,369.78973,569.0682,461.4203,519.43274,415.605
324,847,car,720.21436,361.85376,799.964,447.9455,760.0892,404.89963
324,1124,car,763.8128,194.88213,811.6891,233.52884,787.751,214.20547
324,21,truck,1304.1619,396.48138,1399.2949,512.86926,1351.7284,454.67532
324,1287,truck,283.3135,640.43304,525.42084,916.93555,404.3672,778.6843
324,1188,car,830.69653,192.06563,870.5815,236.50645,850.63904,214.28604
324,1109,car,734.13635,262.69946,795.1588,322.47427,764.6476,292.58685
324,1070,car,647.831,228.24469,711.2319,287.35568,679.53143,257.80017
324,25,car,1338.3503,584.3504,1416.6707,681.2952,1377.5105,632.8228
324,947,car,1392.2631,628.4072,1503.7988,744.6875,1448.031,686.54736
324,1310,person,805.1254,421.3016,836.4688,489.7445,820.7971,455.52307
324,1049,person,779.3939,678.07227,822.9936,772.8027,801.1937,725.4375
324,53,truck,1564.6703,332.67535,1920.0,817.74365,1742.3352,575.2095
324,1173,person,1236.1663,606.718,1267.9818,675.09204,1252.074,640.905
324,1333,person,1171.5062,430.42252,1196.5704,482.9323,1184.0383,456.67743
324,1305,car,918.9331,314.64734,960.95905,377.276,939.94604,345.96167
324,1267,person,1254.3317,527.8683,1283.9622,592.2284,1269.147,560.04834
325,523,car,0.0,701.89325,228.11536,890.033,114.05768,795.96313
325,606,car,1262.8263,412.00964,1304.1409,472.54153,1283.4836,442.27557
325,620,car,1313.2671,523.46246,1376.1573,596.99945,1344.7122,560.23096
325,879,car,869.1408,223.22612,917.3681,267.6131,893.25446,245.41962
325,1210,car,466.92242,371.7877,566.5455,463.70602,516.73395,417.74686
325,847,car,717.7181,365.36234,796.6027,450.79297,757.1604,408.07764
325,1124,car,760.85236,192.642,811.6469,233.81311,786.24963,213.22755
325,21,truck,1304.8727,395.42737,1401.5714,513.6526,1353.222,454.53998
325,1287,truck,273.61432,649.9104,515.2816,926.2024,394.44797,788.0564
325,1188,car,830.7299,193.90944,869.7089,236.82791,850.2194,215.36868
325,1109,car,734.63513,264.72827,794.00946,322.51794,764.32227,293.6231
325,1070,car,646.502,228.85681,710.19495,288.5,678.3485,258.6784
325,25,car,1339.0734,584.6194,1417.108,681.3057,1378.0907,632.9625
325,947,car,1391.8182,624.10345,1505.1932,742.4411,1448.5057,683.2723
325,1310,person,804.8995,426.52756,835.47284,494.04865,820.18616,460.2881
325,53,truck,1568.3148,339.03134,1919.4761,817.64575,1743.8955,578.33856
325,1173,person,1238.162,610.36725,1269.9694,678.6805,1254.0657,644.52386
325,1333,person,1171.7449,431.82986,1197.0513,484.9946,1184.3981,458.41223
325,1305,car,918.1656,314.761,960.1404,377.5344,939.15295,346.1477
325,1267,person,1254.6835,527.28253,1285.3057,593.4478,1269.9946,560.3652
325,848,car,559.2154,410.88382,670.82635,524.28534,615.0209,467.5846
326,523,car,0.0,708.9217,223.47708,898.441,111.73854,803.68134
326,606,car,1260.8021,406.41428,1305.1838,471.63696,1282.9929,439.02563
326,620,car,1314.057,524.65204,1376.0045,597.09503,1345.0308,560.87354
326,879,car,868.03107,222.71939,917.00684,268.12738,892.5189,245.42339
326,1210,car,461.57944,372.1786,563.2541,466.2299,512.41675,419.20422
326,847,car,716.0039,368.89612,793.5392,452.78445,754.77155,410.84027
326,1124,car,759.9262,193.87654,809.93866,234.14302,784.93243,214.00978
326,21,truck,1305.1353,393.79843,1402.1874,512.9728,1353.6614,453.38562
326,1287,truck,264.87106,657.65094,507.9206,935.4721,386.3958,796.5615
326,1188,car,831.2379,194.67719,870.05206,236.6508,850.645,215.664
326,1109,car,732.98083,264.31793,793.5867,323.09497,763.28375,293.70645
326,1070,car,646.519,228.67114,709.4898,287.8949,678.0044,258.28302
326,25,car,1341.9403,584.9708,1420.1746,682.9595,1381.0574,633.96515
326,947,car,1390.6108,622.1629,1510.0658,747.9668,1450.3384,685.0648
326,1310,person,803.48065,428.81094,835.32837,499.5187,819.40454,464.16483
326,1173,person,1238.1598,611.8665,1270.5369,682.1081,1254.3484,646.9873
326,1305,car,917.97217,316.02353,959.6312,378.4163,938.8017,347.2199
326,1360,person,225.87018,971.75824,295.80136,1079.5197,260.83575,1025.6389
326,1368,car,1327.1289,448.84607,1401.907,513.95996,1364.518,481.403
326,848,car,557.1555,411.3447,669.75146,525.7041,613.4535,468.5244
326,1329,truck,304.74216,659.9399,506.56503,820.12006,405.6536,740.02997
327,523,car,0.0,715.4096,218.22607,905.47614,109.11304,810.4429
327,606,car,1262.1628,406.47787,1306.0945,471.20065,1284.1287,438.83926
327,620,car,1313.4327,522.5811,1376.8538,596.8545,1345.1433,559.7178
327,879,car,867.9163,222.76865,916.549,267.9556,892.23267,245.36212
327,1210,car,456.5141,373.31903,558.33453,467.52322,507.42432,420.42114
327,847,car,714.4208,370.60007,792.7302,455.48297,753.5755,413.0415
327,1124,car,758.90643,195.02603,807.08844,233.79872,782.99744,214.41238
327,21,truck,1306.274,393.74088,1400.3405,509.0822,1353.3073,451.41156
327,1287,truck,257.76758,664.76794,501.71677,943.6673,379.7422,804.21765
327,1188,car,830.47797,192.76387,870.6924,236.32277,850.5852,214.54332
327,1109,car,732.1162,263.12003,794.15497,323.4967,763.1356,293.30835
327,25,car,1341.3461,584.1918,1419.3837,683.3045,1380.3649,633.74817
327,947,car,1393.4026,636.26434,1502.216,750.7637,1447.8093,693.51404
327,1173,person,1239.0983,613.42676,1271.0132,682.8295,1255.0557,648.1282
327,1305,car,916.56,317.18295,958.296,379.0216,937.428,348.1023
327,848,car,552.76733,413.79868,667.13293,529.7165,609.95013,471.75757
328,523,car,0.0,720.0429,215.60794,915.75885,107.80397,817.9009
328,606,car,1260.9004,403.0071,1306.1674,469.92004,1283.5339,436.46356
328,620,car,1314.1039,521.8639,1377.2559,596.2658,1345.6799,559.0648
328,879,car,866.8299,222.33647,915.989,268.1919,891.4094,245.26419
328,1210,car,452.27484,374.542,555.28613,469.8988,503.7805,422.2204
328,847,car,711.126,372.8901,790.1499,458.8001,750.63794,415.8451
328,1124,car,756.50946,194.55612,805.8531,234.43698,781.1813,214.49655
328,21,truck,1306.3323,391.36127,1401.6886,509.05716,1354.0105,450.20923
328,1287,truck,252.52127,676.18945,496.05304,953.96704,374.28717,815.07825
328,1188,car,828.6891,192.09557,869.4564,236.472,849.07275,214.28378
328,1109,car,730.77325,263.19376,793.0301,324.04388,761.9017,293.61884
328,25,car,1343.1481,584.6808,1418.7515,682.0212,1380.9497,633.35095
328,947,car,1394.2058,630.39856,1501.3993,743.15625,1447.8025,686.7774
328,1173,person,1238.9895,614.1613,1271.7974,686.07465,1255.3934,650.118
328,1305,car,914.8835,317.7993,958.40186,382.2413,936.6427,350.0203
328,848,car,548.83154,412.84958,667.2908,533.1298,608.06116,472.9897
328,1376,truck,552.58496,411.96313,668.5837,531.15686,610.58435,471.56
328,1049,person,764.6559,714.9005,815.28485,823.3409,789.97034,769.1207
328,1070,car,643.7611,227.56708,707.79956,288.45975,675.78033,258.01343
328,1310,person,796.1858,434.28503,830.36804,510.07565,813.2769,472.18036
329,523,car,0.0,726.5682,210.67642,924.75116,105.33821,825.65967
329,606,car,1261.6951,401.41144,1307.1609,469.07355,1284.428,435.2425
329,620,car,1314.7863,521.9827,1376.6934,595.05914,1345.7397,558.52094
329,879,car,865.0468,221.06068,915.3423,268.59094,890.1946,244.8258
329,1210,car,447.557,375.33145,552.44305,472.58807,500.00003,423.95978
329,847,truck,708.48596,373.5399,790.13715,462.69406,749.3115,418.11697
329,1124,car,755.55853,194.22694,804.66254,234.08101,780.11053,214.15398
329,21,truck,1307.6863,392.03787,1401.1578,507.34088,1354.4221,449.6894
329,1287,truck,241.47,679.40533,491.12473,964.8323,366.29736,822.1188
329,1188,car,827.8486,192.61053,867.5261,235.97781,847.6874,214.29417
329,1109,car,730.29156,261.95837,792.7754,323.6272,761.53345,292.7928
329,25,car,1342.3898,583.5018,1418.3463,681.4525,1380.368,632.4772
329,947,car,1393.1559,626.8584,1506.6329,747.4007,1449.8944,687.1295
329,1173,person,1239.9181,615.0989,1274.4186,690.85986,1257.1683,652.9794
329,1305,car,914.4284,319.26355,957.64374,383.1288,936.0361,351.19617
329,848,car,544.2099,414.8438,664.4484,537.1657,604.32916,476.00476
329,1376,truck,548.30493,413.59506,665.7703,534.26154,607.0376,473.92828
329,1381,car,578.9389,658.613,693.24805,814.89276,636.0935,736.75287
329,1310,person,794.1035,439.08768,827.8121,514.14105,810.95776,476.61438
330,523,truck,0.0,733.43243,208.17992,936.4331,104.08996,834.93274
330,606,car,1263.4072,404.61108,1305.7449,467.07303,1284.576,435.84204
330,620,car,1314.7202,520.0781,1377.2695,594.2225,1345.9949,557.15027
330,879,car,863.91266,220.32251,914.877,269.01566,889.39484,244.66908
330,1210,car,442.92136,377.4143,549.1165,476.34476,496.01892,426.87952
330,847,car,707.23206,375.76025,789.00916,465.16058,748.1206,420.46042
330,1124,car,754.4463,193.4037,804.164,233.96878,779.3052,213.68625
330,21,truck,1307.4214,390.1193,1401.1652,505.69775,1354.2932,447.9085
330,1287,truck,230.08133,683.4883,485.1022,975.5596,357.59177,829.5239
330,1188,car,828.0701,192.85484,866.87384,235.38846,847.472,214.12164
330,25,car,1341.7734,582.2768,1416.6656,678.76025,1379.2195,630.51855
330,947,car,1395.1654,633.50275,1504.7625,749.97015,1449.9639,691.73645
330,1381,truck,578.0062,666.98444,688.41095,818.08307,633.2086,742.53375
330,1310,person,793.01544,443.7806,825.94574,517.26666,809.4806,480.52362
331,523,car,0.0,740.01434,202.74554,945.2847,101.37277,842.64954
331,606,car,1262.3961,400.4202,1306.5927,465.90567,1284.4944,433.16293
331,620,car,1313.3892,516.76874,1377.071,592.9568,1345.2301,554.8628
331,879,car,863.20074,219.67834,914.4804,268.91745,888.8406,244.2979
331,1210,car,440.93576,380.979,545.13135,478.21014,493.03357,429.59457
331,847,car,707.01715,381.57,784.7197,466.3682,745.8684,423.96912
331,1124,car,754.2421,194.0883,803.35364,234.26286,778.79785,214.17558
331,21,truck,1308.3235,389.18378,1401.4545,504.3696,1354.8889,446.77667
331,1287,truck,219.13141,690.67004,479.92206,989.38165,349.52673,840.0259
331,1188,car,827.2949,193.30968,866.1213,235.67873,846.7081,214.4942
331,25,car,1342.2179,582.78955,1413.9941,674.16547,1378.106,628.47754
331,947,car,1396.0653,635.6671,1505.0015,751.5515,1450.5334,693.6093
331,1381,car,578.96173,673.2935,679.2509,810.36487,629.1063,741.8292
331,1391,truck,578.31635,673.5648,678.06866,812.8662,628.1925,743.2155
331,1333,person,1175.7294,436.13156,1201.3004,490.20715,1188.5149,463.16937
331,1267,person,1260.8468,531.8302,1291.2396,596.66864,1276.0432,564.2494
331,1109,car,728.5465,261.3837,792.9699,325.2942,760.7582,293.33893
331,1173,person,1242.6758,620.66144,1277.7979,696.8842,1260.2368,658.7728
331,848,truck,534.3826,414.13895,660.38,543.3642,597.38135,478.7516
332,523,car,0.0,746.12866,199.45094,958.65314,99.72547,852.39087
332,606,car,1263.1477,400.9396,1306.7928,465.37045,1284.9702,433.15503
332,620,car,1312.9222,516.29254,1377.0142,593.5827,1344.9683,554.9376
332,879,car,862.8253,218.85434,914.5134,269.1328,888.6694,243.99358
332,1210,car,437.3323,385.4425,540.4699,481.2112,488.90112,433.32684
332,847,car,706.05396,384.31387,782.90234,468.1514,744.47815,426.23264
332,1124,car,753.615,195.00111,802.1885,234.8549,777.90173,214.92801
332,21,truck,1307.2848,387.6381,1400.7498,503.2829,1354.0173,445.4605
332,1287,truck,210.49678,700.57635,474.21677,1002.63586,342.35678,851.6061
332,1188,car,826.0451,193.54454,864.72345,235.81256,845.3843,214.67856
332,25,car,1342.2783,583.0207,1414.9519,675.14124,1378.6151,629.08093
332,947,car,1396.2847,637.07214,1502.8462,750.6455,1449.5654,693.8588
332,1381,car,566.7909,683.1916,678.7336,836.7067,622.7622,759.94916
332,1391,truck,566.2502,680.3227,680.26495,839.8362,623.25757,760.07947
332,1109,car,726.5886,261.058,792.0082,326.92932,759.2984,293.99365
332,1173,person,1244.0488,624.0496,1278.7645,699.3452,1261.4067,661.6974
332,848,truck,530.01373,417.1586,656.3784,547.23566,593.19604,482.19714
332,1049,person,749.68195,754.5225,802.91876,869.126,776.30035,811.8242
333,523,car,0.0,753.8545,192.02005,965.00653,96.010025,859.43054
333,606,car,1258.2567,393.28635,1306.0237,463.51974,1282.1401,428.40305
333,620,car,1312.3955,515.23755,1376.0233,592.4886,1344.2095,553.86304
333,879,car,862.23126,218.1591,914.4315,269.60028,888.3314,243.8797
333,1210,car,431.34006,386.4899,537.3254,484.6109,484.3327,435.5504
333,847,car,705.0479,385.9423,781.8157,469.91556,743.43176,427.92892
333,1124,car,751.7467,193.7837,801.7949,235.32173,776.7708,214.55272
333,21,truck,1306.8623,386.21667,1400.5653,502.27176,1353.7139,444.2442
333,1287,truck,197.63374,708.54297,466.23956,1016.5039,331.93665,862.52344
333,1188,car,824.921,193.10718,864.4207,236.2843,844.6709,214.69574
333,947,motorcycle,1398.8057,643.3622,1500.2494,751.6573,1449.5276,697.50977
333,1381,truck,561.82355,692.08954,674.3747,846.6989,618.0991,769.3942
333,1173,person,1245.5085,627.648,1280.8792,704.7176,1263.1938,666.1828
333,848,truck,524.3483,417.70963,653.8122,551.24817,589.08026,484.47888
333,53,truck,1558.9199,315.2534,1917.9668,803.9939,1738.4434,559.62366
333,1333,person,1178.5057,439.62756,1202.8019,491.11057,1190.6538,465.36908
334,523,car,0.0,761.3368,184.52177,972.4162,92.26089,866.87646
334,620,car,1313.1388,513.96954,1376.0061,590.78674,1344.5725,552.3782
334,879,car,862.1145,217.95445,914.4222,270.21252,888.2683,244.0835
334,1210,car,425.84015,388.72958,533.9247,488.72302,479.88242,438.72632
334,847,car,702.91064,387.78052,781.0122,473.4186,741.9614,430.59955
334,1124,car,751.50336,194.13435,801.04144,235.5504,776.2724,214.84238
334,21,truck,1308.971,385.7135,1402.5565,502.31494,1355.7637,444.01422
334,1287,truck,188.9367,718.7298,460.9612,1030.7533,324.94897,874.7416
334,1188,car,825.40497,193.98749,865.11206,236.94518,845.25854,215.46634
334,947,car,1399.4319,642.9302,1499.2911,749.88794,1449.3616,696.40906
334,1381,truck,555.0204,702.88715,671.23096,862.9304,613.1257,782.9088
334,1173,person,1247.348,633.47876,1281.0378,706.81586,1264.1929,670.14734
334,53,truck,1561.7827,320.49652,1919.0352,806.70435,1740.4089,563.60046
334,1333,person,1179.8937,441.12344,1204.1262,491.96704,1192.01,466.54523
334,1070,car,623.1365,226.90952,693.8945,293.4939,658.5155,260.20172
334,25,car,1341.9375,581.81744,1414.5132,673.38367,1378.2253,627.6006
334,1049,person,741.7847,777.1092,797.9321,897.283,769.8584,837.1961
335,523,car,0.0,768.6351,178.85469,984.04083,89.427345,876.33795
335,620,car,1314.7845,513.42456,1377.3456,589.99457,1346.0651,551.7096
335,879,car,861.8101,218.34854,913.57263,270.6259,887.6914,244.48721
335,1210,car,421.99274,390.92105,529.6746,490.3527,475.83368,440.63687
335,847,car,700.9457,388.92368,779.74835,475.40964,740.34705,432.16666
335,1124,car,750.3519,194.06833,799.515,235.50346,774.9335,214.78589
335,21,truck,1306.5173,383.38263,1402.1017,502.43854,1354.3096,442.91058
335,1287,truck,178.92313,726.74457,454.76776,1042.7129,316.84546,884.72876
335,1188,car,823.33435,193.38026,864.2528,237.34123,843.7936,215.36075
335,947,car,1398.7083,640.87933,1499.0428,748.8555,1448.8755,694.86743
335,1381,truck,551.8488,709.4053,665.389,865.5742,608.6189,787.48975
335,1173,motorcycle,1249.722,639.106,1284.6141,713.30914,1267.1681,676.2076
335,53,truck,1558.2124,319.45938,1918.5137,809.45795,1738.363,564.4587
335,1405,truck,0.0,768.9222,152.57997,982.402,76.289986,875.6621
335,1070,car,615.26764,228.60797,688.26465,295.459,651.7661,262.0335
335,25,car,1339.8998,575.2412,1417.5339,673.01227,1378.7168,624.1267
335,1049,person,738.71436,789.2922,794.0681,906.1436,766.39124,847.7179
335,1329,truck,228.86795,729.0841,453.51874,906.8196,341.19336,817.95184
335,1305,car,910.6423,324.4703,957.972,394.353,934.3071,359.41165
335,1109,car,725.2728,264.83563,788.9585,329.20215,757.11566,297.0189
335,606,car,1254.8835,386.38098,1305.2981,460.54703,1280.0908,423.464
335,848,truck,525.4814,423.00302,651.8566,554.5539,588.669,488.77844
336,620,car,1315.2944,512.8254,1376.79,588.0091,1346.0422,550.41724
336,879,car,862.03644,219.0223,913.7275,271.95816,887.88196,245.49023
336,1210,car,418.89648,392.79648,526.70856,492.2983,472.80252,442.5474
336,847,car,698.5017,390.68442,778.422,478.7896,738.46185,434.737
336,1124,car,748.03784,192.48405,797.87054,234.9902,772.9542,213.73712
336,21,truck,1306.3184,381.7761,1400.7595,499.37393,1353.539,440.575
336,1287,truck,166.39973,731.7476,448.85184,1055.5576,307.6258,893.6526
336,947,car,1398.7577,639.4771,1500.5947,749.16736,1449.6763,694.32227
336,1381,truck,547.1942,718.0629,654.20874,864.2887,600.7015,791.1758
336,1173,motorcycle,1251.566,642.769,1287.3547,718.0771,1269.4604,680.42303
336,53,truck,1560.7615,320.7382,1918.243,806.18536,1739.5022,563.4618
336,1405,car,0.0,775.2992,148.66681,988.5745,74.333405,881.9369
336,1070,car,611.8995,229.45842,686.66626,296.82193,649.28284,263.14017
336,25,car,1339.5898,573.3243,1419.9932,674.22394,1379.7915,623.7741
336,1049,person,733.6239,800.9465,792.76843,925.7915,763.19617,863.369
336,1412,motorcycle,1347.4365,670.5407,1388.8856,743.17145,1368.1611,706.8561
336,1329,truck,217.98634,733.1453,445.7748,912.4709,331.88058,822.8081
336,1305,car,911.00275,325.65753,957.76807,394.63397,934.3854,360.14575
336,1109,car,723.9282,266.35223,787.51794,330.66187,755.7231,298.50705
336,848,truck,517.94226,423.4961,648.5059,560.1602,583.2241,491.82816
336,1333,person,1181.0443,444.62283,1205.1616,495.2621,1193.103,469.94244
337,620,car,1315.6327,512.7229,1376.2493,586.7132,1345.9409,549.718
337,879,car,861.6304,219.40305,913.8793,273.7431,887.7548,246.57307
337,1210,car,414.35513,395.38995,523.7854,496.4593,469.07025,445.92462
337,847,car,694.63806,391.9778,777.321,483.1098,735.9795,437.54382
337,1124,car,747.52545,192.78069,797.0237,235.3953,772.27454,214.08798
337,21,truck,1304.7388,379.62946,1400.6785,499.46216,1352.7086,439.5458
337,1287,truck,155.08244,740.72186,441.34082,1069.3446,298.21164,905.0332
337,1381,truck,536.8362,730.1407,654.57153,891.9615,595.70386,811.0511
337,1405,car,0.0,782.3373,144.71153,998.31415,72.35577,890.3257
337,1070,car,610.0553,230.06169,685.98,297.47153,648.01764,263.7666
337,25,car,1340.764,574.6985,1419.8594,673.90704,1380.3118,624.30273
337,1412,motorcycle,1348.7423,670.4376,1391.5255,745.348,1370.1339,707.8928
337,1329,truck,212.41638,741.76074,440.7181,921.15173,326.56726,831.45624
337,1305,car,911.5332,327.02722,957.7071,395.08087,934.6201,361.05405
337,848,truck,514.3864,425.29703,644.8753,562.25323,579.63086,493.77515
337,606,car,1255.8502,381.2913,1307.1365,457.69336,1281.4934,419.4923
338,620,car,1316.606,512.2686,1377.3688,586.13074,1346.9873,549.1997
338,879,car,860.2414,220.2315,912.4387,275.15106,886.3401,247.69128
338,1210,car,408.123,396.1248,520.4131,499.65393,464.26804,447.88934
338,847,car,692.5207,393.36093,776.15674,485.32703,734.33875,439.344
338,1124,car,745.8043,192.39087,795.60004,235.61067,770.70215,214.00076
338,21,truck,1303.9084,379.23322,1399.8145,498.41095,1351.8615,438.82208
338,1287,truck,150.38303,748.12256,438.32977,1079.5469,294.35638,913.8347
338,1381,truck,533.22174,740.5784,650.6783,901.8909,591.95,821.2347
338,1405,car,0.0,788.3968,138.5892,1003.8157,69.2946,896.1062
338,1070,car,602.9344,230.7431,680.4484,297.68805,641.6914,264.21558
338,1412,motorcycle,1350.5964,672.6765,1391.8839,744.8916,1371.2402,708.78406
338,1329,truck,199.70578,749.9273,437.00928,936.63477,318.35754,843.281
338,1305,car,911.48035,326.47485,958.1743,395.3602,934.82733,360.91754
338,848,truck,511.3208,427.63608,642.8853,566.73486,577.103,497.1855
338,606,car,1256.069,379.07098,1307.0327,455.28464,1281.5508,417.1778
338,947,car,1400.38,640.6389,1500.8011,748.92267,1450.5906,694.78076
338,1173,motorcycle,1252.9802,645.0984,1293.0062,729.24304,1272.9932,687.1707
338,53,truck,1559.3701,315.276,1918.1606,802.0754,1738.7654,558.67566
338,1049,person,729.1722,826.1404,782.47107,936.8578,755.82166,881.4991
338,1109,car,719.5779,269.48956,781.5618,332.0764,750.5698,300.78296
339,620,car,1316.5378,511.54886,1376.9121,584.8256,1346.725,548.18726
339,879,car,858.81616,220.47452,909.9976,274.68112,884.40686,247.57782
339,1210,car,402.61252,396.89096,516.5573,501.89725,459.5849,449.3941
339,847,car,689.4974,395.2631,775.07025,489.11188,732.2838,442.1875
339,1124,car,745.02203,192.02968,795.0163,235.85542,770.01917,213.94255
339,21,truck,1303.098,377.29004,1398.579,495.1642,1350.8385,436.2271
339,1287,truck,139.03973,754.6573,426.13495,1080.0,282.58734,917.3286
339,1381,truck,524.87683,749.49426,646.29944,916.30334,585.58813,832.8988
339,1405,car,0.0,795.32623,129.01404,999.9984,64.50702,897.66235
339,1070,car,604.78973,229.77644,684.64,298.3232,644.71484,264.04984
339,1412,motorcycle,1354.4739,684.1306,1389.9506,745.5072,1372.2122,714.8189
339,1329,truck,184.49289,757.8486,432.31476,953.21564,308.4038,855.5321
339,1305,car,911.00165,325.52423,958.83057,395.82446,934.91614,360.67435
339,848,truck,506.99625,434.76044,635.62317,570.8761,571.3097,502.81827
339,606,car,1257.8818,380.44022,1306.4058,453.2506,1282.1438,416.8454
339,1426,person,810.1986,565.05444,849.48065,653.6833,829.8396,609.3689
339,947,car,1400.6753,639.91833,1500.1914,747.331,1450.4333,693.62463
339,1173,person,1254.9098,646.7981,1295.6978,733.1572,1275.3037,689.97766
339,1049,person,725.2162,853.43787,778.80786,964.85767,752.012,909.14777
339,1109,car,718.6236,268.69757,782.4142,332.77692,750.5189,300.73724
339,1267,person,1268.177,540.59796,1300.6008,610.45685,1284.3889,575.5274
339,1333,person,1183.2596,445.43253,1209.2487,499.6198,1196.2542,472.52618
339,25,car,1339.5951,570.41235,1420.7483,672.30334,1380.1716,621.35785
340,620,car,1315.8727,509.71927,1376.7325,583.9354,1346.3026,546.82733
340,879,car,857.2476,220.2172,908.3342,274.38382,882.7909,247.3005
340,1210,car,397.28204,399.26666,512.47314,505.50092,454.8776,452.3838
340,847,car,687.7825,398.76834,772.9137,491.7838,730.3481,445.27606
340,1124,car,743.5072,192.26175,793.4309,236.33281,768.46906,214.29727
340,21,truck,1302.1594,375.70197,1398.0591,493.45834,1350.1093,434.58014
340,1287,truck,132.57817,763.96954,413.244,1080.0,272.91107,921.98474
340,1381,car,515.23944,758.49255,644.4235,936.9239,579.8315,847.70825
340,1405,car,0.0,804.7045,117.83341,991.6218,58.916706,898.1632
340,1070,car,609.3066,229.43701,688.48535,298.60904,648.896,264.023
340,1329,truck,172.47827,765.37305,426.295,965.7014,299.38666,865.53723
340,1305,car,909.8745,326.06424,958.5968,396.948,934.23566,361.5061
340,848,truck,501.90527,437.62662,631.2752,575.11084,566.5902,506.3687
340,606,car,1257.2935,378.53894,1305.8568,451.6757,1281.5752,415.1073
340,1426,person,811.0146,569.0805,845.5239,646.53436,828.2693,607.80743
340,1173,person,1257.6542,652.3228,1296.9485,736.14557,1277.3013,694.2342
340,1049,person,717.3155,856.0488,778.26654,984.04004,747.791,920.04443
340,1109,car,716.7224,268.8077,780.97797,333.60056,748.8502,301.20413
340,25,car,1341.1653,569.8177,1417.8833,665.3594,1379.5243,617.5885
340,1310,person,769.4071,481.98718,808.89764,570.60925,789.15234,526.2982
340,53,train,1562.6473,314.12836,1919.2183,798.1203,1740.9329,556.1243
341,620,car,1316.0645,508.84958,1377.305,583.44403,1346.6848,546.1468
341,879,car,856.42834,219.72122,908.13196,274.58054,882.28015,247.15088
341,1210,car,392.64178,401.3759,510.18365,510.68527,451.41272,456.03058
341,847,car,684.7079,401.11798,771.9559,496.62955,728.3319,448.87378
341,1124,car,743.38776,192.32626,792.7409,236.0631,768.06433,214.19467
341,21,truck,1302.5635,373.50052,1398.8118,491.55542,1350.6876,432.52795
341,1381,car,505.8498,770.6456,639.1311,955.99615,572.4905,863.3209
341,1405,car,0.0,813.7243,108.88979,989.5169,54.444897,901.6206
341,1070,car,604.3433,229.92674,684.0728,298.6002,644.20807,264.26346
341,1329,truck,157.0462,774.0694,420.9221,983.30975,288.98413,878.6896
341,1305,car,908.8196,328.07092,957.0558,397.91663,932.9377,362.99377
341,848,truck,497.394,438.99048,631.0845,581.3339,564.23926,510.1622
341,606,car,1257.8708,377.6622,1306.6227,451.53525,1282.2468,414.59872
341,1173,person,1259.1638,656.05975,1298.0677,740.14886,1278.6157,698.1043
341,1049,person,712.6515,865.77716,772.9412,991.67706,742.7964,928.7271
341,1109,car,715.49274,269.91925,780.703,335.67786,748.0979,302.79855
341,25,car,1342.0385,569.2974,1417.973,663.2664,1380.0057,616.2819
341,1310,person,766.21265,488.4495,805.09564,576.78687,785.6542,532.61816
341,1412,motorcycle,1358.997,685.5296,1393.2054,744.15027,1376.1012,714.83997
341,947,car,1402.534,640.8774,1499.457,745.3704,1450.9956,693.1239
342,620,car,1316.731,508.21872,1377.584,582.20465,1347.1575,545.2117
342,879,car,854.95575,218.95956,907.49176,274.5481,881.22375,246.75383
342,1210,car,386.59128,402.7033,506.12363,514.19666,446.35745,458.44998
342,847,car,681.65894,402.85764,771.0221,501.10825,726.3405,451.98294
342,1124,car,743.1657,192.10046,791.91833,235.24294,767.542,213.67169
342,21,truck,1303.0034,373.0869,1399.2598,490.78427,1351.1316,431.9356
342,1381,truck,504.68448,779.9049,628.0027,950.01324,566.34357,864.9591
342,1405,car,0.0,821.31805,98.368935,986.2216,49.184467,903.76984
342,1070,car,602.4809,225.79701,686.6546,298.97375,644.56775,262.38538
342,1329,truck,142.02066,778.66345,416.98288,998.3817,279.50177,888.5226
342,1305,car,908.2812,328.72595,957.4793,399.44043,932.88025,364.0832
342,848,truck,494.59937,440.85742,628.11,583.1967,561.3547,512.0271
342,606,car,1259.1725,379.3845,1306.153,450.60275,1282.6627,414.99362
342,1173,person,1260.5873,659.7467,1299.1816,743.8691,1279.8845,701.80786
342,1109,car,713.2933,269.2948,780.4433,337.4234,746.8683,303.3591
342,25,car,1343.5419,568.17755,1418.0574,659.3543,1380.7996,613.7659
342,1310,person,763.0335,493.99222,802.17804,582.69543,782.6058,538.3438
342,1267,person,1270.8708,544.7001,1303.4768,614.5978,1287.1738,579.6489
342,1287,truck,132.8812,778.6459,404.63745,1080.0,268.75934,929.32294
342,53,train,1564.5298,310.6809,1920.0,794.2099,1742.2649,552.44543
343,620,car,1316.2706,507.24588,1378.213,582.9196,1347.2418,545.08276
343,879,car,853.6263,218.4098,906.17773,273.72635,879.902,246.06808
343,1210,car,381.89246,405.9282,500.71295,516.59076,441.3027,461.25946
343,847,car,679.25696,403.83588,770.42285,504.26746,724.8399,454.05167
343,1124,car,741.36743,191.65828,790.9873,235.30795,766.17737,213.48312
343,21,truck,1303.1029,372.49753,1400.1508,491.02078,1351.6268,431.75916
343,1381,truck,497.0109,791.58905,620.97894,961.583,558.99493,876.58606
343,1405,car,0.0,831.25366,87.39652,982.6928,43.69826,906.97327
343,1070,car,602.6763,226.92859,685.42896,299.4315,644.0526,263.18005
343,1329,truck,130.67863,787.46375,411.08463,1013.2158,270.88162,900.3398
343,1305,truck,909.3837,331.3974,957.2407,399.89648,933.31226,365.64694
343,848,truck,491.39893,443.72903,624.437,585.29865,557.91797,514.51385
343,606,car,1261.8905,382.06644,1306.6594,449.92828,1284.2749,415.99738
343,1173,person,1262.5463,663.3672,1300.4725,746.1582,1281.5094,704.7627
343,1109,car,711.1009,270.53128,780.04297,340.9955,745.5719,305.7634
343,25,car,1344.4567,566.499,1419.8478,657.8166,1382.1522,612.15784
343,1310,person,760.91644,499.0609,799.7742,587.1849,780.34534,543.1229
343,1448,motorcycle,761.54626,503.7871,800.2868,589.6515,780.9165,546.7193
343,1049,person,706.6731,893.89575,759.96704,1002.7893,733.32007,948.3425
343,947,car,1402.6428,639.45593,1498.5997,742.49603,1450.6213,690.97595
344,620,car,1315.4352,505.8493,1379.0154,583.99866,1347.2253,544.92395
344,879,car,852.218,219.18427,905.98804,275.8232,879.103,247.50374
344,1210,car,375.9838,408.71027,497.09723,521.34375,436.54053,465.027
344,847,car,676.2422,405.6517,768.0616,507.15805,722.15186,456.40488
344,1124,car,738.5978,192.51141,787.8727,235.7571,763.2352,214.13425
344,21,truck,1303.8549,371.46414,1400.5854,489.5565,1352.2202,430.5103
344,1381,truck,491.37762,801.16205,614.80396,969.4533,553.0908,885.3077
344,1405,car,0.0,839.1056,78.586494,981.5839,39.293247,910.3447
344,1305,car,907.93854,331.43103,956.92786,401.55756,932.4332,366.4943
344,848,truck,488.55005,449.1979,620.094,588.85077,554.322,519.02435
344,606,car,1259.095,374.6193,1307.7771,448.91147,1283.436,411.76538
344,1173,person,1264.1823,668.2801,1301.665,750.06647,1282.9236,709.1733
344,1109,car,708.28656,270.3026,778.26965,342.00388,743.2781,306.15326
344,25,car,1344.9576,566.2024,1420.1221,656.3339,1382.5398,611.2682
344,1310,motorcycle,757.9304,503.81516,797.6532,594.27954,777.7918,549.04736
344,1448,person,759.32513,503.0398,799.135,591.2509,779.2301,547.1454
344,1452,person,797.80035,590.6512,848.87787,683.15955,823.3391,636.9054
344,1158,person,1461.1958,476.5994,1485.9666,526.11414,1473.5812,501.35675
344,1333,person,1189.955,452.31845,1216.9756,508.70337,1203.4653,480.51093
344,1267,car,1272.5211,548.563,1304.5074,615.7653,1288.5143,582.1642
344,1287,truck,136.47246,795.7213,384.13046,1069.5516,260.30145,932.6365
344,53,train,1561.447,307.97443,1917.7352,791.3245,1739.5911,549.6495
345,620,car,1315.5048,504.718,1377.9028,581.5112,1346.7039,543.1146
345,879,car,852.01135,219.6807,905.7214,276.3983,878.86633,248.03949
345,1210,car,371.04102,411.58237,493.02493,525.00507,432.03296,468.2937
345,847,truck,673.33795,408.12723,766.0089,510.8717,719.67346,459.49945
345,1124,car,735.9828,192.60458,787.18304,237.50635,761.5829,215.05547
345,21,car,1309.4902,372.70554,1402.687,487.59918,1356.0886,430.15234
345,1405,car,0.0,847.84235,68.8248,979.3391,34.4124,913.5907
345,848,car,481.4742,449.56842,617.86566,593.64984,549.6699,521.60913
345,606,car,1258.631,371.16553,1308.6624,448.2005,1283.6467,409.683
345,1173,person,1265.325,670.97473,1303.3539,754.0916,1284.3394,712.5332
345,1109,car,706.0017,272.66705,776.7625,345.55637,741.3821,309.1117
345,25,car,1344.477,564.90063,1420.8279,655.4904,1382.6525,610.19556
345,1310,motorcycle,755.35004,518.82806,792.43396,601.9339,773.89197,560.381
345,1448,person,756.72925,506.2254,796.6015,594.75024,776.6654,550.4878
345,1452,person,794.5987,597.82416,848.7834,696.2302,821.69104,647.0272
345,1457,motorcycle,796.02185,640.6883,839.8737,714.9865,817.94775,677.8374
345,1461,truck,1307.2052,371.32483,1398.6025,487.76123,1352.9038,429.54303
345,1333,person,1190.4651,452.95572,1217.4015,509.9303,1203.9333,481.443
345,1287,truck,127.13852,805.15546,376.83444,1077.7241,251.98648,941.4398
345,947,car,1402.4541,638.95825,1498.1464,741.12555,1450.3003,690.0419
346,620,car,1316.289,503.50452,1378.4572,580.1463,1347.373,541.82544
346,879,car,851.5218,219.746,905.57495,276.7842,878.54834,248.2651
346,1210,car,366.55533,413.93182,489.05804,528.1771,427.8067,471.05447
346,847,car,671.8638,411.44775,763.97845,513.8318,717.92114,462.63977
346,1124,car,734.19574,192.01517,787.0881,238.4858,760.6419,215.25049
346,21,car,1311.3239,370.8765,1403.4364,485.74167,1357.3801,428.30908
346,1405,car,0.0,858.7164,58.72018,979.1913,29.36009,918.95386
346,848,car,475.50977,451.31183,614.6969,597.9492,545.10333,524.6305
346,606,car,1255.6704,367.67593,1306.7943,446.1278,1281.2324,406.90186
346,1173,person,1266.064,673.2771,1305.0321,759.0383,1285.5481,716.1577
346,1109,car,704.1459,272.44028,776.348,347.20123,740.24695,309.82074
346,25,car,1342.9835,563.8471,1419.6206,654.15454,1381.302,609.00085
346,1310,motorcycle,751.6097,519.7486,791.16724,608.60675,771.3884,564.1777
346,1448,person,752.48724,513.4157,793.33826,604.1175,772.9127,558.7666
346,1457,motorcycle,794.5622,649.985,838.26196,723.8153,816.4121,686.90015
346,1461,truck,1306.2855,369.50162,1397.3309,485.31314,1351.8082,427.40738
346,1333,person,1190.4443,453.97324,1217.4823,511.50885,1203.9634,482.74103
346,1287,truck,118.67355,813.74725,367.5425,1080.0,243.10803,946.87366
346,1464,car,1344.5029,534.8144,1504.8622,660.2921,1424.6826,597.5532
346,1467,person,1503.0526,515.55286,1536.8312,597.8981,1519.9419,556.72546
346,1049,person,686.0681,938.63086,752.06537,1072.4543,719.0668,1005.5426
346,1381,truck,467.11148,827.3652,606.9711,1018.9019,537.0413,923.13354
347,620,car,1315.6206,502.5366,1380.0168,582.28973,1347.8187,542.41315
347,879,car,850.26086,219.23029,904.01227,276.28824,877.1366,247.75926
347,1210,car,359.89557,416.30658,483.1671,531.162,421.53134,473.73428
347,847,truck,669.9166,414.23135,761.9406,516.8795,715.9286,465.55542
347,1124,car,732.2553,191.19916,786.50354,238.76414,759.3794,214.98166
347,21,truck,1307.5662,367.38654,1401.983,485.74106,1354.7747,426.56378
347,1405,car,0.0,869.2783,50.447964,980.68225,25.223982,924.9803
347,848,car,472.33038,453.21356,613.2462,602.0007,542.7883,527.6071
347,606,car,1256.9921,366.7007,1307.6793,444.6103,1282.3357,405.65552
347,1173,person,1268.0948,677.4918,1306.0674,761.9211,1287.081,719.7064
347,1109,car,703.30365,274.30905,774.4126,347.7767,738.85815,311.04288
347,25,car,1343.61,562.7135,1420.0891,652.04193,1381.8496,607.3777
347,1448,person,749.8268,518.76624,790.03357,607.9075,769.9302,563.33685
347,1457,motorcycle,790.2728,659.7451,834.91156,735.2065,812.59216,697.4758
347,1461,car,1307.2156,369.3378,1397.5157,484.06317,1352.3657,426.7005
347,1333,person,1191.0453,454.6889,1218.3253,512.6056,1204.6853,483.64725
347,1464,car,1342.1539,532.56256,1505.5588,660.56104,1423.8564,596.56177
347,1467,person,1502.7936,514.3188,1537.3812,598.7114,1520.0874,556.51514
347,1471,car,699.906,140.92061,769.64105,191.73251,734.77356,166.32657
347,1049,person,683.50446,958.0055,746.2046,1079.8585,714.8545,1018.932
347,1381,truck,460.53503,838.8156,598.2394,1026.9816,529.3872,932.89856
347,1070,car,599.4726,227.84966,677.79047,298.08026,638.63153,262.96497
347,1329,truck,84.71272,827.01825,380.94846,1067.268,232.8306,947.14307
347,1452,person,784.8134,613.58594,847.35254,728.0016,816.083,670.79376
348,620,car,1316.3877,502.046,1379.5562,580.2892,1347.9719,541.1676
348,879,car,851.7034,221.77802,903.3074,276.24817,877.5054,249.01309
348,1210,car,354.01202,419.2323,479.1176,535.7849,416.56482,477.5086
348,847,car,666.56445,416.91684,759.7494,520.8501,713.1569,468.88348
348,1124,car,730.5231,190.93018,786.3489,239.84605,758.436,215.38812
348,21,truck,1307.3325,365.52698,1400.9536,482.73346,1354.1431,424.13022
348,848,truck,469.4045,456.9925,609.573,604.58514,539.4888,530.7888
348,606,car,1259.1079,369.55588,1306.6348,442.3561,1282.8713,405.956
348,1173,person,1269.9916,681.8086,1307.6886,766.39355,1288.8401,724.1011
348,1109,car,703.74854,280.45282,770.01685,348.57166,736.8827,314.51224
348,25,car,1343.5719,562.11084,1419.1978,649.6997,1381.3848,605.9053
348,1457,motorcycle,784.83435,659.8461,833.87854,743.10297,809.35645,701.47455
348,1333,person,1192.228,455.77466,1219.6117,513.8395,1205.9199,484.80707
348,1467,person,1504.499,514.4799,1537.1626,594.1808,1520.8308,554.3303
348,1471,car,700.7768,139.7858,769.807,190.1178,735.2919,164.9518
348,1049,person,679.49615,974.2919,738.5486,1080.0,709.02234,1027.146
348,1381,truck,449.83984,852.46716,590.32623,1044.8912,520.083,948.6792
348,1070,car,599.72595,229.63399,675.92426,298.96005,637.8251,264.29703
348,1329,truck,81.33109,838.51447,366.83246,1070.0632,224.08177,954.2888
348,1452,person,782.27106,620.6822,843.499,733.5557,812.885,677.11896
348,1158,person,1459.441,469.0617,1486.894,523.13574,1473.1675,496.09872
348,1267,car,1278.1381,552.3682,1310.0825,618.2289,1294.1104,585.2986
348,1310,person,746.23627,526.51587,787.57275,619.447,766.90454,572.98145
349,620,car,1317.3744,501.87903,1379.5353,578.67065,1348.4548,540.27484
349,879,car,849.8283,221.02576,902.48987,276.99182,876.15906,249.00879
349,1210,car,348.76144,421.05054,475.53802,538.9859,412.14972,480.01822
349,847,truck,662.9734,418.9268,757.4383,524.40674,710.2058,471.66675
349,1124,car,727.7274,191.06087,783.83704,240.43495,755.7822,215.74791
349,21,truck,1306.8341,364.50674,1400.0487,481.08163,1353.4414,422.7942
349,848,truck,471.0779,461.00006,605.62836,601.6236,538.35315,531.3118
349,606,car,1260.4464,371.12216,1306.3124,441.00925,1283.3794,406.0657
349,1173,person,1271.453,685.474,1309.2435,770.8666,1290.3483,728.1703
349,1109,car,702.5659,280.41183,769.86237,349.5772,736.2141,314.9945
349,25,car,1344.7626,561.6847,1419.0809,646.65894,1381.9218,604.1718
349,1333,person,1192.3007,456.75085,1219.8938,515.37244,1206.0972,486.06165
349,1467,person,1503.5142,513.97314,1536.611,594.60876,1520.0625,554.29095
349,1471,car,699.7445,138.48615,768.5803,188.7443,734.1624,163.61522
349,1381,truck,442.26154,867.84937,583.7056,1060.7318,512.9836,964.2906
349,1070,car,597.87775,230.96307,673.34515,300.66202,635.61145,265.81256
349,1329,truck,71.36916,852.4314,352.0895,1078.1381,211.72934,965.2847
349,1452,person,779.70984,628.52014,839.9956,740.5167,809.8527,684.51843
349,1158,person,1459.5374,467.86346,1487.0183,521.7564,1473.2778,494.80994
349,1267,car,1278.4954,552.8263,1311.3207,620.0376,1294.908,586.43195
349,1310,person,742.8601,533.3956,784.14276,627.09375,763.50146,580.2447
349,1188,car,804.5091,191.19452,854.3538,245.69286,829.43146,218.4437
349,947,car,1402.3148,636.02496,1500.2233,738.8377,1451.269,687.43134
350,620,car,1316.9612,499.9219,1379.3882,577.2978,1348.1747,538.60986
350,879,car,849.3471,221.17307,901.24207,276.5375,875.29456,248.85529
350,1210,car,344.51685,424.33286,471.48154,542.44586,407.9992,483.38934
350,847,bus,660.5177,420.9926,756.63184,528.66815,708.57477,474.83038
350,1124,car,726.4774,191.62671,782.3762,240.99654,754.4268,216.31161
350,21,truck,1304.9899,361.88315,1399.7853,479.94928,1352.3876,420.9162
350,848,truck,464.41196,463.0061,604.9128,610.09326,534.66235,536.5497
350,606,car,1261.4146,371.33524,1306.6931,440.13315,1284.0538,405.7342
350,1173,person,1273.1083,690.36884,1310.3634,774.31805,1291.7358,732.34344
350,1109,car,699.59906,279.76962,769.13367,351.4975,734.36633,315.63354
350,25,car,1345.3519,559.48846,1421.3562,645.76,1383.354,602.62427
350,1333,person,1193.0061,457.05783,1221.0103,517.00183,1207.0082,487.02985
350,1467,person,1503.3317,512.80566,1536.5094,593.4951,1519.9205,553.1504
350,1381,truck,434.1482,884.1093,575.12683,1075.648,504.6375,979.87866
350,1070,car,596.0719,231.70103,670.97327,301.54855,633.5226,266.6248
350,1329,truck,64.63038,861.9518,340.93152,1080.0,202.78094,970.9759
350,1452,person,784.2878,637.10583,832.59607,725.73206,808.4419,681.41895
350,1158,person,1459.5604,466.51343,1486.028,518.90265,1472.7942,492.70804
350,1267,car,1279.4414,550.96063,1314.2432,621.7821,1296.8423,586.37134
350,1310,person,739.3431,540.3504,780.00183,632.6412,759.6725,586.4958
350,1188,car,804.467,192.0231,852.33307,245.2127,828.4,218.6179
350,1412,motorcycle,1373.0266,701.3725,1409.0325,761.50934,1391.0295,731.4409
350,1464,car,1343.403,526.6096,1505.1947,653.3874,1424.2988,589.99854
350,1049,person,680.7873,1009.3336,723.8944,1080.0,702.3408,1044.6667
351,620,car,1317.9939,500.18118,1378.7273,575.27856,1348.3606,537.72986
351,879,car,848.29956,221.65178,899.5072,276.30243,873.9034,248.97711
351,1210,car,337.32263,427.22455,465.79266,546.32446,401.55765,486.7745
351,847,bus,659.4805,424.9335,755.39056,532.3212,707.43555,478.62738
351,1124,car,725.06006,191.11345,780.7327,240.24748,752.89636,215.68047
351,21,truck,1305.332,360.97443,1399.985,478.347,1352.6584,419.6607
351,848,car,459.9352,466.30283,602.15045,615.8614,531.04285,541.0821
351,606,car,1262.4617,370.60208,1307.882,439.40652,1285.1719,405.0043
351,1173,person,1275.3168,694.5949,1314.5433,782.3829,1294.93,738.4889
351,1109,car,696.6523,281.32587,766.0278,352.78308,731.34,317.05447
351,25,car,1345.3356,559.20233,1421.2891,644.77155,1383.3123,601.98694
351,1333,person,1193.4576,458.15344,1221.7086,518.57935,1207.5831,488.3664
351,1467,person,1503.428,511.58636,1536.3289,591.41406,1519.8784,551.50024
351,1381,truck,427.54446,898.1074,563.9413,1080.0,495.74286,989.0537
351,1070,car,595.5585,232.49527,670.7166,303.62335,633.1376,268.05933
351,1329,truck,62.903244,874.62836,329.09573,1080.0,195.99948,977.3142
351,1267,car,1280.5985,549.7404,1316.9945,623.0883,1298.7965,586.41437
351,1310,person,735.2728,545.8214,777.5393,641.64764,756.40607,593.7345
351,1188,car,803.23505,191.97124,851.20795,245.51712,827.2215,218.74417
351,1412,motorcycle,1373.5144,703.0976,1411.5795,765.1232,1392.5469,734.1104
351,1464,car,1343.9706,524.8832,1503.9221,650.283,1423.9463,587.5831
351,1049,person,681.81537,1027.7124,715.1276,1080.0,698.4715,1053.8562
351,1287,bus,94.82768,874.30035,301.434,1080.0,198.13083,977.15015
351,1471,car,698.4556,138.99835,766.38727,188.81647,732.42145,163.90741
351,947,car,1402.0789,634.71246,1500.0044,737.2916,1451.0416,686.0021
352,620,car,1318.9644,499.26172,1378.4106,572.48645,1348.6875,535.8741
352,879,car,846.3242,222.07814,898.5244,277.71475,872.4243,249.89645
352,1210,car,329.59946,429.42566,461.03125,551.1537,395.31537,490.28967
352,847,car,656.3036,428.0512,752.9905,536.2084,704.64703,482.1298
352,1124,car,723.18164,191.1175,779.78827,240.99522,751.485,216.05637
352,21,truck,1304.0502,358.92728,1400.6625,478.42233,1352.3563,418.6748
352,848,truck,451.82254,470.12326,597.73376,623.61774,524.77814,546.8705
352,606,car,1257.4259,362.53784,1306.7499,437.36618,1282.0879,399.95203
352,1173,person,1277.6417,696.77997,1317.9122,786.66064,1297.777,741.72034
352,1109,car,694.0117,283.52588,761.79205,353.47873,727.90186,318.50232
352,25,car,1343.987,557.83325,1420.5175,643.91956,1382.2522,600.8764
352,1333,person,1193.7198,459.10306,1222.6239,521.28094,1208.1719,490.19202
352,1467,person,1502.8688,508.7772,1536.5677,590.3221,1519.7183,549.5496
352,1381,truck,423.8024,913.1511,554.37305,1080.0,489.0877,996.57556
352,1070,car,587.85956,232.63898,665.8673,305.67404,626.8634,269.1565
352,1329,bus,57.547493,884.16003,316.36935,1080.0,186.95842,982.08
352,1310,motorcycle,731.43427,552.3062,774.82935,650.66614,753.13184,601.4862
352,1188,car,802.4157,192.79356,850.14984,245.9452,826.2828,219.36938
352,1412,motorcycle,1375.3235,707.7145,1411.7767,764.8882,1393.55,736.30133
352,1471,car,699.8373,140.49481,764.85156,188.29945,732.3444,164.39713
352,947,car,1401.809,633.3485,1499.8207,735.03015,1450.8148,684.18933
352,1305,car,905.3442,337.69858,956.2064,411.49515,930.77527,374.59686
352,1448,person,733.3595,550.49927,776.7142,646.7993,755.03687,598.6493
352,1457,motorcycle,772.20056,676.80786,830.9982,777.4907,801.59937,727.1493
352,1452,person,771.9852,651.26764,832.56476,763.84985,802.275,707.5587
353,620,car,1316.3174,496.8023,1378.6935,573.70386,1347.5054,535.25305
353,879,car,845.48456,224.15028,896.84845,278.42545,871.1665,251.28787
353,1210,car,323.18475,430.51718,456.99902,554.589,390.0919,492.5531
353,847,truck,651.262,430.48633,749.53534,540.0626,700.3987,485.27448
353,1124,car,722.50574,191.96303,778.1564,240.94296,750.33105,216.453
353,21,truck,1304.124,357.87183,1400.8862,476.95987,1352.5051,417.41583
353,848,truck,445.25967,471.49164,594.62024,629.05786,519.93994,550.2748
353,606,car,1255.1725,358.48517,1306.5256,436.1712,1280.8491,397.3282
353,1173,person,1279.4407,703.4729,1319.9238,793.3147,1299.6823,748.3938
353,1109,car,692.0775,284.4592,760.4751,354.94968,726.2763,319.70444
353,25,car,1342.327,555.66327,1420.6449,643.71204,1381.486,599.6876
353,1333,person,1194.2512,460.36383,1223.1825,522.58844,1208.7168,491.47614
353,1467,person,1502.6564,504.15762,1536.5525,586.271,1519.6045,545.2143
353,1381,truck,418.59003,929.878,541.7587,1080.0,480.17438,1004.93896
353,1329,bus,54.939526,893.7055,305.6507,1080.0,180.2951,986.8528
353,1310,motorcycle,727.9039,559.7056,771.5318,657.8869,749.71783,608.79626
353,1188,car,802.8481,192.40636,850.74695,245.46642,826.7975,218.93639
353,1412,motorcycle,1376.2333,708.9848,1414.3169,767.20215,1395.2751,738.0935
353,1471,car,698.4106,141.00584,763.72186,189.42976,731.0662,165.2178
353,947,car,1398.6372,631.4422,1498.8744,734.8072,1448.7559,683.1247
353,1500,car,446.39114,470.21747,595.43494,628.425,520.913,549.3212
353,1448,person,729.1289,556.6149,772.45764,652.30554,750.7933,604.4602
353,1158,person,1455.146,460.5842,1482.9154,516.0012,1469.0308,488.29272
353,1464,car,1343.2012,523.7447,1503.1581,649.0966,1423.1797,586.42065
354,620,car,1317.1316,496.067,1377.9927,570.6188,1347.5621,533.3429
354,879,car,844.4062,224.2726,895.113,277.46704,869.7596,250.86981
354,1210,car,317.4127,432.23886,453.27808,558.6966,385.3454,495.4677
354,847,truck,647.5948,432.8627,748.81757,545.7666,698.2062,489.31464
354,1124,car,720.7199,191.21262,777.7809,241.45506,749.25037,216.33383
354,21,truck,1303.305,355.8885,1399.0049,473.20807,1351.155,414.54828
354,848,truck,439.9809,473.45285,591.3114,633.6368,515.6461,553.5448
354,606,car,1256.3451,359.18097,1305.6018,434.02414,1280.9734,396.60254
354,1173,person,1281.5464,707.3281,1322.9838,798.9335,1302.2651,753.1308
354,1109,car,690.5532,284.89673,760.41626,356.48923,725.48474,320.693
354,25,car,1340.2773,552.2338,1421.9677,644.5889,1381.1226,598.4114
354,1333,person,1194.9786,461.07202,1223.9326,523.41614,1209.4556,492.24408
354,1467,person,1501.9674,502.76004,1535.4092,583.8301,1518.6882,543.29504
354,1381,truck,413.5566,946.4207,529.0688,1080.0,471.31268,1013.2103
354,1329,bus,53.958935,908.289,291.51382,1080.0,172.73637,994.14453
354,1310,motorcycle,724.3934,564.8611,768.9939,665.32434,746.6936,615.0927
354,1412,motorcycle,1376.9546,708.82764,1413.3226,762.7553,1395.1387,735.7915
354,1471,car,694.94635,140.53401,762.04816,190.4727,728.49725,165.50336
354,947,car,1401.6052,631.2866,1500.5013,733.4738,1451.0532,682.38025
354,1500,car,442.146,471.97287,592.9952,632.1892,517.57056,552.08105
354,1448,person,725.8168,564.08606,768.7484,659.15564,747.2826,611.62085
354,1505,motorcycle,1282.3417,717.5408,1319.7734,804.2725,1301.0576,760.9066
354,1158,person,1453.6509,458.02737,1481.7921,515.1565,1467.7214,486.59192
354,1267,car,1281.9756,549.38885,1320.2621,627.32855,1301.1189,588.3587
354,1287,truck,77.97372,908.1905,267.54507,1080.0,172.7594,994.0952
354,1305,car,905.792,342.4792,954.822,413.75665,930.307,378.11792
354,1452,person,762.9075,667.77185,830.23065,796.0883,796.5691,731.93005
355,620,car,1315.849,494.37207,1378.9457,571.6627,1347.3973,533.0174
355,879,car,843.5634,224.9514,895.1938,278.908,869.3786,251.92969
355,1210,car,311.23672,434.87405,449.49728,563.446,380.367,499.16003
355,847,car,644.31775,436.1098,745.8684,549.3025,695.0931,492.70615
355,1124,car,719.2482,191.67596,776.3735,242.13087,747.81085,216.90341
355,21,truck,1303.023,354.46094,1399.0594,471.57617,1351.0413,413.01855
355,848,truck,431.62323,472.86093,586.66064,637.7883,509.14194,555.32465
355,606,car,1257.1816,360.39517,1304.8911,432.7402,1281.0364,396.5677
355,1173,person,1283.8988,712.8111,1324.1582,801.78253,1304.0286,757.2968
355,1109,car,688.0561,285.22604,758.5057,356.88824,723.2809,321.05713
355,25,car,1340.8167,551.4143,1423.2255,645.04706,1382.021,598.2307
355,1467,person,1500.2834,499.8477,1534.8871,583.3257,1517.5852,541.5867
355,1381,truck,409.07175,964.54834,516.1475,1080.0,462.60962,1022.2742
355,1329,truck,43.92112,916.835,276.48315,1080.0,160.20213,998.4175
355,1310,person,721.4882,570.0439,766.4589,671.66266,743.9736,620.8533
355,1412,motorcycle,1378.6812,710.1957,1414.5227,761.7379,1396.6019,735.9668
355,1471,car,696.0419,141.30667,761.62976,190.51971,728.8358,165.9132
355,947,car,1402.6628,628.9763,1502.9886,731.88916,1452.8257,680.43274
355,1448,motorcycle,723.7939,582.3381,764.4764,671.7325,744.13513,627.0353
355,1505,motorcycle,1283.8677,717.447,1321.8767,805.4765,1302.8722,761.4618
355,1158,person,1453.8618,456.94717,1481.8086,514.97687,1467.8352,485.96204
355,1070,car,571.7932,228.78044,657.5358,306.87317,614.66455,267.8268
355,1464,car,1343.2042,521.69104,1502.4148,646.3811,1422.8096,584.0361
356,620,car,1316.2418,493.69592,1379.0286,570.14825,1347.6353,531.9221
356,879,car,840.8968,224.49243,893.7853,279.49554,867.34106,251.99399
356,1210,car,304.63193,437.79236,443.89484,567.3568,374.26337,502.5746
356,847,car,639.462,439.69882,742.7717,555.13354,691.1168,497.4162
356,1124,car,717.49365,191.45749,775.5779,243.28937,746.53577,217.37343
356,21,car,1301.7834,352.33194,1398.3132,469.45398,1350.0483,410.89294
356,848,truck,427.51837,474.6621,582.8346,640.40814,505.17648,557.53516
356,606,car,1257.8306,359.1305,1304.3965,429.94073,1281.1135,394.5356
356,1173,person,1285.2964,718.02374,1325.877,807.84796,1305.5867,762.93585
356,1109,car,684.7027,285.88376,755.674,357.89032,720.18835,321.88702
356,25,car,1340.8353,551.066,1424.0754,646.1726,1382.4553,598.61926
356,1467,person,1500.172,496.9271,1534.9602,579.9258,1517.5662,538.42645
356,1310,person,718.7571,577.1167,762.61676,676.50726,740.6869,626.812
356,1412,motorcycle,1380.6248,714.39105,1415.6304,762.2595,1398.1276,738.3253
356,947,car,1402.0988,626.81537,1506.1976,732.3515,1454.1482,679.58344
356,1448,motorcycle,717.3174,582.6306,762.33746,681.9985,739.8274,632.3146
356,1505,motorcycle,1285.0481,719.87476,1324.2501,810.64734,1304.6492,765.26105
356,1158,person,1451.729,454.95627,1480.275,515.2265,1466.002,485.09137
356,1520,truck,1301.4679,351.9637,1399.1666,469.60013,1350.3173,410.78192
356,1070,car,566.3417,227.76862,655.63434,307.14145,610.98804,267.45502
356,1464,car,1343.4696,522.4397,1501.8478,646.20074,1422.6587,584.3202
356,1457,person,762.1714,690.0921,821.9194,793.96027,792.0454,742.0262
356,1188,car,798.4484,192.05933,847.83105,246.55608,823.1398,219.30771
356,1333,person,1196.4564,463.70715,1224.6359,524.2814,1210.5461,493.99426
356,1305,car,903.957,344.0117,954.7172,418.18597,929.3371,381.09882
357,620,car,1315.5785,493.6012,1378.3558,569.64374,1346.9672,531.62244
357,879,car,838.8968,223.53027,894.35187,281.1704,866.6243,252.35034
357,1210,car,297.3752,441.96106,438.78964,573.95245,368.08243,507.95676
357,847,truck,637.1385,442.92694,740.52985,558.9515,688.83417,500.9392
357,1124,car,715.64636,192.21037,775.4756,246.03851,745.561,219.12445
357,21,truck,1301.2106,351.08258,1397.8157,467.4883,1349.5132,409.28546
357,848,truck,422.0947,478.1782,580.4431,647.5671,501.26892,562.8726
357,606,car,1258.0255,360.06024,1302.7463,427.59702,1280.386,393.8286
357,1173,person,1286.4398,720.44336,1327.6409,811.704,1307.0403,766.07367
357,1109,car,682.0387,286.7917,754.78406,360.48627,718.4114,323.63898
357,25,car,1340.656,550.2967,1423.8048,645.74585,1382.2305,598.02124
357,1467,person,1501.0677,502.3221,1535.2816,583.4588,1518.1747,542.89044
357,1310,person,714.03455,584.43976,757.28094,681.94763,735.6577,633.1937
357,947,car,1398.4917,622.44354,1505.0948,731.3545,1451.7932,676.89905
357,1448,motorcycle,713.53937,596.8105,756.7715,691.67017,735.1554,644.24036
357,1505,motorcycle,1286.3314,722.019,1326.3135,814.4858,1306.3225,768.2524
357,1158,person,1450.2566,453.53317,1477.7185,510.2101,1463.9875,481.87164
357,1520,car,1302.9951,351.85367,1398.3278,466.46698,1350.6614,409.16034
357,1070,car,562.8526,229.11751,653.61615,308.33176,608.2344,268.72464
357,1464,car,1342.6129,519.9049,1502.2493,644.7424,1422.4312,582.3236
357,1188,car,796.3568,192.1642,845.72314,246.58995,821.04,219.37708
357,1452,person,754.99817,698.3934,821.1106,827.64264,788.0544,763.018
357,1471,car,693.59375,138.30042,762.45807,189.98135,728.0259,164.14088
358,620,car,1315.6989,491.8113,1379.0802,568.1227,1347.3895,529.967
358,879,car,838.8696,222.83737,894.9381,281.33575,866.9039,252.08656
358,1210,car,292.41168,445.21967,434.34314,578.1265,363.3774,511.6731
358,847,car,633.62103,446.3735,737.5026,563.0561,685.5618,504.71478
358,1124,car,712.2109,191.71579,773.1703,246.84644,742.69055,219.28111
358,21,truck,1301.4657,349.57922,1396.7904,463.70026,1349.128,406.63974
358,848,truck,418.6915,481.49292,577.32996,651.4762,498.01074,566.48456
358,606,car,1258.716,360.8689,1302.3127,426.43286,1280.5144,393.65088
358,1173,motorcycle,1286.7686,723.6696,1330.1642,819.6594,1308.4663,771.66455
358,1109,car,680.2131,287.14795,756.15204,364.16794,718.18256,325.65796
358,25,car,1341.8254,550.1965,1424.6782,645.8755,1383.2518,598.036
358,1467,person,1502.7351,507.60455,1535.2441,583.93427,1518.9896,545.7694
358,1310,person,711.93243,591.0982,752.0615,680.5269,731.99695,635.81256
358,1448,motorcycle,709.421,604.7091,753.33844,700.68353,731.37976,652.6963
358,1505,person,1287.9377,723.4359,1327.4198,814.377,1307.6787,768.9065
358,1520,car,1304.0326,351.0718,1396.8079,462.34885,1350.4202,406.71033
358,1070,car,559.4951,232.58609,649.46594,310.44885,604.4805,271.51746
358,1464,car,1342.7894,521.40137,1499.4138,643.97845,1421.1016,582.68994
358,1188,car,795.11945,192.53334,845.0105,247.07448,820.06494,219.80391
358,1531,truck,635.20197,446.38422,736.88275,562.3102,686.04236,504.3472
358,1457,person,764.0068,704.42645,809.5994,781.25244,786.8031,742.8395
358,1333,person,1197.4519,464.25525,1227.527,529.40625,1212.4895,496.83075
358,1305,car,903.8119,349.5214,953.222,421.44055,928.51697,385.48096
359,620,car,1316.0215,490.72632,1378.744,565.8895,1347.3828,528.3079
359,879,car,837.99713,223.73686,892.68024,280.73416,865.3387,252.2355
359,1210,car,284.4208,448.62656,428.02814,582.8879,356.2245,515.7572
359,847,car,631.0418,448.74057,736.3857,567.34985,683.71375,508.04523
359,1124,car,710.69934,191.28384,770.54285,245.0996,740.6211,218.19171
359,21,truck,1301.2384,348.39862,1398.6344,464.67957,1349.9364,406.5391
359,848,car,413.81165,483.72482,574.00433,655.6227,493.908,569.67377
359,606,car,1258.2501,360.22064,1301.8247,425.27396,1280.0374,392.7473
359,1173,motorcycle,1286.8665,725.05615,1332.4155,826.1067,1309.641,775.5814
359,1109,car,676.67426,287.84558,753.6727,366.00732,715.17346,326.92645
359,25,car,1339.6376,545.66003,1425.1305,645.187,1382.384,595.4235
359,1467,person,1500.5153,495.76987,1535.0771,577.04285,1517.7961,536.4064
359,1448,motorcycle,709.1757,632.3273,747.22833,712.40924,728.202,672.3683
359,1505,person,1287.4615,724.41766,1329.4799,821.33875,1308.4707,772.8782
359,1070,car,556.66583,233.43066,647.59766,311.147,602.1317,272.28882
359,1464,car,1339.8344,518.232,1501.1909,644.9193,1420.5127,581.5757
359,1538,motorcycle,757.11975,770.78986,809.08496,855.6807,783.10236,813.2353
359,1333,person,1197.5596,465.1833,1227.0396,529.24835,1212.2996,497.21582
359,53,truck,1556.1952,281.7279,1918.7819,773.0297,1737.4885,527.3788
359,947,car,1395.4037,615.17957,1508.783,731.99084,1452.0933,673.5852
359,1452,person,750.1456,715.55457,815.5105,846.137,782.82806,780.8458
360,620,car,1314.4988,488.70404,1379.193,566.16156,1346.846,527.4328
360,879,car,836.3483,224.95871,891.2888,282.0259,863.8186,253.49231
360,1210,car,278.73898,450.20352,424.4163,585.9885,351.57764,518.096
360,847,car,627.72955,451.89172,734.81555,572.74634,681.2726,512.31903
360,1124,car,709.92773,192.1976,770.44586,246.56996,740.18677,219.38379
360,21,truck,1300.6981,346.81717,1399.089,464.33508,1349.8936,405.5761
360,848,car,408.5985,490.95453,568.9513,662.8058,488.7749,576.8801
360,1173,motorcycle,1288.889,729.7664,1334.5773,829.9324,1311.7332,779.84937
360,1109,car,673.98047,288.05902,753.0444,368.4034,713.51245,328.2312
360,25,car,1340.9736,539.9542,1430.3844,644.2807,1385.679,592.11743
360,1467,person,1499.5988,490.71667,1534.1273,571.4161,1516.863,531.0664
360,1448,person,701.1369,620.3918,747.7627,718.52765,724.4498,669.4597
360,1505,person,1290.2614,729.41956,1331.7568,824.39056,1311.009,776.905
360,1070,car,546.2306,233.75024,640.5504,312.26624,593.3905,273.00824
360,1333,person,1199.0143,467.94885,1228.2872,531.6331,1213.6508,499.791
360,53,truck,1559.4941,279.95456,1918.2095,765.59924,1738.8518,522.7769
360,1452,person,745.6627,725.42566,812.09174,861.1313,778.8772,793.27844
360,1267,car,1288.4937,564.07904,1324.2191,634.56006,1306.3564,599.3196
360,1471,car,687.9462,137.32425,754.33026,186.72906,721.13824,162.02666
360,1310,person,708.829,610.21533,743.7354,685.7382,726.2822,647.9768
361,620,car,1314.5625,486.97928,1379.521,564.4438,1347.0417,525.71155
361,879,car,832.6985,224.28311,889.28046,282.78903,860.9895,253.53607
361,1210,car,271.2265,452.63055,419.11948,590.6459,345.17297,521.6382
361,847,truck,624.2842,456.34326,732.7539,578.82245,678.51904,517.5829
361,1124,car,707.5575,193.00768,769.84174,248.85547,738.6996,220.93158
361,21,truck,1299.8035,345.64334,1398.7133,463.5987,1349.2583,404.62103
361,848,car,401.54083,493.33112,566.1639,670.4432,483.85236,581.88715
361,1173,motorcycle,1292.4155,737.01245,1336.8502,834.03827,1314.6328,785.5254
361,1109,car,673.26514,288.25726,753.0174,369.36346,713.14124,328.81036
361,25,car,1339.7238,531.9561,1434.4652,643.5274,1387.0945,587.74176
361,1467,person,1500.396,489.47766,1534.4513,569.11176,1517.4236,529.2947
361,1448,person,697.817,620.88837,744.97565,720.93536,721.39636,670.91187
361,1505,person,1292.2979,737.44025,1330.9885,826.0104,1311.6432,781.72534
361,1070,car,549.8714,233.30582,644.48,312.58228,597.17566,272.94403
361,1333,person,1199.783,470.0734,1228.8578,533.5767,1214.3203,501.82507
361,53,truck,1557.107,280.71057,1914.399,760.8126,1735.753,520.7616
361,1452,person,742.54913,738.3266,808.66254,876.51215,775.60583,807.4194
361,1471,car,685.91486,139.13368,749.1306,185.86108,717.5227,162.49738
361,1464,car,1337.9042,512.8187,1501.4819,642.56305,1419.6931,577.6909
362,620,car,1314.9736,486.5325,1378.2792,561.89746,1346.6265,524.21497
362,879,car,831.90344,226.29655,887.9899,284.05704,859.94666,255.17679
362,1210,truck,264.84134,455.11053,415.0297,595.6381,339.93552,525.3743
362,847,car,620.11066,459.7988,730.80225,584.82556,675.4564,522.3122
362,1124,car,704.5348,192.44571,767.4317,249.08362,735.9833,220.76466
362,21,truck,1302.696,345.03833,1399.4302,460.4798,1351.0631,402.75906
362,848,truck,394.71808,493.60867,564.30695,676.8185,479.5125,585.21356
362,1173,motorcycle,1295.5123,741.85016,1340.3555,840.23303,1317.9338,791.0416
362,1109,car,669.6141,288.37592,749.9845,370.5861,709.7993,329.48102
362,25,car,1340.9335,537.1171,1430.6152,642.9341,1385.7744,590.02563
362,1467,person,1499.8762,488.0378,1534.371,568.6372,1517.1235,528.3375
362,1448,motorcycle,691.9678,626.917,742.65125,734.3106,717.3095,680.6138
362,1505,person,1293.8379,743.1375,1331.1475,829.1971,1312.4927,786.1673
362,1070,car,541.4835,233.907,638.14545,313.01224,589.81445,273.45963
362,1333,person,1201.2909,472.3752,1229.6387,534.46436,1215.4648,503.4198
362,1452,person,740.2866,748.8914,806.27856,888.61975,773.2826,818.7556
362,1471,car,691.0799,140.51784,751.8123,185.54593,721.4461,163.03189
362,1554,car,265.58875,454.26123,415.214,594.7649,340.40137,524.51306
362,606,car,1257.814,355.03522,1302.222,420.70142,1280.0181,387.86832
363,620,car,1315.0964,485.77356,1378.1799,560.86615,1346.6382,523.3198
363,879,car,830.2085,226.32019,886.8687,284.703,858.5386,255.5116
363,1210,car,256.97867,458.54416,408.36487,600.4147,332.67175,529.47943
363,847,car,616.4863,463.93884,726.411,587.8611,671.44867,525.89996
363,1124,car,703.6718,193.5241,764.7271,248.54315,734.19946,221.03363
363,21,truck,1302.3447,344.27292,1399.1451,459.9071,1350.7449,402.09003
363,848,car,391.98273,496.57404,562.213,681.16614,477.09787,588.8701
363,1173,person,1298.2621,748.6448,1341.2117,842.2553,1319.7368,795.4501
363,1109,car,666.75836,289.8359,746.3358,371.33026,706.5471,330.58307
363,25,car,1337.9958,533.58704,1427.8353,640.7765,1382.9155,587.18176
363,1467,person,1499.8173,488.9829,1533.3456,567.9146,1516.5814,528.4487
363,1448,motorcycle,685.5065,635.45447,739.22394,749.56866,712.36523,692.5116
363,1070,car,535.63226,233.29807,636.1164,314.41638,585.8743,273.85724
363,1333,person,1202.678,475.24332,1229.7615,534.8814,1216.2197,505.06238
363,1452,person,736.6837,759.2495,802.6013,899.3856,769.6425,829.31757
363,1471,car,689.1244,139.91885,749.64655,184.8607,719.3855,162.38977
363,1305,car,899.91077,351.83563,954.44183,432.4834,927.1763,392.15952
363,947,car,1396.668,613.3957,1505.5001,727.426,1451.084,670.4109
363,1267,car,1294.1328,568.2045,1329.751,638.15,1311.9419,603.17725
363,53,truck,1555.4094,274.17374,1914.9032,755.51575,1735.1562,514.8447
364,620,car,1314.6566,485.44525,1377.5105,560.2281,1346.0835,522.8367
364,879,car,829.31055,227.86353,885.83813,285.77673,857.57434,256.82013
364,1210,car,250.85684,462.46472,402.79764,604.9711,326.82724,533.7179
364,847,bus,610.78925,466.22803,723.8093,594.3655,667.2993,530.29675
364,1124,car,701.57227,192.16925,764.0678,248.69794,732.82007,220.4336
364,21,truck,1302.2239,342.3668,1399.8694,459.43512,1351.0466,400.90094
364,848,car,386.0078,499.99127,556.6608,685.9894,471.33432,592.99036
364,1173,motorcycle,1300.3826,757.0504,1345.108,854.68365,1322.7454,805.86707
364,1109,car,666.22156,291.02423,746.0379,372.75638,706.12976,331.89032
364,25,car,1338.0225,532.0751,1426.5593,639.0464,1382.2909,585.5607
364,1467,person,1499.4344,488.0631,1533.1897,568.1027,1516.312,528.0829
364,1448,person,680.5752,641.0455,735.1588,758.0208,707.867,699.53314
364,1070,car,529.31006,233.87172,632.92,315.39893,581.115,274.6353
364,1333,person,1202.8611,477.2446,1230.3372,537.7056,1216.5991,507.4751
364,1452,person,732.1782,769.985,799.66223,914.5383,765.9202,842.26166
364,1568,motorcycle,1395.514,699.12866,1438.1176,790.65155,1416.8158,744.89014
364,1267,motorcycle,1296.1696,570.45233,1331.6727,638.7974,1313.9211,604.6249
364,1158,person,1440.2706,444.7243,1468.7219,502.3925,1454.4963,473.5584
364,606,car,1258.3087,351.3765,1303.4167,417.60034,1280.8628,384.4884
365,620,car,1315.1986,484.70773,1377.9113,559.22284,1346.5549,521.9653
365,879,car,827.38806,228.51448,884.78613,287.1367,856.0871,257.8256
365,1210,car,244.85645,466.44565,397.54697,609.9857,321.20172,538.2157
365,847,car,608.0642,469.61005,722.94,599.99567,665.5021,534.80286
365,1124,car,698.88574,189.88821,761.81976,247.3182,730.3528,218.60321
365,21,truck,1301.6692,340.54245,1399.4224,457.9108,1350.5458,399.22662
365,848,car,379.20175,505.54053,551.46173,693.7161,465.33173,599.6283
365,1173,person,1301.6737,761.0844,1347.7543,861.9127,1324.714,811.49854
365,1109,car,663.741,294.25095,743.66833,376.29965,703.7047,335.2753
365,25,car,1337.728,525.83325,1428.3148,636.9356,1383.0215,581.3844
365,1467,person,1500.1447,494.33575,1531.9802,569.94965,1516.0625,532.1427
365,1448,person,676.90924,650.8584,730.9393,766.6746,703.92426,708.7665
365,1070,car,531.98596,233.53581,636.7766,315.78107,584.3813,274.65845
365,1333,person,1203.2188,478.1122,1231.5983,540.50085,1217.4084,509.30652
365,1452,person,730.7679,780.5236,795.13544,919.1867,762.95166,849.85516
365,1568,motorcycle,1396.6301,701.94385,1437.4741,789.4414,1417.0521,745.6926
365,1267,car,1296.609,567.73206,1334.0835,639.3781,1315.3462,603.55505
365,1573,car,749.7175,84.50902,793.31726,116.864716,771.5174,100.68687
365,1158,person,1439.9683,442.80606,1467.3182,497.3419,1453.6433,470.07397
365,1464,car,1344.522,509.29968,1501.8894,634.8821,1423.2057,572.0909
365,1305,car,899.2589,353.77124,954.3386,436.0528,926.79877,394.91202
365,947,car,1400.0895,613.65686,1507.9592,728.1544,1454.0244,670.90564
365,53,truck,1553.1493,273.65677,1917.0413,760.4502,1735.0952,517.05347
366,620,car,1314.1699,483.83508,1377.0089,558.4676,1345.5894,521.15137
366,879,car,825.35114,228.58981,883.64136,287.8124,854.4962,258.2011
366,1210,car,238.11226,470.79532,390.9644,614.238,314.53833,542.51666
366,847,truck,603.7961,472.5978,721.5473,606.4954,662.6717,539.54663
366,1124,car,695.46423,186.9007,761.14496,247.61948,728.30457,217.26009
366,21,truck,1303.133,338.09695,1400.3236,455.54736,1351.7283,396.82214
366,848,car,372.27963,515.2036,543.3499,700.8943,457.81476,608.04895
366,1173,person,1303.8118,767.6697,1348.7528,865.78406,1326.2822,816.72687
366,1109,car,660.31525,295.4799,740.96857,378.66357,700.6419,337.07172
366,1467,person,1500.6292,492.71112,1532.8893,569.58704,1516.7593,531.14905
366,1448,person,673.50116,659.5052,726.8763,774.3029,700.1887,716.90405
366,1452,person,727.32227,794.93286,793.34247,938.3427,760.3324,866.6378
366,1568,motorcycle,1398.1589,698.1348,1435.2456,776.8288,1416.7023,737.4818
366,1573,car,745.7857,81.85116,794.2178,117.81402,770.0017,99.83259
366,1464,car,1346.2654,507.86636,1502.6658,634.79346,1424.4656,571.3299
366,606,car,1256.9523,347.3588,1303.8489,415.95752,1280.4006,381.65814
367,620,car,1313.7664,482.98776,1376.0873,557.0456,1344.9268,520.01666
367,879,car,823.983,228.6147,882.5809,288.3239,853.2819,258.4693
367,1210,car,230.2506,474.74655,386.12115,621.1116,308.18588,547.9291
367,847,car,599.60406,476.82315,717.98883,611.3998,658.79645,544.11145
367,1124,car,694.4433,187.29506,759.0869,247.52852,726.76514,217.41179
367,21,truck,1304.0001,336.49588,1401.0295,454.12418,1352.5149,395.31003
367,848,car,367.442,519.55255,539.55334,706.40295,453.49768,612.9778
367,1173,person,1305.3474,771.4083,1351.3743,872.6092,1328.3608,822.0088
367,1109,car,658.6348,295.7409,742.282,381.95792,700.4584,338.84943
367,1467,person,1499.0553,489.68213,1532.7004,570.02844,1515.8779,529.8553
367,1448,person,666.14984,667.7032,724.0044,793.754,695.07715,730.72864
367,1452,person,721.6151,807.72363,790.2358,958.5847,755.9254,883.1542
367,1573,car,743.4566,80.24317,794.2214,117.96054,768.839,99.10185
367,1464,car,1343.2417,504.8488,1505.0519,637.27246,1424.1467,571.0606
367,606,car,1253.235,341.61124,1303.3649,414.3548,1278.2999,377.98303
367,1188,car,773.7394,195.2856,832.2651,257.74332,803.0022,226.51447
367,25,car,1338.3264,519.9226,1431.1676,635.8787,1384.7471,577.90063
367,1267,car,1300.8853,565.42773,1340.9849,640.9941,1320.935,603.21094
367,1305,car,899.99524,362.04935,952.98865,441.2475,926.49194,401.64844
368,620,car,1313.8682,481.22128,1377.115,556.5615,1345.4916,518.8914
368,879,car,823.32184,227.18979,883.58655,288.92288,853.4542,258.05634
368,1210,car,223.3178,478.62473,380.97156,626.8739,302.14468,552.7493
368,847,car,594.1828,480.889,714.29254,617.7146,654.2377,549.3018
368,1124,car,694.4381,187.99794,759.1172,248.26047,726.77765,218.12921
368,21,truck,1303.4899,333.1564,1401.2952,452.74197,1352.3926,392.9492
368,848,car,359.5598,523.75903,534.0204,712.7793,446.7901,618.26917
368,1173,person,1306.9418,775.34845,1353.5444,877.9396,1330.2432,826.64404
368,1109,car,656.2508,297.2363,740.0421,383.61716,698.1465,340.42673
368,1467,person,1498.5509,490.3567,1531.5524,568.92163,1515.0516,529.63916
368,1448,motorcycle,665.311,710.1171,711.3663,807.38074,688.3386,758.7489
368,1452,person,714.80194,817.9978,787.59283,981.36444,751.1974,899.68115
368,1573,car,745.1679,78.577545,796.4961,116.78298,770.83203,97.68027
368,1464,car,1342.7859,504.25302,1506.9114,639.68445,1424.8486,571.96875
368,606,car,1252.6195,339.1868,1303.4877,413.29004,1278.0536,376.2384
368,1188,car,771.3475,193.09708,832.1842,257.70444,801.76587,225.40076
368,25,car,1339.8672,516.89307,1434.312,636.41864,1387.0896,576.6559
368,1267,car,1302.4266,571.9948,1340.2722,642.202,1321.3494,607.0984
368,1305,car,899.0843,362.32382,953.58704,443.90695,926.3357,403.1154
368,1471,car,682.0532,136.84612,743.5694,182.03456,712.8113,159.44034
368,1070,car,521.34595,236.71286,628.4086,319.43103,574.8773,278.07196
368,1333,person,1205.7173,481.57077,1235.32,546.6348,1220.5186,514.1028
368,1158,person,1439.7296,434.33862,1466.0035,485.48904,1452.8666,459.91382
368,53,truck,1557.5203,274.1841,1917.4915,754.7637,1737.5059,514.4739
369,620,car,1313.926,480.16586,1376.1489,554.2737,1345.0375,517.2198
369,879,car,822.21783,225.99573,883.5356,289.25174,852.8767,257.62372
369,1210,car,214.64366,481.152,375.59424,632.49835,295.11896,556.8252
369,847,car,590.43964,486.12427,710.3319,622.7144,650.38574,554.4193
369,1124,car,692.89734,188.13565,757.4254,248.87833,725.1614,218.50699
369,21,truck,1302.9434,332.98444,1399.7043,451.39944,1351.3239,392.19196
369,848,car,354.3352,529.7059,530.1324,720.11957,442.2338,624.9127
369,1173,person,1307.723,778.3145,1355.7687,884.81354,1331.7458,831.564
369,1109,car,653.62915,297.70917,739.4179,386.76898,696.52356,342.23907
369,1467,person,1497.2942,485.68784,1531.3945,567.1898,1514.3444,526.43884
369,1448,motorcycle,661.6125,731.5053,702.9466,816.7121,682.27954,774.1087
369,1452,person,710.161,832.12823,781.957,993.803,746.05896,912.9656
369,1573,car,744.3882,77.26967,796.3799,115.97974,770.38403,96.6247
369,1464,car,1342.6869,501.71967,1505.5444,636.66235,1424.1157,569.19104
369,606,car,1253.3455,339.2373,1304.0314,412.85382,1278.6885,376.04556
369,1188,car,768.93756,193.37494,829.5599,258.00778,799.2487,225.69136
369,25,car,1343.3595,513.35834,1439.7299,635.4643,1391.5447,574.4113
369,1597,person,660.6787,685.5664,713.66864,762.58734,687.1737,724.0769
369,1333,person,1206.8063,481.50156,1236.6432,547.01685,1221.7247,514.2592
369,53,truck,1558.5189,274.77185,1916.3564,751.21594,1737.4377,512.9939
369,1568,motorcycle,1401.0039,698.04034,1440.1246,779.6267,1420.5642,738.8335
370,620,car,1314.7924,478.88028,1376.0839,551.867,1345.4381,515.37366
370,879,car,819.48126,224.81502,882.58673,290.16492,851.034,257.48996
370,1210,car,206.50691,485.04236,368.9367,637.7457,287.7218,561.39404
370,847,car,587.2349,492.76318,707.7054,630.08673,647.47015,561.4249
370,1124,car,691.25604,189.14978,755.5042,250.15935,723.3801,219.65457
370,21,truck,1299.152,329.97305,1398.119,451.33453,1348.6355,390.6538
370,848,car,347.97617,533.9693,525.0904,725.5933,436.53326,629.7813
370,1173,person,1309.1035,785.2498,1356.6973,891.6363,1332.9004,838.44305
370,1109,car,653.26306,298.2287,739.81665,388.54465,696.53986,343.38666
370,1467,person,1496.9338,485.27924,1530.2808,564.7988,1513.6073,525.03906
370,1448,motorcycle,655.66046,749.2295,697.0582,832.6135,676.3594,790.9215
370,1452,person,705.95624,843.83704,777.6763,1006.03143,741.8163,924.9342
370,1573,car,742.181,77.49612,793.1459,115.65076,767.66345,96.57344
370,1464,car,1339.7946,501.40442,1506.0834,640.3775,1422.939,570.891
370,606,car,1254.0992,337.7207,1304.0244,410.6905,1279.0618,374.2056
370,1188,car,767.5701,194.60855,828.8334,259.50522,798.2018,227.05688
370,25,car,1342.873,514.8068,1436.6398,635.0612,1389.7563,574.934
370,1333,car,1208.2109,482.96725,1237.8341,547.3685,1223.0225,515.1679
370,53,train,1555.5806,263.13123,1919.3982,748.1752,1737.4894,505.6532
370,1568,motorcycle,1402.1328,700.6054,1443.9941,786.3802,1423.0635,743.4928
370,1305,car,897.8458,364.11295,952.16016,445.7118,925.003,404.91235
371,620,car,1314.2434,476.32678,1377.1417,551.61395,1345.6926,513.97034
371,879,car,817.98804,225.9092,881.43915,291.9705,849.7136,258.93985
371,1210,car,199.41501,488.73334,364.85553,644.5665,282.13525,566.6499
371,847,car,582.34595,496.17932,705.54095,636.66174,643.9435,566.42053
371,1124,car,690.6797,189.75607,754.4386,250.97278,722.55914,220.36443
371,21,truck,1297.4106,327.91516,1397.4283,450.93167,1347.4194,389.4234
371,848,car,344.55188,538.4098,522.9478,731.1689,433.74985,634.7893
371,1173,person,1310.7595,790.7264,1355.831,892.5612,1333.2953,841.6438
371,1109,car,649.3913,300.0682,735.6702,390.3667,692.53076,345.21747
371,1467,person,1495.1091,477.62704,1529.2579,559.3169,1512.1836,518.472
371,1448,motorcycle,649.6829,754.58264,694.4279,843.445,672.0554,799.0138
371,1452,person,699.6025,859.0609,774.4942,1030.804,737.04834,944.93243
371,1573,car,740.44037,78.6724,788.8075,114.82491,764.6239,96.74866
371,1464,car,1341.5447,498.50555,1503.1522,633.4827,1422.3484,565.99414
371,1188,car,765.78485,194.99942,827.0719,259.86026,796.42834,227.42984
371,1333,car,1209.3472,486.78665,1238.6436,549.47437,1223.9954,518.1305
371,53,train,1557.2177,266.88187,1915.7953,742.60187,1736.5065,504.74188
371,1604,car,345.39127,621.8103,482.39224,730.52673,413.89175,676.1685
371,1305,car,897.7019,367.91483,950.722,447.56696,924.2119,407.7409
371,947,car,1405.569,608.1668,1495.4734,702.4372,1450.5212,655.302
371,1070,car,513.1629,236.11208,623.99,321.33972,568.5764,278.7259
372,620,car,1315.5541,476.30917,1376.1567,548.60706,1345.8555,512.4581
372,879,car,814.7653,225.57399,878.667,292.0683,846.7162,258.82114
372,1210,car,191.75336,491.89374,359.01413,649.474,275.38373,570.68384
372,847,car,578.3796,499.93713,703.1878,642.50494,640.7837,571.22107
372,1124,car,688.04694,190.93457,751.30853,251.871,719.67773,221.40279
372,21,car,1296.3574,325.8311,1395.6667,447.54938,1346.0121,386.69025
372,848,car,336.02173,545.219,515.6059,738.0898,425.8138,641.6544
372,1173,person,1313.1654,799.86255,1357.3303,900.7109,1335.2478,850.28674
372,1109,car,648.39746,302.16595,734.00464,392.05914,691.20105,347.11255
372,1467,person,1494.5435,471.7776,1529.1836,555.0033,1511.8635,513.39044
372,1448,person,641.3863,737.6346,697.0152,848.094,669.20074,792.86426
372,1452,person,698.9438,878.4911,768.14716,1036.0874,733.5455,957.28925
372,1573,car,738.88226,78.65776,786.4533,114.13823,762.6678,96.397995
372,1464,car,1340.7228,497.68903,1503.0133,633.6441,1421.868,565.66656
372,1188,car,766.5743,198.25986,825.4164,259.2651,795.99536,228.76248
372,1333,car,1210.0089,489.7792,1239.2897,551.8671,1224.6493,520.8232
372,53,train,1553.2904,259.58795,1919.6147,746.3845,1736.4526,502.98624
372,947,car,1405.9171,608.7147,1496.2228,702.5376,1451.07,655.62616
372,1070,car,513.9161,237.32912,623.77094,322.6558,568.8435,279.99246
372,1158,person,1440.2205,429.75827,1465.876,479.61444,1453.0482,454.68634
372,606,car,1254.0463,332.12073,1303.527,405.05344,1278.7866,368.5871
373,620,car,1315.8783,474.42978,1377.7899,548.24207,1346.8341,511.33594
373,879,car,814.5507,227.14397,877.2348,292.38193,845.89276,259.76294
373,1210,car,183.7868,494.9677,354.2188,655.6096,269.0028,575.2887
373,847,car,573.3677,504.9809,700.59515,650.78424,636.98145,577.88257
373,1124,car,685.4155,190.61726,749.21246,252.1225,717.31396,221.36987
373,21,truck,1297.188,324.29376,1395.6097,444.55887,1346.3989,384.42633
373,848,car,327.8332,549.20795,510.43393,744.77747,419.13354,646.9927
373,1173,person,1315.5186,805.8374,1360.457,909.6165,1337.9878,857.7269
373,1109,car,646.8782,303.44913,733.03345,394.59344,689.9558,349.0213
373,1467,person,1493.6715,469.0462,1528.171,551.9619,1510.9213,510.50406
373,1448,person,642.7887,741.57733,693.7087,842.1799,668.24866,791.8786
373,1452,person,694.124,891.34247,766.3305,1056.8533,730.2273,974.0979
373,1573,car,737.3028,77.43064,784.6311,112.68651,760.9669,95.05858
373,1464,car,1343.6349,494.67932,1503.9631,629.6845,1423.7991,562.1819
373,1188,car,763.1072,197.63547,825.15814,261.59326,794.1327,229.61436
373,1333,car,1210.9633,493.34766,1240.5364,555.8755,1225.7498,524.6116
373,947,car,1403.9204,607.6443,1495.4218,702.66815,1449.6711,655.15625
373,1070,car,509.06418,237.33466,620.34283,323.6369,564.7035,280.48578
373,1618,car,1298.3066,326.55292,1397.2848,441.7094,1347.7957,384.13116
373,1471,car,676.8705,131.10287,742.3329,180.46619,709.6017,155.78453
373,1568,motorcycle,1410.7874,707.25745,1447.9742,781.57477,1429.3809,744.41614
373,1305,car,894.87573,371.91245,949.30914,453.89322,922.0924,412.90283
374,620,car,1315.1798,473.49258,1377.3503,548.0996,1346.2651,510.79608
374,879,car,810.60376,227.07242,875.3594,294.48587,842.98157,260.77914
374,1210,car,176.16171,498.27264,348.01447,660.5815,262.08807,579.42706
374,847,car,568.0228,510.14853,696.3193,657.5157,632.171,583.8321
374,1124,car,683.7028,191.56058,747.0455,252.25833,715.37415,221.90945
374,848,car,322.47458,555.7894,506.2628,751.85925,414.36868,653.82434
374,1173,person,1318.7211,811.3922,1365.8591,920.4491,1342.29,865.92065
374,1109,car,645.6288,305.81284,730.2638,396.0351,687.9463,350.92395
374,1467,person,1492.3828,465.47162,1528.102,551.6844,1510.2424,508.578
374,1448,person,637.89526,748.4299,686.75836,844.7262,662.3268,796.578
374,1452,person,687.77325,908.1798,760.8613,1075.9026,724.31726,992.0412
374,1573,car,736.639,75.51593,785.7048,112.02236,761.1719,93.76915
374,1464,car,1341.5323,493.46762,1503.2274,630.1703,1422.3799,561.819
374,1188,car,763.44464,197.94447,826.2799,262.19467,794.8623,230.06958
374,1333,person,1211.5116,493.77316,1241.5659,557.7037,1226.5388,525.7384
374,947,car,1406.5919,607.4458,1495.6086,698.42206,1451.1003,652.93396
374,1070,car,509.25522,237.39047,620.6702,324.45032,564.9627,280.9204
374,1630,car,920.0351,73.3787,960.4991,113.96268,940.2671,93.670685
374,1471,car,674.98846,130.01723,740.83636,179.9618,707.9124,154.98952
374,1568,motorcycle,1412.1995,708.72864,1448.6089,779.2477,1430.4042,743.98816
374,1305,car,894.33154,374.8046,947.65607,454.71893,920.9938,414.76178
374,1158,person,1435.8978,424.82117,1465.7764,484.03986,1450.8372,454.4305
374,606,car,1253.2128,330.30423,1301.9167,401.97195,1277.5647,366.1381
375,620,car,1314.8774,472.1039,1376.995,546.6832,1345.9363,509.39355
375,879,car,809.3741,226.8893,874.6284,295.09457,842.0012,260.99194
375,1210,car,166.89467,502.64062,342.31586,668.65576,254.60526,585.6482
375,847,car,562.63513,513.87585,693.3731,664.23944,628.00415,589.0576
375,1124,car,682.0249,192.44295,745.0451,252.49193,713.53503,222.46744
375,848,car,316.02505,560.97406,501.69513,758.5985,408.8601,659.78625
375,1173,person,1322.3551,818.84454,1370.3549,929.9856,1346.355,874.41504
375,1109,car,642.287,307.5911,726.60284,397.7031,684.44495,352.6471
375,1467,person,1491.3489,464.03525,1527.7676,552.1757,1509.5582,508.10547
375,1448,person,625.3158,758.9965,685.5887,878.5222,655.4523,818.7594
375,1452,person,685.4936,923.4527,755.92554,1080.0,720.7096,1001.7263
375,1573,car,739.1051,75.832825,786.7262,111.41227,762.91565,93.62254
375,1188,car,762.6736,197.77116,826.2632,262.711,794.4684,230.24109
375,1333,person,1212.6854,494.71194,1242.8204,559.2802,1227.7529,526.9961
375,947,car,1406.9187,606.75836,1495.3718,696.2147,1451.1453,651.4866
375,1070,car,510.29803,237.022,622.5017,325.79315,566.3999,281.4076
375,1630,car,913.7741,59.540276,967.2453,113.44647,940.5097,86.49338
375,1471,car,676.2713,128.70497,742.5698,179.9775,709.42053,154.34123
375,1568,motorcycle,1413.2666,708.4637,1449.776,777.4027,1431.5212,742.9332
375,1305,car,893.5941,373.38654,947.9137,455.00916,920.7539,414.19785
375,606,car,1253.7535,331.92227,1300.6543,400.16556,1277.2039,366.0439
375,21,truck,1299.4905,321.91638,1395.9246,439.8089,1347.7075,380.86264
376,620,car,1313.8842,470.6388,1377.5808,547.36273,1345.7324,509.00076
376,879,car,808.1964,225.69452,873.9165,294.8901,841.05646,260.2923
376,1210,car,158.93608,507.01147,335.02267,673.8522,246.97937,590.4318
376,847,car,556.73035,518.516,691.54443,674.14935,624.1374,596.33264
376,1124,car,678.39355,191.55342,742.457,252.62215,710.4253,222.08778
376,848,car,315.60983,563.30615,501.33334,762.53046,408.4716,662.91833
376,1173,person,1325.7714,826.64777,1373.0961,936.2019,1349.4337,881.4248
376,1109,car,639.8316,310.1255,724.4219,400.51004,682.1267,355.31775
376,1467,person,1491.1097,460.20255,1528.3666,550.80255,1509.7382,505.50256
376,1452,person,687.4744,943.20197,744.95825,1067.949,716.2163,1005.57544
376,1573,car,735.69904,75.19904,783.6323,110.876854,759.66565,93.03795
376,1188,car,759.84125,197.3226,824.7972,264.2026,792.3192,230.7626
376,1333,person,1212.8674,496.19406,1243.433,562.37286,1228.1501,529.28345
376,947,car,1405.1606,605.17926,1496.0466,697.066,1450.6036,651.1226
376,1070,car,511.5167,237.01404,624.4158,328.0084,567.96625,282.51123
376,1471,car,676.7511,129.00987,739.99475,178.33041,708.3729,153.67014
376,1305,car,893.1857,373.24664,948.148,456.08575,920.6669,414.6662
376,606,car,1252.5465,328.55487,1301.3732,399.8827,1276.9598,364.21878
376,1644,car,869.9889,121.83591,906.6691,165.15974,888.329,143.49783
376,1647,car,652.8119,128.68016,738.264,180.95049,695.53796,154.81532
376,21,truck,1300.8375,320.11063,1397.693,438.79437,1349.2653,379.4525
376,1158,person,1432.0836,420.55,1465.2765,486.92377,1448.68,453.73688
377,620,car,1314.2395,469.49655,1376.4971,544.54114,1345.3683,507.01886
377,879,car,806.5139,225.28502,873.5681,296.67215,840.041,260.97858
377,1210,car,151.65195,511.34146,329.9714,680.6575,240.81168,595.99945
377,847,car,551.8383,523.87354,688.658,682.24115,620.24817,603.0574
377,1124,car,677.57446,193.67818,740.3511,253.37106,708.96277,223.52463
377,848,truck,306.7518,568.495,496.56912,772.4639,401.66046,670.4795
377,1173,person,1328.3398,833.158,1376.0078,943.813,1352.1738,888.4855
377,1109,car,633.5962,311.36774,719.54596,403.93674,676.57104,357.65222
377,1467,person,1490.874,457.29883,1527.3954,546.0174,1509.1348,501.6581
377,1452,person,683.68304,958.3359,740.65967,1079.2649,712.1714,1018.8004
377,1573,car,734.68256,73.265594,784.8463,110.30678,759.7644,91.78619
377,1188,car,757.69696,197.26906,823.62805,265.50195,790.6625,231.3855
377,1333,person,1213.1927,496.24683,1244.3947,564.4384,1228.7937,530.34265
377,947,car,1404.9144,600.11456,1498.8788,695.1466,1451.8966,647.6306
377,1070,car,510.10745,238.17516,621.52405,329.5267,565.81573,283.85092
377,1471,car,674.6373,127.231476,740.486,179.16098,707.56165,153.19623
377,1305,car,893.06494,373.73553,947.9644,456.44214,920.51465,415.08884
377,606,car,1255.2366,330.88974,1301.0973,397.71198,1278.167,364.30084
377,1644,car,871.479,121.47905,907.12274,163.60739,889.3009,142.54321
377,21,truck,1300.335,319.11392,1396.1614,436.60736,1348.2482,377.86066
377,1448,person,616.5769,781.3818,673.85925,894.0018,645.2181,837.6918
377,1568,motorcycle,1417.8726,709.37585,1456.8629,781.21295,1437.3677,745.29443
378,620,car,1315.3207,468.1745,1375.1506,539.97986,1345.2356,504.07718
378,879,car,806.0143,224.8438,872.57837,296.50525,839.2963,260.67453
378,1210,car,143.4802,517.01434,321.82812,686.0306,232.65416,601.52246
378,847,car,547.2981,528.789,685.19147,688.75574,616.24475,608.77234
378,1124,car,675.41156,192.89899,740.09546,254.1728,707.75354,223.53589
378,848,truck,297.8906,574.0043,491.00177,782.19165,394.44617,678.09796
378,1173,person,1330.9109,838.67194,1377.0808,945.36566,1353.9958,892.0188
378,1109,car,627.8844,314.52545,714.0653,406.61508,670.97485,360.57025
378,1467,person,1491.1804,457.25122,1527.3446,545.0487,1509.2625,501.14996
378,1452,person,679.7347,975.7428,732.8055,1080.0,706.2701,1027.8713
378,1573,car,731.493,73.14541,781.94055,110.15503,756.7168,91.65022
378,1188,car,755.61127,197.46902,821.1711,265.88727,788.3912,231.67815
378,1333,car,1213.2906,498.7525,1245.0737,567.954,1229.1821,533.3533
378,947,car,1402.7931,595.8717,1501.0886,695.8043,1451.9409,645.838
378,1070,car,505.84427,235.06793,620.46747,331.0115,563.1559,283.03973
378,1471,car,672.9515,127.59923,739.0216,179.93048,705.9866,153.76486
378,1305,car,890.92145,373.7498,948.51086,460.92648,919.7162,417.33813
378,606,car,1255.9001,330.6133,1300.995,396.17136,1278.4475,363.39233
378,1644,car,869.90186,120.26799,906.85547,164.00687,888.37866,142.13742
378,21,truck,1302.746,318.38565,1397.1351,434.70026,1349.9406,376.54297
378,1661,motorcycle,1331.9875,872.2862,1374.8988,954.3975,1353.4431,913.34186
378,1448,person,618.0292,795.34155,663.67065,882.599,640.8499,838.9703
378,1568,motorcycle,1419.1998,714.4582,1458.0746,783.806,1438.6372,749.1321
378,53,train,1551.9923,250.00548,1914.1001,728.317,1733.0461,489.16125
379,620,car,1314.1481,466.88724,1374.7914,539.574,1344.4697,503.2306
379,879,car,806.3473,226.82704,871.0518,296.77972,838.6996,261.80338
379,1210,car,133.35788,521.84314,315.3758,694.3723,224.36684,608.1077
379,847,car,541.16473,533.847,681.8431,697.3763,611.5039,615.61163
379,1124,car,672.99976,192.80966,737.8191,254.14914,705.4094,223.4794
379,848,truck,289.63635,578.9498,485.91928,790.80164,387.77783,684.87573
379,1173,person,1332.4502,844.08746,1378.8529,950.95557,1355.6516,897.5215
379,1109,car,625.6336,316.75742,712.76526,409.72168,669.19946,363.23956
379,1467,person,1491.9098,455.23535,1527.6631,542.5979,1509.7864,498.91663
379,1452,person,678.51917,993.9084,725.69775,1080.0,702.10846,1036.9542
379,1573,car,730.6518,73.04172,781.0715,109.982285,755.86163,91.512
379,1188,car,755.3668,200.05353,819.012,266.41006,787.18945,233.2318
379,1333,person,1214.1578,499.74445,1245.2662,567.8818,1229.712,533.8131
379,947,car,1404.4252,595.93225,1501.0115,694.01624,1452.7183,644.97424
379,1070,car,502.3725,237.37173,615.1097,332.91617,558.7411,285.14395
379,1305,car,890.46765,376.67047,947.4281,462.73898,918.9479,419.7047
379,606,car,1256.128,328.93912,1300.7511,393.63718,1278.4396,361.28815
379,21,truck,1302.5934,317.1644,1396.985,433.64444,1349.7892,375.40442
379,1661,motorcycle,1330.4115,864.4612,1379.4613,958.44806,1354.9364,911.4546
379,1448,person,605.8012,810.99335,655.8755,906.8737,630.8384,858.93353
379,1568,motorcycle,1419.9728,713.6551,1462.9207,788.7518,1441.4468,751.2034
379,1671,car,288.2615,667.7326,437.72733,789.75635,362.99442,728.7445
379,1647,car,652.25793,125.072876,742.4518,180.6697,697.35486,152.87128
380,620,car,1314.2415,465.27905,1377.3167,540.70807,1345.779,502.99356
380,879,car,805.12805,228.7581,868.86755,297.7618,836.9978,263.25995
380,1210,car,125.289925,526.07745,309.83044,701.09155,217.56018,613.5845
380,847,car,536.0862,540.5045,676.9145,704.63403,606.50037,622.5693
380,1124,car,670.39,193.29912,735.556,254.93565,702.973,224.11739
380,848,truck,279.87363,584.63586,479.3014,799.2965,379.58752,691.9662
380,1173,person,1334.4292,849.47235,1382.5616,959.9991,1358.4954,904.7357
380,1109,car,622.0737,319.19638,709.9675,412.7874,666.0206,365.99188
380,1467,person,1490.535,451.85977,1526.9901,541.5816,1508.7626,496.7207
380,1452,person,677.49634,1008.5347,719.2015,1080.0,698.3489,1044.2673
380,1573,car,729.7841,72.48197,780.0281,109.34164,754.9061,90.911804
380,1188,car,753.92487,200.95787,817.2344,266.69922,785.5796,233.82855
380,1333,person,1215.5353,501.88858,1246.7341,570.6079,1231.1348,536.2482
380,947,car,1402.1747,591.16034,1504.2396,696.0754,1453.2072,643.61786
380,1070,car,503.42093,240.3131,610.68976,332.3592,557.05536,286.33615
380,1305,car,890.06024,379.29675,948.18176,467.4913,919.121,423.39404
380,606,car,1257.1144,329.65323,1300.9689,392.61728,1279.0416,361.13525
380,21,truck,1302.8052,315.6257,1397.5616,432.57617,1350.1833,374.10095
380,1448,person,601.9422,824.71814,648.8668,911.3929,625.40454,868.05554
380,1568,motorcycle,1423.3053,723.93604,1461.5009,788.0239,1442.4031,755.98
380,1671,car,277.72098,674.979,428.3283,797.9393,353.02466,736.4591
380,1679,person,593.6252,824.4541,652.3872,965.83795,623.0062,895.146
380,1682,person,1438.7961,411.14856,1465.4496,459.67548,1452.1228,435.41202
380,1647,car,649.49304,121.86687,743.2024,180.22499,696.3477,151.04593
380,1464,car,1339.2465,485.85394,1499.7236,623.715,1419.4851,554.7845
381,620,car,1313.4188,464.28613,1376.042,539.4138,1344.7305,501.84998
381,879,car,804.9937,231.1542,867.1353,298.33948,836.0645,264.74683
381,1210,car,116.87814,531.42206,302.04865,706.80707,209.4634,619.11456
381,847,car,531.16486,546.2668,672.6438,711.2112,601.9043,628.739
381,1124,car,668.19934,194.91438,733.2846,256.30316,700.74194,225.60876
381,848,car,271.59473,591.9638,473.1655,808.85284,372.38013,700.4083
381,1109,car,619.13916,320.97504,709.1654,416.07556,664.1523,368.5253
381,1467,person,1491.5835,450.6346,1527.7394,540.17535,1509.6614,495.40497
381,1452,person,680.80945,1028.9319,712.93427,1080.0,696.8718,1054.466
381,1573,car,729.29315,71.86037,779.02966,108.36139,754.1614,90.11088
381,1188,car,751.0658,200.9149,814.74066,267.57098,782.9032,234.24295
381,1333,car,1214.9847,502.10458,1247.4292,573.1294,1231.207,537.617
381,947,car,1402.1019,592.8391,1503.1547,697.45654,1452.6283,645.1478
381,1070,car,502.24573,243.04114,606.614,333.59064,554.4299,288.3159
381,1305,truck,888.5701,379.63162,947.50006,469.485,918.0351,424.5583
381,606,car,1254.5266,325.45914,1300.7905,391.58228,1277.6586,358.5207
381,21,truck,1302.7666,313.12003,1397.7217,430.492,1350.2441,371.80603
381,1679,person,589.5653,835.41626,649.288,978.8744,619.42664,907.1453
381,1682,person,1434.9957,409.25348,1467.2808,468.3303,1451.1382,438.79187
381,1464,car,1345.0168,484.76288,1499.0984,618.7546,1422.0576,551.7587
381,1630,car,909.5891,49.335354,965.8992,107.025215,937.74414,78.18028
381,1471,car,667.107,123.27833,732.8487,176.15742,699.97784,149.71788
381,1661,person,1332.3076,859.6844,1384.5758,960.56244,1358.4417,910.1234
382,620,car,1313.9021,463.2046,1376.3558,538.2632,1345.1289,500.7339
382,879,car,803.0714,231.84007,865.3678,299.11414,834.2196,265.4771
382,1210,car,107.12967,535.6151,295.7405,714.354,201.43509,624.98456
382,847,truck,524.9758,553.1996,670.175,722.86017,597.57544,638.0299
382,1124,car,665.5398,193.50249,732.9353,257.2637,699.23755,225.38309
382,848,truck,261.69946,597.0401,469.0116,820.67896,365.35553,708.8595
382,1109,car,616.88495,322.557,708.0469,418.16208,662.46594,370.35956
382,1467,person,1491.929,449.71375,1527.0303,536.98065,1509.4796,493.3472
382,1573,car,729.83093,72.080154,778.8107,108.05194,754.3208,90.06605
382,1188,car,750.8218,200.44386,815.8627,268.85953,783.3422,234.6517
382,1333,car,1215.3274,504.61697,1248.2092,576.2242,1231.7683,540.4206
382,947,car,1400.7144,591.3005,1504.0112,699.617,1452.3628,645.45874
382,1070,car,501.70764,246.085,601.7584,333.29303,551.73303,289.68903
382,1305,car,887.63745,381.22302,948.4009,474.7684,918.01917,427.99573
382,606,car,1252.4551,322.85312,1299.3413,389.01547,1275.8982,355.9343
382,21,truck,1301.385,311.0181,1396.4048,428.21442,1348.8949,369.61627
382,1679,person,587.991,851.59937,639.49506,974.30206,613.74304,912.9507
382,1682,person,1434.7745,407.06015,1464.1628,460.75497,1449.4688,433.90756
382,1464,car,1347.6661,480.67834,1499.0839,613.8025,1423.375,547.2404
382,1630,car,909.4267,45.34006,966.8946,105.256645,938.16064,75.298355
382,1471,car,667.4647,122.87543,730.8154,174.45235,699.1401,148.66388
382,1173,person,1340.5741,864.8383,1385.8234,967.83923,1363.1987,916.33875
383,620,car,1313.2279,462.54535,1375.525,537.7664,1344.3765,500.15588
383,879,car,802.28754,232.42964,865.26434,300.6642,833.77594,266.54694
383,1210,car,98.08408,542.17957,287.24615,721.34705,192.66512,631.7633
383,847,car,519.63654,560.508,665.3918,730.6043,592.51416,645.55615
383,1124,car,663.0476,195.51706,729.92096,258.40564,696.48425,226.96135
383,848,car,255.4905,601.7975,463.68805,826.4537,359.58926,714.1256
383,1109,car,614.1918,324.07965,706.408,420.08435,660.2999,372.082
383,1573,car,726.5681,71.056984,776.9987,108.22314,751.78345,89.64006
383,1188,car,747.94244,199.12671,815.0431,270.10062,781.4928,234.61366
383,947,car,1400.6537,589.0249,1505.4677,700.26514,1453.0607,644.645
383,1070,car,498.67834,247.22768,598.84076,335.02258,548.7595,291.12512
383,1305,car,886.38763,382.12863,948.741,478.93484,917.56433,430.53174
383,606,car,1251.5878,316.66812,1301.8583,388.26825,1276.723,352.4682
383,21,truck,1303.0211,310.07837,1397.5457,427.2306,1350.2834,368.65448
383,1679,person,574.0521,868.6457,636.82526,1017.9102,605.4387,943.27795
383,1682,person,1434.6313,407.6158,1460.7882,455.16608,1447.7097,431.39093
383,1464,car,1349.288,477.85046,1501.6862,614.06024,1425.487,545.9553
383,1630,car,909.96716,43.6757,966.98236,104.05975,938.47473,73.86773
383,1471,car,668.8234,121.875374,731.31146,173.92706,700.06744,147.90121
383,1173,person,1342.1418,873.8705,1389.1921,979.5203,1365.667,926.69543
383,1267,car,1323.8412,587.0129,1365.5647,664.3099,1344.7029,625.6614
384,620,car,1313.373,460.6645,1374.7393,534.8751,1344.0562,497.7698
384,879,car,798.5086,233.09215,862.7136,302.11118,830.6111,267.60165
384,1210,car,89.45942,548.5335,280.25232,728.73615,184.85587,638.6348
384,847,bus,514.082,567.7072,659.7938,737.529,586.93787,652.6181
384,1124,car,660.9073,195.32646,729.43475,259.67795,695.171,227.5022
384,848,truck,246.53267,606.78064,460.21307,838.15094,353.37286,722.4658
384,1109,car,610.67365,325.48575,705.4203,423.9534,658.047,374.71957
384,1573,car,722.4943,70.078926,773.9517,107.73112,748.223,88.90502
384,1188,car,744.81445,199.74817,811.9455,271.35034,778.38,235.54926
384,947,car,1400.7493,587.3997,1504.2346,698.3996,1452.492,642.89966
384,1070,car,494.61758,245.54109,597.7149,336.53418,546.16626,291.03763
384,1305,car,886.07245,383.10062,947.7318,479.2683,916.9021,431.18445
384,606,car,1254.3859,318.49814,1301.526,385.50027,1277.9559,351.9992
384,21,truck,1300.5414,306.60037,1396.2871,425.4791,1348.4143,366.03973
384,1679,person,566.0005,884.8859,630.76385,1037.8146,598.3822,961.3502
384,1682,person,1431.0192,405.2693,1458.0795,454.27057,1444.5493,429.76993
384,1464,car,1349.387,475.83545,1498.5316,610.1631,1423.9592,542.99927
384,1471,car,666.1304,120.73259,729.80853,173.90176,697.9695,147.31717
384,1173,person,1344.2457,881.6355,1394.4667,994.4487,1369.3562,938.0421
384,1267,car,1324.6914,588.0185,1366.6335,664.89545,1345.6625,626.457
384,1467,person,1490.1543,445.25262,1521.4341,523.13434,1505.7942,484.19348
384,1333,person,1217.2338,507.21344,1250.1459,579.4023,1233.6898,543.30786
385,620,car,1312.8898,460.09833,1374.4375,534.6981,1343.6636,497.39822
385,879,car,797.15704,234.73187,861.74634,303.58987,829.45166,269.1609
385,1210,car,78.23912,552.3128,273.8277,737.12067,176.03342,644.71674
385,847,bus,506.57803,573.75836,655.89435,747.72736,581.2362,660.74286
385,1124,car,658.27057,196.07481,727.0187,260.4541,692.64465,228.26447
385,848,car,237.84247,612.74414,451.8108,844.729,344.82663,728.7366
385,1109,car,607.5191,326.15897,706.45483,429.00848,656.98694,377.58374
385,1573,car,716.1332,69.18273,770.30426,108.0395,743.21875,88.611115
385,1188,car,742.31036,198.80545,809.9278,271.96912,776.1191,235.38728
385,947,car,1403.5997,583.0853,1508.26,695.8975,1455.9299,639.49146
385,1070,car,490.62488,244.05447,595.8704,337.76532,543.2477,290.9099
385,1305,car,884.64966,385.70294,947.609,484.7844,916.12933,435.24365
385,606,car,1253.839,314.32648,1303.1659,385.20908,1278.5024,349.76776
385,21,truck,1300.541,305.67392,1395.8494,424.20758,1348.1952,364.94073
385,1679,person,566.91455,902.939,618.68604,1021.2488,592.8003,962.0939
385,1682,person,1429.8519,403.45737,1458.8536,456.20395,1444.3528,429.83066
385,1464,car,1346.1451,474.2051,1494.4156,607.3658,1420.2804,540.78546
385,1173,person,1348.6876,889.46246,1398.8535,1002.2182,1373.7705,945.84033
385,1267,motorcycle,1327.071,590.6697,1367.6077,665.3981,1347.3394,628.0339
385,1467,person,1489.0726,443.53116,1520.4816,520.62415,1504.7771,482.07764
385,1647,car,640.00183,120.43285,732.30743,178.76508,686.15466,149.59897
385,1630,car,909.96045,41.499798,966.97675,102.8263,938.4686,72.16305
386,620,car,1312.6885,458.1419,1373.7496,532.2023,1343.219,495.1721
386,879,car,794.50854,235.89642,860.2991,305.3474,827.4038,270.62192
386,1210,car,68.314766,557.54724,267.03497,745.11957,167.67487,651.3334
386,847,car,501.03088,579.70245,653.3574,757.44525,577.19415,668.57385
386,1124,car,656.2183,198.2098,725.1757,262.7013,690.697,230.45554
386,848,truck,227.917,616.84357,445.90598,853.6188,336.9115,735.2312
386,1109,car,605.76373,328.09482,705.3545,431.50827,655.5591,379.80154
386,1573,car,714.0925,69.104706,769.768,108.9871,741.9303,89.0459
386,1188,car,739.857,200.86772,806.8767,274.61316,773.3668,237.74045
386,947,car,1402.9003,585.6238,1507.5485,699.32166,1455.2244,642.4727
386,1070,car,487.22522,246.48618,591.804,339.84995,539.51465,293.16806
386,1305,truck,884.20807,386.24667,946.59955,485.48465,915.4038,435.86566
386,21,truck,1299.8728,303.32047,1394.9965,421.29144,1347.4346,362.30597
386,1682,person,1424.812,400.29956,1459.6523,464.29276,1442.2322,432.29614
386,1173,motorcycle,1349.818,895.132,1404.4854,1018.11194,1377.1516,956.62195
386,1267,motorcycle,1328.8114,592.22327,1369.0314,666.4776,1348.9214,629.35046
386,1467,person,1489.1606,442.62097,1520.4199,518.8869,1504.7903,480.75394
386,1158,person,1418.1416,401.93152,1453.9283,472.53818,1436.0349,437.23486
386,1471,car,661.8912,125.3711,723.5352,176.41731,692.7132,150.89421
387,620,car,1312.5619,456.2937,1374.8323,532.14996,1343.697,494.22183
387,879,car,793.07117,236.0785,859.6781,305.97147,826.37463,271.025
387,1210,car,58.33119,562.59204,259.07526,752.2968,158.70322,657.44446
387,847,car,494.03403,585.96106,650.135,768.3057,572.08453,677.1334
387,1124,car,654.3557,197.6953,724.50885,263.2874,689.43225,230.49136
387,848,truck,219.64937,627.52295,439.55344,866.0109,329.6014,746.76697
387,1109,car,603.0466,330.0601,703.85223,434.71295,653.4494,382.38654
387,1573,car,711.3204,69.03479,766.3709,107.61392,738.84564,88.324356
387,1188,car,739.159,206.57748,801.5323,275.99826,770.34564,241.28787
387,947,car,1404.2596,585.2615,1508.3746,698.2888,1456.3171,641.77515
387,1070,car,485.9303,247.55252,589.62,340.7397,537.77515,294.14612
387,21,truck,1300.055,302.75275,1394.7784,419.6564,1347.4167,361.2046
387,1682,person,1423.4602,397.65128,1459.7656,465.4117,1441.6129,431.5315
387,1173,person,1352.9567,904.48785,1406.7001,1025.691,1379.8284,965.0895
387,1267,motorcycle,1329.9434,591.4812,1370.3864,666.85785,1350.1648,629.16956
387,1730,car,1299.3842,302.8332,1396.6212,419.57156,1348.0027,361.2024
387,1733,motorcycle,1349.89,903.3364,1407.948,1027.2825,1378.919,965.30945
387,1471,car,655.049,120.13437,722.45306,176.31271,688.75104,148.22354
387,53,truck,1548.8258,243.82265,1916.7325,727.9888,1732.7792,485.9057
387,1333,person,1222.2286,513.62177,1249.7874,573.3113,1236.008,543.46655
387,606,car,1254.2563,310.26675,1301.6095,378.6686,1277.9329,344.46768
387,1679,person,547.4338,941.6279,606.6871,1074.718,577.0604,1008.173
387,1630,car,910.9005,42.35968,964.6802,101.343124,937.79034,71.8514
388,620,car,1312.2755,455.31158,1373.4303,529.747,1342.8529,492.5293
388,879,car,792.3919,237.41823,858.5624,306.41364,825.4772,271.91592
388,1210,car,48.451942,568.8829,250.21939,759.51733,149.33566,664.2001
388,847,car,486.54675,591.6753,646.2136,778.63666,566.3802,685.156
388,1124,car,651.7899,199.11925,721.67676,264.251,686.73334,231.68512
388,848,truck,213.25606,636.0221,433.5516,874.28326,323.40384,755.1527
388,1109,car,598.2443,332.25815,700.21606,438.854,649.2302,385.5561
388,1573,car,714.0929,68.28086,767.35657,105.411316,740.72473,86.846085
388,1188,car,737.9887,205.75308,801.4895,277.18423,769.73914,241.46866
388,947,car,1405.4679,584.75446,1507.8331,695.8488,1456.6505,640.30164
388,1070,car,481.12866,249.48741,584.12866,341.95026,532.62866,295.71884
388,21,truck,1301.3201,301.4755,1394.6593,416.20132,1347.9897,358.8384
388,1173,motorcycle,1353.8118,911.06384,1409.3322,1036.0496,1381.572,973.5567
388,1267,motorcycle,1332.1157,593.99207,1372.1909,668.46014,1352.1533,631.2261
388,1730,car,1302.2412,301.86902,1398.2267,417.2038,1350.2339,359.5364
388,1471,car,655.3948,120.753975,721.4242,175.78949,688.4095,148.27173
388,1735,car,874.762,34.495983,916.2109,69.24744,895.48645,51.87171
388,1737,car,1332.7438,360.30072,1393.7784,420.28122,1363.2611,390.29095
388,53,truck,1551.1647,235.1857,1920.0,724.39526,1735.5823,479.79047
388,606,car,1255.1697,310.62375,1300.616,376.05026,1277.8928,343.337
388,1679,person,540.12177,959.82556,597.14764,1080.0,568.6347,1019.9128
388,1630,car,910.4236,41.60991,962.9298,100.08852,936.6767,70.84921
388,1464,car,1344.3608,469.8743,1496.1506,606.12036,1420.2557,537.9973
388,1305,car,880.5447,392.0194,945.28955,496.04053,912.9171,444.02997
388,1467,person,1487.3684,435.31415,1517.9905,509.78305,1502.6794,472.54858
389,620,car,1312.1522,453.04047,1374.384,528.9691,1343.2681,491.0048
389,879,car,790.65,239.12622,857.4989,308.32077,824.07446,273.7235
389,1210,car,37.63833,573.68585,243.86533,768.53406,140.75183,671.11
389,847,car,478.293,597.11346,642.4109,790.189,560.3519,693.65125
389,1124,car,649.2104,199.53455,718.4715,264.23785,683.84094,231.8862
389,848,truck,204.83687,642.84863,429.56985,886.0731,317.20337,764.4609
389,1109,car,595.71063,335.68683,696.7437,441.63095,646.2272,388.65887
389,1573,car,708.5238,67.69634,763.29865,104.99156,735.91125,86.34395
389,1188,car,735.82166,205.3008,799.802,277.51474,767.8118,241.40778
389,947,car,1404.3782,584.4603,1506.0774,695.2458,1455.2278,639.853
389,1070,car,476.08777,248.84671,581.45337,343.60278,528.77057,296.22473
389,21,truck,1301.1853,299.4794,1394.8446,415.05313,1348.0149,357.26627
389,1173,person,1358.3141,920.63495,1411.2457,1039.095,1384.7799,979.865
389,1267,motorcycle,1334.0315,592.0014,1375.338,668.7766,1354.6848,630.38904
389,1730,car,1302.105,299.69083,1398.4775,415.7903,1350.2913,357.74057
389,1471,car,654.80365,123.56286,717.95465,176.0342,686.37915,149.79852
389,1737,car,1331.2122,359.15726,1392.0958,418.9456,1361.654,389.05142
389,53,truck,1553.5613,245.38864,1914.9916,718.6582,1734.2764,482.02344
389,606,car,1257.6456,315.14923,1298.8346,373.64005,1278.2401,344.39465
389,1679,person,536.91473,977.9017,589.5807,1080.0,563.2477,1028.9508
389,1305,car,879.1394,396.30786,943.59924,500.33713,911.3693,448.3225
389,1467,person,1486.4398,431.7082,1517.838,507.90375,1502.1389,469.80597
390,620,car,1311.68,451.5025,1374.3209,528.1625,1343.0005,489.8325
390,879,car,788.08356,239.5539,856.3981,309.89108,822.24084,274.72247
390,1210,car,28.370306,580.4647,236.1875,776.6532,132.2789,678.55896
390,847,car,471.70685,605.0114,637.94183,801.18384,554.82434,703.09766
390,1124,car,647.2479,199.73872,717.2563,265.12506,682.2521,232.43188
390,848,truck,194.48866,645.9244,424.61414,895.5582,309.5514,770.74133
390,1109,car,593.05365,338.42676,694.09705,444.59766,643.5753,391.5122
390,1573,car,707.745,66.57013,762.7519,103.6057,735.2484,85.08791
390,1188,car,733.95447,208.8269,796.65656,279.55212,765.30554,244.18951
390,947,car,1404.5223,580.2309,1508.5009,694.09375,1456.5116,637.16235
390,1070,car,471.56293,249.10378,578.81714,345.80106,525.19006,297.45242
390,21,truck,1302.25,298.14417,1396.1874,414.60233,1349.2188,356.37323
390,1173,person,1362.6443,930.90344,1414.2168,1045.0188,1388.4305,987.9611
390,1267,motorcycle,1334.6095,591.2971,1376.8412,670.13995,1355.7253,630.7185
390,1737,car,1331.2294,359.81015,1390.2257,417.6798,1360.7275,388.745
390,53,truck,1550.3672,240.29187,1916.9933,719.63947,1733.6802,479.96567
390,1679,person,540.5979,998.4687,584.2684,1080.0,562.4331,1039.2344
390,1305,car,879.16,400.06256,943.2538,504.04727,911.2069,452.05493
390,1467,person,1484.9999,431.19638,1515.9355,504.97888,1500.4678,468.08765
390,1647,car,636.9032,117.658936,724.3186,173.80994,680.6109,145.73444
390,1464,car,1342.1814,466.63187,1494.2037,603.25946,1418.1926,534.9457
391,620,car,1312.3042,450.06415,1375.0697,527.07245,1343.687,488.5683
391,879,car,785.76526,239.9437,854.7105,310.78986,820.2379,275.36676
391,1210,car,15.412206,584.975,228.30508,785.60535,121.85864,685.29016
391,847,car,465.23557,613.8793,632.93585,812.2742,549.0857,713.0767
391,1124,car,644.97504,200.33282,715.4597,266.2575,680.2174,233.29517
391,848,truck,186.0748,656.7023,416.9361,906.3622,301.50543,781.5322
391,1109,car,589.6903,340.43893,692.72815,448.7485,641.2092,394.59372
391,1573,car,706.9292,65.66686,762.5383,102.64393,734.73376,84.155396
391,1188,car,729.55286,206.87389,795.4218,281.7433,762.4873,244.3086
391,947,car,1403.1803,582.4953,1505.1797,695.0547,1454.1799,638.775
391,1070,car,467.54044,249.28572,576.6777,348.1018,522.1091,298.69376
391,21,truck,1302.4961,298.08246,1395.3268,413.80093,1348.9114,355.9417
391,1173,person,1365.0945,941.8947,1418.1346,1059.7383,1391.6145,1000.8165
391,1267,motorcycle,1336.8214,594.4862,1377.6089,670.21344,1357.2151,632.34985
391,1737,car,1331.6202,358.98352,1389.9248,416.00085,1360.7725,387.4922
391,53,truck,1552.7867,252.71498,1912.3734,718.66144,1732.5801,485.6882
391,1679,person,533.69354,1015.974,570.964,1080.0,552.32874,1047.987
391,1305,car,878.2921,401.49768,943.4913,508.03098,910.8917,454.76434
391,1467,person,1485.0117,429.9405,1515.4436,501.417,1500.2277,465.67874
391,1464,car,1341.8219,465.0742,1492.7736,600.65497,1417.2977,532.86456
391,1333,person,1223.0336,525.4222,1254.6836,594.44354,1238.8586,559.93286
391,1471,car,649.1403,117.89575,715.8407,173.2503,682.4905,145.57303
391,606,car,1257.455,313.9848,1298.5054,371.4007,1277.9802,342.69275
392,620,car,1311.2817,448.0896,1375.1254,526.84955,1343.2036,487.46957
392,879,car,784.9556,240.42418,854.1531,311.48132,819.5543,275.95276
392,1210,car,4.878672,590.08813,221.66235,794.3661,113.270515,692.2271
392,847,car,458.4958,623.00586,627.7009,823.6675,543.0984,723.3367
392,1124,car,643.8664,203.3788,712.051,267.21005,677.95874,235.29443
392,848,truck,175.35947,662.1858,411.3756,917.52826,293.36755,789.85706
392,1109,car,587.48376,343.4242,690.47766,451.48907,638.9807,397.45663
392,1573,car,704.1164,65.35768,760.8034,102.319115,732.4599,83.838394
392,1188,car,728.6145,209.28314,792.70807,282.27313,760.66125,245.77814
392,947,car,1402.43,579.92926,1504.098,693.2124,1453.264,636.5708
392,1070,car,465.01697,251.34607,573.43134,349.9533,519.2241,300.6497
392,21,truck,1305.0082,296.79364,1396.3492,411.39948,1350.6787,354.09656
392,1173,person,1366.9014,951.9175,1421.7562,1073.7887,1394.3289,1012.8531
392,1267,motorcycle,1338.5222,596.2078,1378.6436,670.1157,1358.5829,633.16174
392,53,truck,1549.1178,242.13588,1914.862,714.8234,1731.99,478.47964
392,1305,car,878.9147,403.52567,942.7955,508.2059,910.8551,455.86578
392,1467,person,1483.604,427.96405,1513.9335,499.34232,1498.7688,463.6532
392,1464,car,1345.2814,463.58762,1491.4089,594.04553,1418.3452,528.8166
392,1746,car,781.9044,43.458256,827.7056,85.81622,804.80505,64.63724
392,1333,person,1223.5787,527.77185,1255.8469,598.4841,1239.7129,563.1279
392,1471,car,644.3646,115.33056,713.8929,172.56436,679.1288,143.94746
393,620,car,1311.638,446.7952,1374.3835,524.5486,1343.0107,485.67188
393,879,car,782.2099,241.07408,852.96344,313.7347,817.5867,277.4044
393,1210,car,0.0,596.2204,215.62164,804.25806,107.81082,700.23926
393,847,truck,450.94998,628.2733,625.5513,836.33826,538.2506,732.3058
393,1124,car,639.74835,202.67645,710.6755,268.89374,675.2119,235.7851
393,848,truck,165.4381,670.11523,405.179,929.8177,285.30853,799.96643
393,1109,car,584.90063,346.80762,688.29535,455.80322,636.598,401.30542
393,1573,car,702.5796,65.082794,759.45233,101.53324,731.016,83.308014
393,1188,car,726.978,211.49016,790.1186,283.83673,758.54834,247.66345
393,1070,car,463.15894,254.63058,569.52496,351.29074,516.3419,302.96066
393,21,truck,1305.7886,296.17142,1395.5701,409.27686,1350.6793,352.72412
393,1173,person,1370.2455,958.2974,1424.8085,1079.8989,1397.527,1019.09814
393,1267,motorcycle,1339.8064,595.01074,1380.9512,670.37024,1360.3788,632.6905
393,1305,car,877.34186,405.8887,940.73126,509.34277,909.03656,457.61572
393,1467,person,1482.2267,425.802,1512.8016,497.4829,1497.5142,461.64246
393,1464,car,1347.144,461.51633,1492.6731,591.0258,1419.9086,526.27106
393,1746,car,782.2002,44.031994,827.50037,85.93728,804.8503,64.984634
393,1333,person,1224.5322,529.5005,1257.3218,602.0548,1240.927,565.77765
393,1471,car,644.3135,117.612564,709.99133,171.51006,677.1524,144.56131
393,606,car,1256.7305,312.6815,1297.4824,369.09427,1277.1064,340.88788
394,620,car,1310.8469,447.95575,1372.9224,525.4196,1341.8846,486.68768
394,879,car,779.9785,241.9194,850.86755,314.74524,815.42303,278.33234
394,1210,car,0.0,602.01434,211.12344,813.1192,105.56172,707.5668
394,847,car,445.03998,640.598,619.076,847.9967,532.058,744.29736
394,1124,car,636.10846,202.61635,708.6664,270.3319,672.38745,236.47412
394,848,truck,155.65259,677.56976,399.1534,941.7608,277.403,809.6653
394,1109,car,581.385,348.50586,687.21924,460.36304,634.3021,404.43445
394,1573,car,701.8374,63.130867,760.39136,100.33773,731.1144,81.7343
394,1188,car,722.6402,210.87616,787.83923,286.22714,755.23975,248.55165
394,1070,car,457.1734,255.69446,564.54254,353.45563,510.85797,304.57504
394,21,truck,1305.9133,295.01392,1394.788,407.13318,1350.3506,351.07355
394,1173,person,1375.0315,966.36597,1427.1738,1080.0,1401.1027,1023.183
394,1267,motorcycle,1342.2399,599.734,1381.8678,671.3952,1362.0538,635.5646
394,1305,car,873.85443,406.226,940.92883,516.69995,907.3916,461.46298
394,1467,person,1482.8597,423.9146,1514.4133,496.82065,1498.6365,460.3676
394,1464,car,1345.383,460.01624,1492.711,590.8594,1419.0471,525.4378
394,1746,car,780.375,43.377834,827.00073,86.52431,803.68787,64.95107
394,1333,person,1224.1442,530.6181,1256.7148,602.65063,1240.4294,566.6344
394,1471,car,646.1049,118.38093,710.14484,170.67879,678.1249,144.52986
394,606,car,1255.871,312.70462,1296.776,368.26196,1276.3235,340.48328
394,947,car,1407.8138,581.35443,1499.8436,683.53937,1453.8287,632.4469
394,53,truck,1542.9276,225.87642,1917.8821,710.15826,1730.4048,468.01733
395,620,car,1310.595,444.9232,1372.8729,522.88025,1341.7339,483.90173
395,879,car,778.0301,242.52888,850.05,316.91132,814.04004,279.7201
395,1210,car,0.0,608.4525,206.79477,821.6569,103.397385,715.0547
395,847,car,436.43115,649.86993,614.0223,861.3387,525.2267,755.6043
395,1124,car,633.8215,204.14073,706.95776,272.16754,670.38965,238.15414
395,848,truck,144.96097,684.1944,392.03592,952.0998,268.49844,818.1471
395,1109,car,576.3953,350.91568,683.26056,464.61578,629.82794,407.76575
395,1573,car,698.0339,62.164368,760.17004,101.20219,729.1019,81.68327
395,1188,car,722.3687,212.05655,787.9045,288.06097,755.1366,250.05876
395,1070,car,453.2857,257.57758,559.8398,354.72827,506.56274,306.15292
395,21,truck,1305.9506,291.4336,1395.9427,405.81955,1350.9467,348.6266
395,1173,person,1382.0157,978.0366,1430.2118,1080.0,1406.1138,1029.0183
395,1267,motorcycle,1344.8842,600.55817,1385.361,673.32404,1365.1226,636.9411
395,1305,car,873.3075,410.4361,939.3802,519.28467,906.3439,464.86038
395,1467,person,1481.4642,421.06674,1515.6895,499.26212,1498.5769,460.16443
395,1464,car,1355.7426,463.47324,1500.1344,593.94275,1427.9385,528.708
395,1333,person,1225.0375,532.28143,1257.0448,603.28357,1241.0411,567.7825
395,1471,car,645.40936,119.8034,708.7105,171.50093,677.05994,145.65216
395,606,car,1253.6946,307.88898,1296.9701,366.3356,1275.3323,337.1123
395,947,car,1412.7524,580.7261,1495.958,671.54626,1454.3552,626.13617
396,620,car,1311.306,445.39694,1372.6023,522.0058,1341.9541,483.70135
396,879,car,775.9318,242.68292,849.0649,318.64038,812.49835,280.66165
396,1210,car,0.0,616.10767,202.67508,831.7083,101.33754,723.90796
396,847,car,428.37784,659.2431,608.7284,874.4357,518.5531,766.8394
396,1124,car,632.2274,205.67433,704.4776,272.4924,668.35254,239.08337
396,848,truck,132.0803,692.5201,383.94528,965.54456,258.0128,829.03235
396,1109,car,571.88983,353.0809,679.3255,467.76282,625.60767,410.42188
396,1573,car,698.66785,60.77776,762.74054,101.18894,730.7042,80.98335
396,1188,car,717.13794,212.9813,783.2765,289.93835,750.2072,251.45982
396,1070,car,448.827,258.65594,556.1213,356.62625,502.47412,307.6411
396,21,truck,1305.2559,289.07538,1395.6123,404.96307,1350.4341,347.01923
396,1267,motorcycle,1347.6234,604.6094,1389.0065,678.48566,1368.315,641.5475
396,1305,car,873.7145,413.66306,938.3345,520.6381,906.0245,467.15057
396,1467,person,1480.0471,419.41406,1512.845,494.8542,1496.446,457.13412
396,1464,car,1348.3951,458.19962,1495.9631,591.4915,1422.1792,524.8456
396,1333,person,1225.3976,534.38,1257.7957,606.1626,1241.5967,570.2713
396,1471,car,645.29,119.63679,709.62854,172.15231,677.4592,145.89455
396,606,car,1252.2164,303.84906,1296.2101,363.1548,1274.2133,333.50192
396,947,car,1411.5619,578.87335,1495.8927,670.3787,1453.7273,624.62604
396,1770,bus,427.72244,659.0662,610.64935,873.2197,519.1859,766.14294
396,53,truck,1544.0068,231.1029,1916.5231,710.839,1730.2649,470.97095
397,620,car,1309.9192,442.52274,1372.165,520.3195,1341.0421,481.42114
397,879,car,773.69196,242.51715,847.5617,319.44986,810.62683,280.98352
397,1210,truck,0.0,621.91675,199.6272,843.4769,99.8136,732.69684
397,847,bus,420.3628,669.2275,602.4409,886.52246,511.40186,777.875
397,1124,car,628.4061,204.53354,702.7349,273.22864,665.57056,238.88109
397,848,truck,120.07072,701.03955,375.21875,977.26074,247.64473,839.15015
397,1109,truck,566.5769,356.92657,673.424,471.5462,620.0005,414.2364
397,1573,car,697.0826,57.260452,764.7102,100.59711,730.89636,78.92878
397,1188,car,715.4582,215.2176,780.62354,291.07755,748.0409,253.14758
397,1070,car,444.79596,258.62332,553.7805,358.8186,499.28824,308.72095
397,21,truck,1303.8209,287.9086,1394.973,405.33948,1349.397,346.62402
397,1267,motorcycle,1349.1818,604.4203,1391.8223,679.8339,1370.502,642.1271
397,1305,car,871.8803,417.53464,937.6983,527.24554,904.7893,472.39008
397,1467,person,1479.3799,417.61954,1512.0243,493.1232,1495.7021,455.37137
397,1464,car,1344.904,455.46292,1493.8534,590.0246,1419.3787,522.7438
397,1333,person,1227.3756,538.6443,1258.2139,605.6115,1242.7947,572.1279
397,1471,car,643.15564,118.78288,707.17206,171.2518,675.1638,145.01733
397,606,car,1248.6931,297.20914,1296.1721,361.19397,1272.4326,329.20154
397,1770,car,419.87302,668.2831,605.1943,885.34375,512.5336,776.8134
397,53,truck,1544.4971,226.12984,1918.7487,708.23773,1731.6228,467.18378
397,1173,person,1393.2177,998.25714,1433.6921,1080.0,1413.4548,1039.1285
398,620,car,1309.5663,439.1251,1372.6462,517.9735,1341.1062,478.54932
398,879,car,772.95636,244.70956,845.20044,320.01062,809.07837,282.3601
398,1210,car,0.0,628.815,194.20377,853.4265,97.10188,741.1207
398,847,car,411.3011,679.6,596.6597,901.0864,503.9804,790.3432
398,1124,car,625.5198,203.45021,701.9055,273.9928,663.71265,238.7215
398,848,truck,111.63824,709.31476,368.85873,987.611,240.24849,848.4629
398,1109,truck,562.23804,360.11844,670.1957,476.55612,616.21686,418.33728
398,1573,car,695.71246,55.025547,764.5304,99.93321,730.12146,77.47938
398,1188,car,712.0885,215.55167,778.5876,293.16553,745.338,254.3586
398,1070,car,441.28076,260.6313,550.2336,361.29422,495.75717,310.96277
398,21,truck,1301.442,285.3583,1393.647,404.533,1347.5444,344.94565
398,1267,motorcycle,1350.009,607.2478,1392.7319,682.1746,1371.3705,644.7112
398,1305,car,870.6934,421.16196,936.9164,531.27374,903.80493,476.21783
398,1467,person,1481.2621,417.25085,1514.9467,493.66217,1498.1044,455.4565
398,1464,car,1342.4436,452.4393,1493.7059,589.70795,1418.0747,521.0736
398,1471,car,639.1263,118.62268,704.508,172.4187,671.81714,145.52069
398,606,car,1247.825,293.02737,1297.4642,360.35428,1272.6445,326.69083
398,1770,bus,409.91522,678.21423,599.55054,900.59406,504.73288,789.4042
398,53,truck,1542.67,224.22406,1916.9882,705.1816,1729.8291,464.70282
398,1777,motorcycle,1448.6967,713.1354,1505.9692,832.66327,1477.333,772.8993
398,1778,bus,0.0,628.1607,177.73453,853.3779,88.86726,740.7693
398,1158,person,1411.427,378.70108,1444.5312,444.83295,1427.9791,411.76703
399,620,car,1309.5631,437.22272,1371.9017,514.9776,1340.7324,476.10016
399,879,car,770.0182,243.58472,845.00934,322.19763,807.5138,282.89117
399,847,car,402.00955,690.3061,591.02356,916.62634,496.51654,803.4662
399,1124,car,622.60767,204.75555,698.63837,275.1044,660.62305,239.92998
399,848,truck,100.52702,717.86584,362.8666,1001.69415,231.69681,859.78
399,1109,car,559.5046,363.19366,667.69055,480.00436,613.59753,421.599
399,1573,car,695.2773,53.83098,764.47437,99.579094,729.87585,76.70503
399,1188,car,711.12354,217.70569,775.6925,293.142,743.408,255.42384
399,1070,car,435.7223,260.88565,547.79706,364.55396,491.75967,312.7198
399,21,truck,1300.5349,283.90958,1392.6229,403.1027,1346.5789,343.50613
399,1267,motorcycle,1350.9308,605.10126,1395.2737,682.9427,1373.1023,644.022
399,1305,car,869.76117,423.55173,936.94855,535.42957,903.35486,479.49066
399,1467,person,1478.7935,411.5423,1513.7394,491.2729,1496.2664,451.4076
399,1464,car,1340.9548,451.858,1491.8618,588.9506,1416.4083,520.4043
399,1471,car,637.0441,117.96985,702.60474,172.06474,669.82446,145.0173
399,1770,bus,399.5375,690.0149,593.09143,917.2799,496.31445,803.6474
399,53,truck,1543.9347,225.6055,1915.9088,702.4081,1729.9218,464.00677
399,1777,motorcycle,1452.3217,717.3637,1508.0927,833.417,1480.2072,775.3904
399,1778,car,0.0,634.9779,174.38438,862.51697,87.19219,748.74744
399,1158,person,1409.3046,374.5453,1443.0566,442.68582,1426.1807,408.61554
399,1333,person,1228.86,543.3355,1261.0399,611.92725,1244.95,577.63135
400,620,car,1310.6674,437.82083,1372.859,515.33057,1341.7632,476.57568
400,879,car,767.66394,242.8326,843.5932,323.07443,805.62854,282.95352
400,1124,car,619.32434,205.44855,695.25793,275.82367,657.29114,240.63611
400,848,truck,88.30445,726.57355,356.14783,1016.5507,222.22614,871.56213
400,1109,car,555.73627,366.14926,666.13635,485.6684,610.9363,425.9088
400,1573,car,690.8144,53.561115,760.08453,99.148056,725.44946,76.35458
400,1188,car,708.22186,217.73833,774.5166,295.389,741.36926,256.56366
400,1070,car,428.49744,259.98877,544.2744,367.14658,486.38593,313.5677
400,21,truck,1299.9003,281.16144,1391.597,399.64877,1345.7487,340.4051
400,1267,motorcycle,1353.6978,604.84094,1398.8756,683.8348,1376.2866,644.3379
400,1305,car,869.2592,425.49597,935.9003,536.6491,902.5798,481.07254
400,1467,person,1477.61,408.0685,1514.7773,491.61624,1496.1936,449.84238
400,1464,car,1341.2537,450.7667,1490.8724,586.43353,1416.063,518.6001
400,1471,car,634.7451,118.19759,699.27875,171.84999,667.01196,145.02379
400,53,truck,1544.4921,225.053,1914.7587,698.16876,1729.6254,461.61087
400,1777,motorcycle,1459.4062,722.9513,1507.4303,821.9889,1483.4182,772.4701
400,1778,car,0.0,642.37054,168.68593,869.5571,84.342964,755.96387
400,1158,person,1409.9163,374.68073,1441.9872,440.5696,1425.9517,407.62518
400,1787,person,388.68182,442.85883,442.49695,543.0629,415.5894,492.96088
400,1333,person,1229.2682,544.909,1264.5519,619.344,1246.91,582.12646
400,606,car,1248.9265,288.92017,1299.4235,358.18152,1274.175,323.55084
401,620,car,1310.1914,437.22406,1372.6974,514.92053,1341.4443,476.0723
401,879,car,767.2718,245.67459,841.6028,324.74545,804.43726,285.21002
401,1124,car,616.5128,205.85667,692.9505,276.7319,654.7317,241.29428
401,848,truck,74.76692,733.687,350.45486,1032.4686,212.6109,883.0778
401,1109,truck,551.2226,369.53464,662.8511,490.36087,607.03687,429.94775
401,1573,car,692.0858,52.754837,758.88385,97.618645,725.48486,75.18674
401,1188,car,704.5893,218.44017,772.98096,298.4404,738.78516,258.44028
401,1070,car,423.0402,259.2388,541.35345,369.24994,482.19684,314.2444
401,21,truck,1302.1082,279.53738,1393.3798,397.43015,1347.7439,338.48376
401,1267,motorcycle,1354.9442,602.0313,1402.1703,684.6247,1378.5573,643.328
401,1305,car,867.4516,429.17764,932.74615,537.4726,900.0989,483.32513
401,1464,car,1341.3057,449.86588,1490.7949,585.43695,1416.0503,517.6514
401,1471,car,630.98914,115.76559,699.00037,172.19197,664.99475,143.97878
401,53,truck,1547.5326,230.76924,1913.8644,697.193,1730.6985,463.9811
401,1777,person,1464.443,720.62616,1515.9553,827.31665,1490.1992,773.97144
401,1778,truck,0.0,646.86615,166.04062,879.87384,83.02031,763.37
401,1158,person,1412.3937,371.85556,1442.3783,434.2785,1427.386,403.06702
401,1787,person,384.29425,450.0812,436.17648,546.7502,410.23535,498.4157
401,1333,person,1229.2192,547.72504,1265.5698,624.2143,1247.3945,585.96967
401,606,car,1249.6556,288.28336,1298.995,356.30057,1274.3253,322.29196
401,1210,car,0.0,650.008,179.77264,880.88556,89.88632,765.4468
401,847,bus,383.89044,710.41174,580.61,946.4152,482.2502,828.41345
402,620,car,1310.2767,434.87396,1371.524,510.86017,1340.9004,472.86707
402,879,car,764.1154,245.9287,838.9331,325.80957,801.5243,285.86914
402,1124,car,613.82733,208.57089,690.51904,279.26236,652.1732,243.91663
402,848,truck,63.839733,743.20636,343.02258,1046.1484,203.43115,894.67737
402,1109,truck,547.18054,371.58496,660.8846,494.68854,604.0326,433.13675
402,1573,car,693.43335,52.49485,757.0219,95.811066,725.22766,74.152954
402,1188,car,705.2553,224.64603,769.5726,299.34534,737.41394,261.99567
402,1070,car,420.4892,264.21533,535.65784,371.3338,478.07352,317.77457
402,21,truck,1299.5935,277.39557,1391.245,395.2635,1345.4192,336.32953
402,1267,motorcycle,1357.4492,603.5235,1404.2437,684.80597,1380.8464,644.16473
402,1305,car,864.8873,431.82257,933.9367,547.3173,899.412,489.56995
402,1464,car,1341.2216,448.8671,1490.0869,583.93634,1415.6543,516.40173
402,1471,car,626.89136,114.29392,696.9759,172.37424,661.9336,143.33408
402,1777,motorcycle,1467.7832,727.5806,1519.105,834.08453,1493.4441,780.8326
402,1778,car,0.0,655.84656,161.35474,890.15686,80.67737,773.0017
402,1158,person,1410.479,368.6898,1443.2161,437.79254,1426.8475,403.24115
402,1787,car,377.72467,455.40784,430.18173,553.0751,403.9532,504.24146
402,1333,person,1229.7366,548.9717,1266.6992,626.71356,1248.2179,587.84265
402,606,car,1250.6549,287.55115,1299.2073,354.94498,1274.9312,321.24805
402,1799,person,1488.0352,427.99493,1519.1597,492.73563,1503.5974,460.3653
402,1800,car,61.579296,878.0377,271.1579,1043.1332,166.36859,960.58545
402,847,car,374.0638,721.53375,574.9735,963.03345,474.51868,842.28357
402,947,car,1404.8379,564.9521,1508.8599,680.563,1456.8489,622.75757
402,1467,person,1475.293,405.90247,1512.258,488.05646,1493.7755,446.97946
403,620,car,1309.7235,434.2749,1371.7236,511.237,1340.7236,472.75595
403,879,car,760.887,248.63844,835.12225,327.7489,798.00464,288.19366
403,1124,car,610.8395,209.90216,688.9502,282.05594,649.89484,245.97905
403,848,truck,86.460686,751.5538,334.11572,1019.7111,210.28821,885.63245
403,1109,car,543.952,374.66602,658.2562,498.52405,601.1041,436.59503
403,1573,car,693.4861,51.6053,754.8696,93.95452,724.17786,72.77991
403,1188,car,701.208,223.25546,767.12006,299.95154,734.16406,261.60352
403,1070,car,416.1446,266.10217,531.32434,373.631,473.73447,319.86658
403,21,truck,1302.2017,275.56424,1393.6859,393.6163,1347.9438,334.59027
403,1267,motorcycle,1359.6935,601.51825,1408.0809,685.2028,1383.8872,643.36053
403,1305,car,863.03937,435.73254,933.60645,554.46246,898.3229,495.0975
403,1464,car,1338.6959,445.14673,1491.493,584.4517,1415.0945,514.7992
403,1471,car,625.0603,114.09706,694.2883,171.57132,659.6743,142.8342
403,1777,person,1465.2738,721.84827,1519.6581,834.6562,1492.466,778.2522
403,1778,car,0.0,665.0553,152.94899,894.6754,76.474495,779.86536
403,1158,person,1407.8771,366.99374,1441.7161,437.6934,1424.7966,402.34357
403,1787,car,371.38434,458.21182,425.1624,558.3174,398.27338,508.2646
403,1333,person,1230.984,550.94434,1268.9718,631.07947,1249.9779,591.0119
403,606,car,1251.5963,289.24146,1297.0483,352.04007,1274.3223,320.64075
403,1799,person,1484.6201,419.65887,1518.9996,491.34927,1501.8098,455.5041
403,1800,car,54.461636,897.3042,257.72653,1057.359,156.09409,977.3316
403,847,car,364.45456,733.52997,569.6267,980.92944,467.04065,857.22974
403,947,car,1404.3909,564.03925,1508.4121,681.80426,1456.4015,622.92175
403,1467,person,1476.3214,406.29153,1514.095,489.38165,1495.2083,447.8366
403,53,truck,1546.2698,230.9244,1914.2618,697.77216,1730.2659,464.34827
404,620,car,1309.3696,433.8231,1371.3671,510.83206,1340.3684,472.32758
404,879,car,758.8276,250.05157,835.47314,332.0771,797.1504,291.06433
404,1124,car,608.45996,208.39325,686.548,280.8362,647.50397,244.61473
404,848,car,90.42591,761.7573,322.4517,1010.89856,206.4388,886.32794
404,1109,car,539.96265,379.32645,654.2715,503.2257,597.11707,441.27606
404,1573,car,688.34186,50.29077,752.18964,95.24757,720.26575,72.769165
404,1188,car,697.0381,220.9355,766.2482,301.80612,731.6432,261.37082
404,1070,car,413.01187,270.9584,525.2259,375.64178,469.1189,323.3001
404,21,truck,1302.239,274.23962,1395.7291,395.40982,1348.9841,334.8247
404,1267,motorcycle,1360.7389,601.2541,1409.9845,686.39343,1385.3617,643.8237
404,1305,car,862.18677,440.9355,932.7643,559.31976,897.4755,500.12762
404,1464,car,1340.9213,444.32443,1491.998,582.70233,1416.4597,513.51337
404,1471,car,620.62915,111.24488,692.78253,171.06262,656.7058,141.15375
404,1777,motorcycle,1465.5823,722.3888,1520.0105,834.55634,1492.7964,778.47253
404,1778,car,0.0,671.86206,145.7691,899.956,72.88455,785.90906
404,1333,person,1233.0408,553.95886,1269.9305,632.62335,1251.4856,593.29114
404,606,car,1248.6504,285.499,1296.4642,351.0203,1272.5574,318.25964
404,1799,person,1485.7228,423.10995,1517.1357,488.7709,1501.4292,455.94043
404,1800,car,42.484543,915.8262,243.77225,1074.0692,143.12839,994.9477
404,847,car,351.76575,743.17725,564.07776,1000.22675,457.92175,871.702
404,947,car,1404.3478,563.49005,1506.6637,680.7125,1455.5057,622.1013
405,620,car,1308.9203,431.8551,1371.6814,509.94043,1340.3008,470.89777
405,879,car,756.26447,251.80696,833.605,334.25867,794.9347,293.0328
405,1124,car,605.7895,210.81503,683.6976,282.7634,644.7435,246.78922
405,848,car,83.586205,771.85815,313.0246,1016.902,198.3054,894.38007
405,1109,car,535.71954,382.56104,651.6107,508.7133,593.66516,445.63715
405,1573,car,690.6109,49.758324,751.63367,93.77144,721.1223,71.76488
405,1188,car,693.9232,219.48627,765.4853,303.3813,729.7042,261.43378
405,1070,car,407.1226,269.66074,523.95654,378.54282,465.53955,324.10178
405,21,truck,1300.0217,271.98502,1394.0732,393.84467,1347.0475,332.91486
405,1267,motorcycle,1363.2036,605.16223,1411.1821,687.9479,1387.1929,646.55505
405,1305,car,861.5975,443.0382,932.09796,561.8305,896.8477,502.43436
405,1464,car,1342.2737,442.41498,1493.1753,581.3623,1417.7245,511.88864
405,1471,car,619.71387,111.743416,690.2493,169.97755,654.98157,140.86049
405,1777,motorcycle,1468.8984,724.9824,1522.9994,836.379,1495.949,780.6807
405,1778,car,0.0,679.917,133.9678,896.6301,66.9839,788.27356
405,1333,person,1235.2094,557.07806,1271.1255,633.9228,1253.1675,595.5004
405,606,car,1249.86,287.03995,1294.9941,348.5137,1272.427,317.77682
405,1799,person,1484.5779,415.36078,1518.1332,486.20624,1501.3555,450.7835
405,1800,car,32.384697,924.9322,231.11726,1080.0,131.75098,1002.46606
405,847,car,342.36005,757.8869,556.9342,1018.5465,449.64713,888.2167
405,947,car,1403.8817,563.11145,1505.112,679.7241,1454.4968,621.4178
406,620,car,1308.6766,430.47937,1371.33,508.66733,1340.0033,469.57336
406,879,car,749.8281,252.3751,830.086,337.0357,789.95703,294.7054
406,1124,car,601.59424,210.1142,682.8715,285.18237,642.2329,247.64828
406,1109,car,531.9959,385.9174,649.2144,514.0195,590.60516,449.96844
406,1573,car,689.85645,49.954853,749.8067,93.4814,719.83154,71.718124
406,1188,car,694.5518,223.74026,764.69745,305.24832,729.62463,264.4943
406,1070,car,403.05182,272.2841,520.1331,380.90323,461.59247,326.59366
406,21,truck,1299.2183,270.80643,1391.5446,390.6607,1345.3813,330.73358
406,1267,motorcycle,1364.9751,604.8455,1414.1027,689.56683,1389.5388,647.2062
406,1305,car,859.23834,447.32047,931.2936,569.29376,895.266,508.30713
406,1464,car,1342.8777,441.31973,1493.1957,580.23535,1418.0366,510.77753
406,1471,car,619.6997,110.756065,689.8319,168.74788,654.7658,139.75197
406,1777,motorcycle,1470.4874,726.29364,1524.1776,836.2187,1497.3325,781.25616
406,1778,car,0.0,687.9418,122.93823,895.07227,61.469116,791.507
406,1333,person,1235.7632,561.45447,1270.7673,636.99567,1253.2653,599.2251
406,606,car,1248.421,284.8307,1294.5413,347.1791,1271.4812,316.00488
406,1799,person,1483.0662,411.27094,1517.7792,485.1811,1500.4226,448.226
406,1800,car,26.549116,938.5305,212.01434,1080.0,119.28173,1009.26526
406,847,car,331.52173,770.91626,550.8727,1038.4305,441.1972,904.6734
406,947,car,1404.6377,563.7436,1504.748,679.0843,1454.6929,621.41394
406,1158,person,1405.1521,359.6329,1440.5198,435.95752,1422.8359,397.79523
407,620,car,1308.0914,428.41815,1371.4106,507.57693,1339.751,467.99756
407,879,car,748.37634,253.2853,830.6216,339.91074,789.49896,296.59802
407,1124,car,598.54456,211.551,679.9514,286.68637,639.248,249.11868
407,1109,car,528.05316,389.31848,645.83954,518.11914,586.94635,453.7188
407,1573,car,689.2825,50.80292,748.4646,94.12403,718.87354,72.46348
407,1188,car,688.37775,224.68906,761.83856,310.77225,725.10815,267.73065
407,1070,car,396.88766,272.65857,516.1791,383.49377,456.5334,328.07617
407,21,truck,1298.7611,269.02225,1388.4849,385.32614,1343.623,327.1742
407,1267,motorcycle,1368.0559,610.1388,1415.7456,692.1451,1391.9008,651.14197
407,1305,car,857.24365,449.82904,929.6888,572.91833,893.4662,511.3737
407,1464,car,1343.6552,440.85733,1492.4929,579.1157,1418.074,509.9865
407,1471,car,617.8948,111.0875,688.14966,169.24974,653.0222,140.16862
407,1777,motorcycle,1471.6986,727.45636,1524.4413,834.25476,1498.07,780.8556
407,1778,car,0.0,695.3538,111.18495,883.9877,55.592476,789.6708
407,1333,person,1236.5956,562.13226,1271.3518,637.55115,1253.9736,599.8417
407,606,car,1249.2572,284.84106,1295.0283,346.3286,1272.1428,315.58484
407,1799,person,1485.4943,414.93158,1516.7529,481.88232,1501.1235,448.40695
407,847,car,320.27844,783.17224,545.2709,1058.2047,432.77466,920.6885
407,947,car,1405.4554,563.87415,1503.7161,677.3505,1454.5857,620.6123
407,1158,person,1406.6339,358.12088,1438.609,427.53925,1422.6215,392.83008
408,620,car,1308.206,426.28934,1372.7323,507.36884,1340.4692,466.8291
408,879,car,748.1546,256.1631,829.8305,341.98416,788.99255,299.0736
408,1124,car,595.7991,212.21149,677.68677,287.5328,636.7429,249.87215
408,1109,car,523.44037,392.72855,643.5212,523.96893,583.4808,458.34875
408,1573,car,687.00916,51.115105,745.0963,93.90738,716.05273,72.511246
408,1188,car,685.7564,224.39224,762.6992,314.8598,724.2278,269.62604
408,1070,car,391.67194,275.13895,512.68243,387.75098,452.1772,331.44495
408,21,truck,1297.9421,267.91254,1388.0673,384.4846,1343.0046,326.19855
408,1267,motorcycle,1369.2162,609.17944,1418.4832,694.08966,1393.8496,651.6345
408,1305,car,855.2206,453.7146,929.57794,580.3187,892.3993,517.01666
408,1464,car,1343.8794,440.52298,1491.0361,577.572,1417.4578,509.0475
408,1471,car,612.15027,109.466484,685.5433,169.65347,648.8468,139.55998
408,1778,car,0.0,703.4014,99.06055,876.41156,49.530273,789.9065
408,1333,person,1237.2291,565.43756,1271.5444,640.1971,1254.3867,602.8173
408,606,car,1245.4254,278.10352,1295.5397,345.49582,1270.4825,311.79968
408,1799,person,1487.2853,417.6847,1516.2568,480.0933,1501.771,448.88898
408,847,car,310.10727,796.3482,537.9665,1075.4868,424.03687,935.9175
408,1158,person,1410.1113,355.3069,1437.1493,413.60364,1423.6304,384.45526
408,1845,car,981.6659,109.64617,1019.82526,159.88635,1000.7456,134.76627
408,1787,person,339.4047,482.97464,394.54526,585.8155,366.97498,534.3951
408,848,car,44.85696,804.3952,289.0141,1064.0286,166.93553,934.2119
409,620,car,1308.7246,424.74072,1372.906,505.5988,1340.8153,465.16974
409,879,car,748.67474,257.02786,830.7182,343.8182,789.6965,300.42303
409,1124,car,591.90674,212.11285,675.939,289.6318,633.92285,250.87233
409,1109,car,516.4701,396.70596,639.15466,531.1358,577.8124,463.9209
409,1573,car,687.7733,50.939976,744.6238,93.077354,716.19855,72.00867
409,1188,car,681.1707,225.84059,757.94415,316.76913,719.55743,271.30487
409,1070,car,384.89746,276.32715,507.6231,390.3904,446.26028,333.35876
409,21,truck,1295.4144,265.72495,1386.9441,383.7664,1341.1792,324.74567
409,1267,motorcycle,1370.8077,608.47925,1421.8765,696.9228,1396.342,652.70105
409,1305,car,854.1532,455.59164,929.868,585.2739,892.0106,520.4328
409,1464,car,1344.3367,438.99466,1491.7313,576.7679,1418.0339,507.8813
409,1471,car,609.41016,109.360855,684.02374,170.50421,646.7169,139.93253
409,1778,car,0.0,715.56866,87.60968,874.8529,43.80484,795.2108
409,1333,person,1237.2041,568.9567,1273.303,648.1316,1255.2535,608.5442
409,606,car,1244.2079,274.29132,1296.2467,344.11523,1270.2273,309.20328
409,1799,person,1487.4259,418.8586,1514.2607,476.65674,1500.8433,447.7577
409,847,car,305.0208,810.08203,527.86926,1080.0,416.44504,945.041
409,1158,person,1410.4998,355.0439,1435.916,409.22983,1423.2079,382.13687
409,1845,car,980.9057,110.033745,1019.49426,160.79779,1000.19995,135.41577
409,1787,motorcycle,333.86813,497.2711,385.98938,593.9672,359.92877,545.61914
409,848,truck,32.85743,815.74316,278.4306,1074.7949,155.64401,945.26904
409,947,car,1408.9167,563.96747,1503.785,674.07135,1456.3508,619.0194
410,620,car,1308.7847,424.0192,1373.6694,505.9867,1341.227,465.00293
410,879,car,746.49884,260.00137,828.009,346.03708,787.2539,303.01923
410,1124,car,588.61664,213.92218,674.32745,292.8812,631.47205,253.40169
410,1109,car,511.89255,399.94217,636.75964,537.21765,574.3261,468.5799
410,1573,car,687.9298,51.070187,743.46045,92.415504,715.6951,71.74284
410,1188,car,678.2828,228.10622,753.8756,318.29288,716.0792,273.19955
410,1070,car,379.17145,278.53516,502.16272,392.5039,440.66708,335.51953
410,21,truck,1296.2593,263.33093,1388.8026,382.33466,1342.531,322.8328
410,1267,motorcycle,1374.014,608.2453,1425.5239,697.89044,1399.769,653.0679
410,1305,car,853.39716,460.8818,928.86975,590.55884,891.1334,525.72034
410,1464,car,1342.5834,437.70496,1489.7079,576.0328,1416.1456,506.86887
410,1471,car,604.3143,108.05932,681.4863,171.10002,642.90027,139.57967
410,1778,car,0.0,730.4417,74.452896,873.33844,37.226448,801.8901
410,1333,person,1239.3601,572.4142,1274.9156,649.49646,1257.138,610.9553
410,606,car,1240.6311,271.51526,1293.4391,341.76053,1267.0352,306.63788
410,1799,person,1486.075,416.87115,1513.7996,476.80524,1499.9373,446.8382
410,847,car,299.45578,824.26483,515.0218,1080.0,407.23877,952.13245
410,1158,person,1407.4998,352.14862,1439.058,420.9741,1423.2788,386.56134
410,1845,car,979.97144,109.39154,1018.15814,159.59604,999.0648,134.49379
410,1787,person,324.79535,496.82523,380.96817,601.6866,352.88177,549.2559
410,848,car,38.63335,827.8596,253.03168,1044.3162,145.83252,936.0879
410,1856,car,800.066,34.659836,851.2473,79.93126,825.6566,57.295547
410,947,car,1410.427,563.8427,1501.8418,670.4409,1456.1344,617.14185
410,53,truck,1544.0328,200.27504,1917.3845,673.3075,1730.7087,436.79126
411,620,car,1308.9838,422.24014,1372.73,502.88574,1340.8569,462.56293
411,879,car,744.8263,260.53214,826.6642,346.94128,785.74524,303.7367
411,1124,car,584.5401,214.81728,672.3357,295.974,628.43787,255.39563
411,1109,car,507.0622,403.7765,633.6088,543.1069,570.3355,473.44168
411,1573,car,686.5047,50.34537,741.4036,91.12306,713.95416,70.734215
411,1188,car,676.1315,231.14626,750.61914,319.5354,713.3753,275.34082
411,1070,car,373.7934,279.35104,499.72183,396.08218,436.75763,337.7166
411,21,truck,1296.3855,262.3522,1389.9127,382.4694,1343.1492,322.4108
411,1267,motorcycle,1377.025,610.41095,1428.3798,699.8501,1402.7024,655.1305
411,1305,car,851.5636,464.92264,927.7297,596.6794,889.6466,530.801
411,1464,car,1341.699,434.63513,1490.6711,575.09045,1416.185,504.8628
411,1471,car,602.60156,107.44249,680.923,171.51752,641.76227,139.48001
411,1778,car,0.0,744.3495,61.84454,871.2892,30.92227,807.81934
411,1333,person,1240.2463,575.3461,1276.0068,652.23914,1258.1266,613.7926
411,606,car,1242.6477,271.2744,1294.5945,340.282,1268.6211,305.7782
411,1799,person,1485.7797,414.7463,1513.1428,474.14706,1499.4612,444.4467
411,847,car,297.26758,838.6142,503.5719,1080.0,400.41974,959.3071
411,1845,car,979.0434,108.231155,1017.5795,158.85947,998.31146,133.54532
411,1787,person,318.75925,501.4611,374.69482,606.87085,346.72705,554.16595
411,848,car,18.416399,837.89996,251.48111,1070.4923,134.94876,954.19617
411,1856,car,800.38007,32.668358,853.48865,79.67847,826.9343,56.173412
411,1777,motorcycle,1478.7881,729.266,1533.0276,836.7405,1505.9078,783.00323
412,620,car,1308.8527,421.3587,1372.2094,501.6468,1340.531,461.50275
412,879,car,743.29407,262.37463,824.8877,348.20123,784.0909,305.28793
412,1124,car,580.30707,214.96951,670.66614,298.99747,625.4866,256.9835
412,1109,truck,500.7086,407.47754,629.246,549.39545,564.9773,478.4365
412,1573,car,683.2971,48.24376,740.92737,91.1227,712.11224,69.68323
412,1188,car,672.03845,236.52214,744.71826,322.58456,708.37836,279.55334
412,1070,truck,369.46667,280.50348,497.00555,398.79797,433.2361,339.65073
412,21,truck,1297.3553,261.67456,1391.4922,381.88736,1344.4238,321.78094
412,1267,motorcycle,1382.8384,620.922,1429.2974,700.00476,1406.0679,660.4634
412,1305,car,850.4599,469.6012,927.03485,602.48804,888.7474,536.0446
412,1464,car,1342.9181,433.29614,1490.5962,572.94354,1416.7571,503.11984
412,1471,car,600.63477,107.24798,679.8755,172.37434,640.2551,139.81116
412,1333,person,1241.5789,577.7173,1276.279,651.48956,1258.929,614.6034
412,606,car,1241.9307,271.3329,1292.659,338.24188,1267.2949,304.78738
412,1799,person,1484.7455,409.70084,1513.158,471.72394,1498.9517,440.7124
412,847,car,292.16898,850.0229,492.68628,1080.0,392.4276,965.0115
412,1845,car,977.212,107.06717,1016.5783,158.90022,996.89514,132.9837
412,848,truck,13.338961,853.4856,243.14651,1079.234,128.24274,966.3598
412,1856,car,798.66656,30.866728,854.11365,80.04366,826.39014,55.455196
412,1158,person,1403.4893,347.97702,1438.756,426.40204,1421.1226,387.1895
412,947,car,1409.724,570.2552,1495.1409,667.5472,1452.4324,618.9012
412,53,truck,1540.0698,196.63661,1915.6711,670.8034,1727.8705,433.72
413,620,car,1309.3165,420.6474,1371.7083,499.60385,1340.5125,460.1256
413,879,car,742.14545,263.80856,824.3176,350.292,783.23157,307.0503
413,1124,car,577.0372,216.22238,666.0151,299.17868,621.5261,257.70053
413,1109,car,495.85654,412.0187,625.6014,555.42175,560.72894,483.7202
413,1573,car,681.53375,47.222755,740.36224,91.25705,710.948,69.2399
413,1188,car,669.0175,238.58287,741.81903,324.8853,705.4183,281.7341
413,1070,car,363.927,283.2819,492.3025,402.2251,428.11475,342.75348
413,21,truck,1298.5706,260.6136,1392.3727,381.06952,1345.4717,320.84155
413,1267,motorcycle,1385.475,625.0275,1431.2794,701.57904,1408.3772,663.3033
413,1305,car,849.7793,473.6295,926.6308,607.53436,888.2051,540.5819
413,1464,car,1341.3411,430.28552,1491.3422,572.98254,1416.3416,501.63403
413,1471,car,600.3504,110.957214,675.7765,172.96455,638.0635,141.96088
413,1333,person,1243.4702,581.32086,1275.7354,648.5111,1259.6028,614.916
413,606,car,1242.9113,267.83258,1295.746,337.83966,1269.3286,302.83612
413,1799,person,1483.3278,408.05612,1512.2604,471.11496,1497.7941,439.58554
413,847,car,291.08182,867.63214,479.86517,1080.0,385.4735,973.81604
413,848,truck,12.138878,866.29205,233.8475,1080.0,122.993195,973.146
413,1856,car,797.5621,29.937122,852.78644,78.98157,825.17426,54.459343
413,1158,person,1401.5281,346.0079,1437.7578,426.90448,1419.643,386.45618
413,947,car,1409.193,567.4984,1497.2793,666.83563,1453.2361,617.167
413,1787,person,304.5608,513.3728,363.28043,624.1935,333.9206,568.78314
414,620,car,1309.2233,419.52542,1370.6974,497.08145,1339.9603,458.30344
414,879,car,737.8567,266.03275,821.11414,353.31448,779.4854,309.6736
414,1124,car,574.6866,217.54454,662.326,299.2824,618.5063,258.41348
414,1109,car,490.94363,416.1985,623.44165,562.9914,557.1926,489.59494
414,1573,car,680.0854,46.085777,738.2313,89.88083,709.1583,67.98331
414,1188,car,665.18036,237.36569,740.68036,327.038,702.93036,282.20184
414,1070,car,357.5571,286.56094,485.9122,405.30814,421.73465,345.93454
414,21,truck,1296.4304,257.3879,1391.9108,380.1088,1344.1707,318.74835
414,1267,motorcycle,1387.4324,628.2327,1434.1019,704.92114,1410.7671,666.5769
414,1305,car,848.8435,478.46124,925.37445,612.38635,887.109,545.4238
414,1464,car,1341.9645,427.62466,1491.1462,570.12787,1416.5554,498.87628
414,1471,car,599.11774,110.86197,674.51373,172.78206,636.81573,141.82202
414,1333,person,1243.6217,585.6161,1276.931,654.57465,1260.2764,620.09534
414,606,car,1245.2268,268.55325,1296.1296,336.12808,1270.6782,302.34067
414,1799,person,1482.9541,406.06998,1512.3096,470.08936,1497.6318,438.07965
414,847,car,288.86166,888.28925,465.4404,1080.0,377.15103,984.14465
414,848,car,12.553064,881.0301,223.25742,1080.0,117.90524,980.515
414,1856,car,800.4401,29.526007,848.4285,71.8745,824.4343,50.700253
414,947,car,1411.9352,562.33276,1497.5182,658.13153,1454.7267,610.2322
414,1787,person,297.92917,518.9027,355.60748,628.9957,326.7683,573.9492
414,53,truck,1539.2362,194.31941,1913.4255,664.0627,1726.3308,429.19104
415,620,car,1308.7605,419.5161,1371.3518,498.50116,1340.0562,459.00864
415,879,car,737.25806,267.60144,820.335,354.89532,778.7965,311.24838
415,1124,car,573.2647,218.9282,660.5642,300.0611,616.9144,259.49466
415,1109,car,486.41998,421.015,621.3966,571.0315,553.9083,496.02325
415,1573,car,680.02704,45.256508,736.76636,87.72085,708.3967,66.48868
415,1188,car,661.82446,240.9442,737.47504,330.90634,699.6498,285.92526
415,1070,car,350.7273,288.68018,480.96286,409.2152,415.8451,348.9477
415,21,truck,1298.5321,255.29918,1391.9272,376.20624,1345.2297,315.75272
415,1267,motorcycle,1389.6516,626.65576,1438.7562,706.46155,1414.2039,666.55865
415,1305,car,848.0335,485.21774,924.6615,619.7502,886.34753,552.48395
415,1464,car,1340.892,425.7882,1492.1415,571.30585,1416.5167,498.54703
415,1471,car,597.2313,109.603775,673.7453,172.66368,635.4883,141.13373
415,1333,person,1244.6582,589.89526,1278.5381,659.78815,1261.5981,624.8417
415,606,car,1243.483,264.34656,1295.3573,333.55444,1269.4202,298.9505
415,1799,person,1482.2177,403.9018,1511.4696,467.53955,1496.8436,435.72067
415,847,car,289.14246,907.37585,454.73386,1080.0,371.93817,993.6879
415,848,truck,11.244244,890.11676,215.39633,1080.0,113.32029,985.05835
415,1856,car,799.3138,29.781187,847.3485,72.12474,823.3312,50.952965
415,1845,car,976.9438,105.58585,1014.3137,154.61887,995.6288,130.10236
416,620,car,1308.0502,416.633,1371.6063,496.95703,1339.8282,456.795
416,879,car,735.62616,267.6787,821.1445,358.57343,778.3853,313.12607
416,1124,car,570.87085,221.04384,658.47284,302.11923,614.6719,261.58154
416,1109,car,482.0189,426.38876,618.1224,578.12134,550.0706,502.25507
416,1573,car,677.8801,45.26639,734.5733,87.28704,706.2267,66.27672
416,1188,car,657.2941,239.95268,738.11633,336.7748,697.7052,288.36374
416,1070,car,346.80725,291.21564,478.53223,413.31387,412.66974,352.26477
416,21,truck,1296.0049,252.84918,1388.4111,372.5713,1342.208,312.71024
416,1267,motorcycle,1393.5583,630.9431,1442.0565,708.5287,1417.8074,669.7359
416,1305,car,846.00745,491.17047,924.1177,628.8745,885.06256,560.02246
416,1464,car,1339.5618,423.6983,1491.3191,570.7887,1415.4404,497.2435
416,1471,car,596.0745,108.83591,672.6646,171.836,634.36957,140.33595
416,1333,person,1245.5294,592.88824,1279.3054,662.09576,1262.4175,627.492
416,606,car,1244.5369,265.17285,1294.829,332.36176,1269.6829,298.7673
416,1799,person,1483.1251,402.23364,1511.9445,465.42337,1497.5348,433.8285
416,847,car,287.99896,925.18054,443.64355,1080.0,365.82126,1002.5903
416,848,truck,13.26424,905.4147,204.06645,1080.0,108.665344,992.70734
416,1856,car,796.8542,29.753653,848.36127,75.33404,822.6077,52.543846
416,1874,car,651.5269,44.040115,736.19604,90.5397,693.86145,67.28991
416,1875,person,1215.9713,332.97165,1241.6566,389.07974,1228.814,361.0257
416,1845,car,976.5831,103.69468,1014.07227,152.81291,995.3277,128.2538
416,1787,motorcycle,286.7587,549.40106,338.81003,647.24585,312.78436,598.3235
416,53,truck,1534.089,184.20224,1918.1904,666.7181,1726.1396,425.46014
417,620,car,1308.32,414.76605,1372.0369,495.3237,1340.1785,455.04486
417,879,car,731.7013,268.4657,819.49146,362.25668,775.5964,315.3612
417,1124,car,567.38855,223.10776,654.7662,303.48767,611.0774,263.29773
417,1109,car,475.76428,431.11157,614.1627,585.81616,544.9635,508.46387
417,1573,car,674.5293,45.100403,730.7772,86.404564,702.65326,65.75249
417,1188,car,655.0388,240.72804,737.00116,339.31628,696.02,290.02216
417,1070,car,342.03497,290.9843,476.7914,416.26685,409.4132,353.62558
417,21,truck,1299.0322,252.00266,1388.3044,368.0242,1343.6683,310.01343
417,1267,motorcycle,1396.0266,629.07434,1447.299,710.42615,1421.6628,669.75024
417,1305,car,844.16296,495.142,922.7098,634.11206,883.4364,564.627
417,1464,car,1339.7081,422.55447,1488.9281,567.912,1414.3181,495.23322
417,1471,car,593.3197,108.50066,670.25995,171.8616,631.7898,140.18114
417,1333,person,1247.3816,597.49426,1279.6643,662.41,1263.523,629.95215
417,606,car,1245.3033,265.13794,1294.4727,330.7695,1269.888,297.95374
417,1799,person,1484.0757,398.74487,1512.1185,460.90955,1498.0972,429.8272
417,847,car,285.6181,942.18494,432.1849,1080.0,358.9015,1011.09247
417,848,car,14.8327,921.0238,193.5438,1080.0,104.18825,1000.5119
417,1856,car,795.16754,29.414495,848.3695,76.838196,821.76855,53.126347
417,1874,car,651.05444,43.813168,733.8613,89.28597,692.4579,66.54957
417,1875,person,1217.0787,333.1653,1242.4526,388.58826,1229.7656,360.87677
417,1845,car,976.36676,101.57889,1015.6041,152.96193,995.9855,127.27041
417,1787,motorcycle,278.0676,550.56287,334.7775,656.894,306.42255,603.7284
417,53,truck,1534.1292,182.34192,1920.0,668.288,1727.0646,425.31497
418,620,car,1307.7987,412.70572,1372.0338,494.14645,1339.9163,453.4261
418,879,car,727.2809,272.85736,813.53357,363.964,770.4072,318.41068
418,1124,car,561.6236,226.28403,652.26794,309.94623,606.9458,268.1151
418,1109,car,471.9376,437.6985,609.2959,590.9708,540.61676,514.33466
418,1573,car,673.7122,44.784542,730.7389,86.325584,702.2256,65.55506
418,1188,car,653.0717,243.62567,734.4303,341.94473,693.751,292.78522
418,1070,car,335.00595,294.68735,469.4673,419.47946,402.23663,357.0834
418,21,truck,1297.4806,249.78214,1387.9171,367.1471,1342.6989,308.4646
418,1267,motorcycle,1398.1797,629.6382,1450.2738,711.40656,1424.2268,670.52234
418,1305,car,842.9559,499.59967,921.82874,639.3798,882.39233,569.48975
418,1464,car,1340.6154,420.13425,1490.4271,566.9374,1415.5212,493.53583
418,1471,car,592.7675,108.65046,669.8829,172.3834,631.3252,140.51694
418,1333,person,1247.7078,600.71295,1282.2338,670.562,1264.9707,635.63745
418,606,car,1245.695,262.45026,1295.5669,329.35202,1270.6309,295.90112
418,1799,person,1482.8685,396.8524,1510.6842,459.01135,1496.7764,427.9319
418,847,car,284.3123,961.6206,419.42474,1080.0,351.86853,1020.8103
418,848,car,15.697677,935.5932,180.59926,1079.8698,98.14847,1007.73145
418,1856,car,793.5096,28.148054,846.5696,75.38214,820.03955,51.7651
418,1875,person,1217.6793,333.1607,1243.0264,388.5041,1230.3528,360.8324
418,1787,motorcycle,273.39316,570.489,324.72675,665.7962,299.05994,618.1426
418,53,truck,1534.4058,184.3271,1918.8514,667.23126,1726.6287,425.77917
418,1880,car,563.27576,108.4276,673.2176,174.8314,618.2467,141.6295
418,1777,motorcycle,1492.0582,730.8994,1549.0903,837.70624,1520.5742,784.30286
419,620,car,1308.4625,412.171,1371.9526,492.64136,1340.2075,452.4062
419,879,car,728.02496,275.23093,813.50696,365.91187,770.766,320.5714
419,1124,car,558.00006,228.3163,649.15515,312.57623,603.57764,270.44626
419,1109,car,465.9255,442.6593,605.9503,599.0253,535.9379,520.8423
419,1573,car,670.49,44.948055,726.6187,85.88878,698.5543,65.41842
419,1188,car,647.96356,245.77666,730.49225,345.12045,689.2279,295.44855
419,1070,car,328.45972,297.2702,463.69153,422.57193,396.07562,359.92108
419,21,truck,1298.9077,248.54121,1389.515,366.73386,1344.2114,307.63754
419,1267,motorcycle,1400.9432,632.37146,1452.9146,712.79877,1426.929,672.5851
419,1305,car,841.7856,506.12778,920.2132,645.33746,880.9994,575.7326
419,1464,car,1342.0879,419.06747,1490.4119,565.0662,1416.2499,492.06683
419,1471,car,592.262,109.74629,669.3557,173.63489,630.80884,141.69058
419,606,car,1246.6268,263.43076,1293.3578,326.072,1269.9923,294.75137
419,1799,person,1481.4841,393.97043,1510.4493,459.40765,1495.9668,426.68903
419,847,car,284.82352,980.9432,408.04727,1080.0,346.4354,1030.4716
419,848,car,18.970663,953.77136,167.0741,1079.3782,93.02238,1016.57477
419,1856,car,792.18463,27.366024,846.21204,75.568756,819.19836,51.467392
419,1875,person,1217.8362,332.52533,1243.3473,388.1626,1230.5918,360.34396
419,1787,motorcycle,263.84464,563.41046,323.45056,674.16034,293.64758,618.7854
419,53,truck,1533.6443,178.82008,1920.0,665.32214,1726.8221,422.0711
419,1880,car,559.6973,109.79155,669.43274,176.03288,614.56506,142.91222
419,947,car,1409.4116,549.9577,1506.0663,657.5346,1457.739,603.74615
420,620,car,1308.8278,411.5635,1371.8789,491.5221,1340.3533,451.5428
420,879,car,727.2269,277.72717,812.5913,369.19492,769.9091,323.46106
420,1124,car,554.6692,229.19168,646.952,314.4271,600.8106,271.8094
420,1109,car,460.12485,447.0668,604.49756,608.5002,532.3112,527.7835
420,1573,car,672.1774,45.291737,725.8052,84.497856,698.99133,64.8948
420,1188,car,642.6632,249.22447,727.4378,350.10532,685.05054,299.6649
420,1070,car,323.89725,300.6521,459.71082,426.60754,391.80402,363.62982
420,21,car,1299.6033,247.33287,1388.9849,365.31693,1344.2941,306.3249
420,1267,motorcycle,1405.4614,634.4177,1457.2413,713.8237,1431.3513,674.1207
420,1305,car,841.86163,511.36682,920.0462,650.51514,880.9539,580.941
420,1464,car,1343.7673,417.6899,1490.3641,562.7892,1417.0657,490.23956
420,606,car,1244.6259,257.7192,1295.6687,326.61777,1270.1472,292.1685
420,1799,person,1481.1599,393.3296,1509.2603,457.06058,1495.2101,425.19507
420,847,car,284.6793,1000.6374,393.17584,1080.0,338.92755,1040.3187
420,848,car,19.84075,966.86505,155.52206,1078.1598,87.681404,1022.51245
420,1856,car,792.2547,27.593733,844.50726,73.89795,818.381,50.745842
420,1787,motorcycle,254.60542,569.27563,316.12073,682.77325,285.36307,626.0244
420,53,truck,1537.0414,182.91306,1918.7609,662.61755,1727.9011,422.76532
420,1880,car,560.603,111.038956,668.24347,176.11366,614.4232,143.57631
420,947,car,1408.6771,547.8915,1504.052,654.17816,1456.3645,601.0348
421,620,car,1309.3243,410.38913,1371.4315,489.1861,1340.3779,449.7876
421,879,car,725.8474,279.6719,811.76434,372.5515,768.8059,326.1117
421,1124,car,551.6337,230.21083,644.409,315.85986,598.02136,273.03534
421,1109,car,454.4348,451.96146,602.74347,617.73737,528.5891,534.8494
421,1188,car,636.7794,252.13995,722.1886,353.6717,679.484,302.90582
421,1070,car,318.02457,303.01102,455.34567,430.66895,386.68512,366.83997
421,21,car,1298.0073,245.94276,1386.8175,363.82602,1342.4124,304.8844
421,1267,motorcycle,1407.5498,634.57654,1460.7147,715.5031,1434.1323,675.0398
421,1305,car,842.0215,516.9629,917.7385,651.2315,879.88,584.09717
421,1464,car,1343.0698,414.89844,1488.2698,559.55865,1415.6698,487.22855
421,606,car,1248.7168,262.49094,1295.9229,325.8272,1272.3198,294.15906
421,1799,person,1480.8933,392.29764,1509.3744,456.7957,1495.1338,424.54666
421,848,car,22.24788,984.4553,139.49095,1076.423,80.869415,1030.4392
421,1856,car,791.3236,27.848787,843.72144,74.04369,817.5225,50.94624
421,1787,person,243.36226,569.70966,306.34763,688.1857,274.85495,628.9477
421,53,truck,1533.9698,168.98276,1920.0,662.5239,1726.9849,415.75336
421,1880,car,563.34076,110.94201,670.64105,176.07909,616.9909,143.51054
421,947,car,1409.7778,545.71234,1501.1523,646.2345,1455.4651,595.9734
421,1889,truck,1296.4786,248.05083,1383.9291,364.25668,1340.2039,306.15375
422,620,car,1309.3849,409.70264,1371.3878,488.44794,1340.3864,449.0753
422,879,car,723.8512,281.36646,811.249,376.74564,767.5501,329.05603
422,1124,car,548.0702,232.25035,640.78754,317.6518,594.42883,274.95108
422,1109,car,449.2078,456.88974,600.3898,625.6022,524.79877,541.246
422,1188,car,635.0435,256.23257,718.24774,354.9718,676.6456,305.60217
422,1070,car,311.07788,305.246,449.9554,434.2278,380.51666,369.7369
422,21,car,1297.8724,244.94568,1385.5588,361.99545,1341.7156,303.47058
422,1267,motorcycle,1410.9319,637.12683,1464.2164,717.1453,1437.5742,677.1361
422,1305,car,841.8523,522.31934,915.3005,650.53503,878.5764,586.4272
422,1464,car,1343.3802,414.91794,1487.8077,559.798,1415.594,487.35797
422,606,car,1246.4894,258.10468,1295.7642,324.54135,1271.1267,291.323
422,1799,person,1481.807,391.05075,1508.5135,452.14084,1495.1603,421.5958
422,1856,car,791.88007,28.986586,843.8981,75.02958,817.88904,52.008083
422,1787,person,235.65047,574.6697,300.57336,697.40454,268.1119,636.0371
422,53,truck,1533.7928,170.07426,1920.0,664.33984,1726.8965,417.20706
422,947,car,1410.7692,546.2332,1499.3425,642.2365,1455.0559,594.23486
422,1889,truck,1297.4423,247.02982,1383.578,361.55872,1340.5101,304.29425
422,1874,car,640.93616,41.185482,723.5781,86.23747,682.25714,63.71148
422,1333,person,1254.0361,613.6953,1289.4009,684.21497,1271.7185,648.95514
422,1471,car,582.21375,108.95506,662.218,175.50922,622.2159,142.23215
422,1573,car,670.69904,43.56335,725.0247,83.69192,697.8619,63.627632
423,620,car,1309.6292,408.54218,1371.62,487.4236,1340.6245,447.9829
423,879,car,721.1671,283.29608,809.03937,379.32358,765.1033,331.3098
423,1124,car,544.52057,233.92775,638.3516,320.20157,591.4361,277.06467
423,1109,car,444.4201,464.62662,597.3474,634.654,520.8838,549.6403
423,1188,car,633.09796,258.82147,718.35376,360.15106,675.7258,309.48627
423,1070,car,306.54523,308.38107,447.58493,439.2451,377.06506,373.81308
423,21,car,1297.7609,243.84146,1384.1315,358.90234,1340.9462,301.3719
423,1267,motorcycle,1413.2128,640.51447,1464.7554,716.9326,1438.9841,678.7235
423,1305,car,840.16974,528.3634,915.43726,658.67267,877.80347,593.51807
423,1464,car,1344.7028,414.2648,1488.1982,559.1513,1416.4504,486.70807
423,606,car,1246.7761,257.3001,1294.6152,321.6324,1270.6957,289.46625
423,1799,person,1481.5419,390.0935,1506.705,447.70535,1494.1234,418.8994
423,1856,car,789.27576,28.627,842.70074,75.896484,815.9883,52.26174
423,1787,person,227.26413,581.6845,290.02084,701.89197,258.6425,641.7882
423,53,truck,1532.4934,167.05122,1920.0,664.6258,1726.2467,415.8385
423,947,car,1408.5283,544.0791,1499.9276,642.7327,1454.228,593.4059
423,1889,truck,1296.0614,244.21692,1383.0044,359.7703,1339.533,301.9936
423,1874,car,637.58215,39.57471,724.4362,86.736725,681.00916,63.155716
423,1471,car,579.7542,109.9206,659.80975,176.47247,619.782,143.19653
423,1875,person,1220.2367,332.74902,1245.1504,386.8795,1232.6936,359.81427
424,620,car,1309.7618,407.54633,1371.4934,486.0068,1340.6277,446.77655
424,879,car,718.69183,285.6272,807.543,383.00735,763.11743,334.31726
424,1124,car,542.2487,236.23106,636.9541,322.92798,589.60144,279.57953
424,1109,car,435.9381,471.46985,590.3572,643.5148,513.14764,557.4923
424,1188,car,630.2731,259.8314,717.7349,364.4875,674.004,312.15942
424,1070,car,301.13547,311.329,443.20953,443.18634,372.1725,377.2577
424,21,car,1300.0482,243.27486,1385.877,358.88284,1342.9626,301.07886
424,1267,motorcycle,1416.2776,641.14966,1470.1204,720.3519,1443.199,680.7508
424,1305,car,836.02246,534.2943,914.8758,669.9574,875.4491,602.12585
424,1464,car,1343.565,413.13187,1487.298,558.67175,1415.4314,485.9018
424,606,car,1243.0972,251.06474,1294.3931,319.40878,1268.7451,285.23676
424,1799,person,1483.0154,386.989,1507.8188,444.16837,1495.4171,415.57867
424,1856,car,789.9348,27.691326,842.39136,74.26931,816.1631,50.980316
424,53,truck,1532.951,167.20786,1920.0,664.2995,1726.4756,415.75366
424,947,car,1408.1517,542.8559,1499.4949,640.97186,1453.8232,591.9139
424,1889,truck,1295.8938,242.66707,1383.1991,358.76965,1339.5464,300.71835
424,1874,car,635.48254,39.09558,721.6905,85.72413,678.58655,62.409855
424,1471,car,573.86536,110.03938,654.5047,175.9312,614.18506,142.98529
424,1875,person,1220.2205,331.98523,1245.2284,386.20752,1232.7244,359.09637
424,1777,motorcycle,1502.257,733.3848,1566.4114,845.0086,1534.3342,789.1967
424,1333,person,1256.7113,622.28723,1294.7029,697.5915,1275.707,659.93933
424,1573,car,667.08856,40.77822,725.05707,84.17348,696.0728,62.47585
425,620,car,1309.6345,406.66675,1371.9847,485.97342,1340.8096,446.32007
425,879,car,718.0209,288.6485,806.6449,386.12366,762.3329,337.38608
425,1124,car,538.99554,237.72034,636.2076,326.41296,587.60156,282.06665
425,1109,car,428.52158,478.30927,584.6535,652.677,506.58752,565.49316
425,1188,car,626.83575,260.908,716.1096,368.14667,671.47266,314.52734
425,1070,car,295.36526,312.91653,440.28912,447.8012,367.8272,380.3589
425,1267,motorcycle,1419.5973,643.0841,1474.105,722.57306,1446.8511,682.8286
425,1305,truck,832.90027,541.15186,914.7083,681.87885,873.8043,611.5154
425,1464,car,1341.9592,411.90128,1485.867,558.50665,1413.9131,485.20398
425,606,car,1246.0554,254.17381,1294.0123,318.1249,1270.0339,286.14935
425,1799,person,1480.4302,384.8482,1505.5422,442.77536,1492.9862,413.81177
425,1856,car,790.63837,27.080435,841.039,71.781715,815.8387,49.431076
425,53,truck,1536.9332,173.46873,1919.5513,659.4906,1728.2422,416.47968
425,947,car,1407.9508,541.29175,1500.5511,640.4016,1454.251,590.8467
425,1471,car,571.56335,109.23487,653.30414,176.08829,612.4337,142.66158
425,1875,person,1220.0334,330.7622,1245.7191,386.34134,1232.8762,358.55176
425,1333,person,1260.7222,626.3431,1295.8828,695.7427,1278.3025,661.04285
426,620,car,1309.1641,404.78568,1371.959,484.89157,1340.5615,444.83862
426,879,car,716.73517,290.26855,805.87634,388.47394,761.3058,339.37125
426,1124,car,534.6762,239.08559,634.63654,329.9944,584.6564,284.53998
426,1109,car,422.22095,484.73114,580.2642,661.88446,501.24258,573.3078
426,1188,car,624.225,262.71863,713.74286,370.39575,668.9839,316.5572
426,1070,car,287.08365,315.13715,434.18265,452.02124,360.63315,383.5792
426,1267,motorcycle,1421.6035,644.6925,1476.8073,724.1923,1449.2053,684.4424
426,1305,car,830.84485,545.9145,915.48663,691.8359,873.1658,618.8752
426,1464,car,1340.7057,409.394,1485.9481,558.1987,1413.3269,483.7964
426,606,car,1243.3251,248.85815,1294.0544,316.75436,1268.6897,282.80627
426,1799,person,1479.446,383.3735,1505.5199,443.66306,1492.4829,413.51828
426,1856,car,786.51514,25.672169,840.9531,73.75428,813.73413,49.713226
426,53,truck,1543.3126,176.24843,1920.0,655.77625,1731.6562,416.01233
426,947,car,1406.6328,540.7381,1501.8274,642.73474,1454.2301,591.73645
426,1471,car,568.89404,109.723206,650.3776,176.17207,609.63586,142.94763
426,1875,person,1219.4983,330.3661,1245.8907,387.52118,1232.6946,358.94363
426,1333,person,1258.1783,632.9268,1300.0554,717.53925,1279.117,675.23303
426,1908,car,1648.1198,1022.06903,1771.738,1079.5516,1709.929,1050.8103
426,21,truck,1296.8544,240.0762,1384.6863,358.29007,1340.7703,299.18314
427,620,car,1309.1344,403.1032,1372.0997,483.52478,1340.6171,443.314
427,879,car,714.27997,292.92654,804.20044,392.66074,759.24023,342.79364
427,1124,car,530.38934,241.35603,631.0353,332.74005,580.7123,287.04803
427,1109,car,415.7501,491.3356,574.82733,670.7497,495.2887,581.04266
427,1188,car,621.0507,270.979,707.41956,374.64862,664.2351,322.8138
427,1070,car,278.4678,316.8514,429.9055,458.2226,354.18665,387.537
427,1267,motorcycle,1424.7281,644.2334,1482.091,726.2493,1453.4095,685.24133
427,1305,truck,827.86945,551.2144,914.5771,701.19006,871.22327,626.2023
427,1464,car,1342.738,407.8936,1487.7028,557.1745,1415.2205,482.53406
427,606,car,1241.1027,242.00186,1295.4028,315.14108,1268.2527,278.57147
427,1799,person,1478.43,381.76868,1504.1235,441.33005,1491.2769,411.54938
427,53,truck,1539.285,172.78925,1916.776,651.551,1728.0305,412.17014
427,947,car,1405.0486,539.8629,1504.4678,647.2901,1454.7582,593.57654
427,1471,car,569.6671,110.555435,650.42944,176.55974,610.0483,143.55759
427,1875,person,1219.0028,330.51102,1246.3524,389.90842,1232.6776,360.20972
427,1908,car,1647.9819,1022.5277,1771.2999,1079.8956,1709.6409,1051.2117
427,21,truck,1294.7903,238.29845,1384.1484,357.78592,1339.4694,298.04218
428,620,car,1309.1245,402.448,1372.0416,483.04843,1340.583,442.74823
428,879,car,712.34357,294.65,802.98145,395.93503,757.6625,345.2925
428,1124,car,525.9897,242.49484,627.42834,334.7152,576.709,288.60504
428,1109,car,408.2414,499.3713,569.0163,681.4693,488.62885,590.4203
428,1188,car,619.15686,278.01157,702.01385,377.3808,660.5853,327.69617
428,1070,car,272.76605,321.30728,424.6617,463.3294,348.71387,392.31836
428,1267,car,1428.5256,645.79767,1486.2858,727.68384,1457.4058,686.7407
428,1305,car,828.6326,558.40625,912.30615,702.6491,870.46936,630.5277
428,1464,car,1342.7701,405.7823,1487.3717,555.44507,1415.0709,480.61368
428,606,car,1241.3586,241.419,1294.6058,313.8313,1267.9822,277.62515
428,1799,person,1477.6908,378.73938,1503.286,438.3779,1490.4884,408.55865
428,53,truck,1539.7397,177.51416,1913.196,649.11993,1726.4679,413.31705
428,947,car,1406.5746,540.42834,1503.1465,644.8533,1454.8606,592.6408
428,1471,car,568.2031,109.819786,647.60864,174.8384,607.9059,142.32909
428,1875,person,1218.4581,330.5622,1246.754,392.32654,1232.6061,361.44437
428,1908,car,1649.7754,1024.2969,1768.6342,1079.555,1709.2048,1051.926
428,21,car,1294.6892,237.49236,1383.8032,356.8776,1339.2462,297.18497
428,1880,car,531.4572,106.6316,646.96545,176.69917,589.2113,141.66539
428,1573,car,659.08795,39.281075,718.797,83.93382,688.9425,61.60745
428,1856,car,783.6392,26.05356,839.3566,75.26358,811.4979,50.65857
429,620,car,1309.4147,400.5074,1371.8861,480.5493,1340.6504,440.52832
429,879,car,709.42334,299.0022,799.2237,399.8262,754.3235,349.41418
429,1124,car,522.09644,242.86105,624.98,336.7422,573.5382,289.80164
429,1109,car,402.01456,504.1493,565.30817,689.9003,483.66138,597.0248
429,1188,car,611.94586,274.55884,701.2274,381.38638,656.5867,327.9726
429,1070,car,266.59552,325.27557,418.51776,467.3308,342.55664,396.3032
429,1305,car,826.65625,565.28217,909.72864,709.1416,868.19244,637.2119
429,1464,car,1342.1517,405.00006,1486.2689,554.56647,1414.2103,479.78326
429,606,car,1242.7532,240.79503,1295.2424,312.61633,1268.9978,276.7057
429,1799,person,1477.868,376.00516,1502.4767,433.4734,1490.1724,404.73926
429,53,truck,1539.5182,180.91077,1911.66,648.7082,1725.5891,414.80948
429,947,car,1409.0967,541.0536,1501.7404,640.6375,1455.4185,590.8456
429,21,truck,1293.2701,234.17274,1384.2479,355.67923,1338.759,294.926
429,1880,car,536.776,109.51053,647.686,177.4352,592.23096,143.47287
429,1573,car,657.62115,38.334812,717.54846,83.42819,687.58484,60.8815
429,1856,car,783.9857,26.572445,837.8307,73.85264,810.9082,50.21254
430,620,car,1309.475,400.241,1372.1648,480.59195,1340.8198,440.41647
430,879,car,705.95215,301.49042,797.7013,405.10873,751.8267,353.29956
430,1124,car,519.8088,247.49875,621.944,340.54694,570.87634,294.02283
430,1109,car,394.7952,511.24847,560.8892,701.4295,477.84222,606.339
430,1188,car,607.3852,275.6327,699.38806,386.63956,653.3866,331.1361
430,1070,car,260.12225,328.55676,412.86356,471.42358,336.49292,399.99017
430,1305,car,825.5688,571.9604,908.1527,714.6495,866.8607,643.30493
430,1464,car,1340.6691,400.52905,1488.2715,555.052,1414.4702,477.79053
430,606,car,1244.1906,242.18175,1294.5627,311.864,1269.3767,277.0229
430,1799,person,1476.9221,372.34253,1502.7772,433.14407,1489.8496,402.7433
430,53,truck,1539.2701,179.4233,1912.6039,647.2981,1725.937,413.3607
430,947,car,1408.6085,540.98413,1501.9252,641.15485,1455.2668,591.06946
430,21,truck,1296.3688,232.71997,1385.4568,352.22537,1340.9128,292.47266
430,1880,car,536.00323,110.46592,646.06445,178.19977,591.0338,144.33284
430,1573,car,657.29285,38.09734,717.7218,83.39867,687.5073,60.748
430,1333,person,1261.5583,648.81995,1305.4614,739.0103,1283.5099,693.91516
430,1908,car,1651.6763,1025.6261,1767.2861,1079.3387,1709.4812,1052.4824
431,620,car,1307.4369,398.95554,1370.2831,479.57437,1338.86,439.26495
431,879,car,703.0818,303.46063,796.22266,409.55396,749.6522,356.5073
431,1124,car,515.3457,249.7001,620.2236,345.26712,567.78467,297.4836
431,1109,car,388.14297,518.9085,556.4241,712.72076,472.2835,615.81464
431,1188,car,604.53625,278.34677,696.5409,389.83365,650.5386,334.0902
431,1070,car,252.71404,330.6378,408.3112,476.50797,330.5126,403.57288
431,1305,truck,822.68823,579.1415,908.2725,727.03345,865.48035,653.08746
431,1464,car,1345.2864,397.9986,1490.1816,550.8437,1417.734,474.42114
431,606,car,1244.0674,239.71788,1294.9064,310.29883,1269.4868,275.00836
431,1799,person,1476.9308,371.029,1502.435,431.3247,1489.6829,401.17685
431,53,truck,1535.9923,172.8823,1914.5002,646.1484,1725.2463,409.51532
431,947,car,1408.8254,540.4823,1501.9181,640.2514,1455.3718,590.3668
431,21,truck,1297.5242,229.52254,1388.3676,352.71277,1342.9458,291.11765
431,1880,car,540.2473,111.886734,646.9462,178.43684,593.5968,145.16179
431,1573,car,655.9353,38.369064,715.4049,83.04723,685.6701,60.70815
431,1333,person,1264.1508,653.93085,1307.4272,744.49854,1285.7891,699.2147
431,1875,person,1219.3276,326.44275,1248.1415,389.51617,1233.7346,357.97946
432,620,car,1307.9827,398.6954,1369.2698,477.09784,1338.6262,437.8966
432,879,car,701.80084,306.39374,793.5673,411.67746,747.6841,359.03558
432,1124,car,511.38605,251.73888,616.7936,347.58817,564.08984,299.6635
432,1109,car,380.74622,526.2862,551.5667,723.66833,466.15646,624.9773
432,1188,car,601.9485,282.52005,695.08466,395.70972,648.5166,339.11487
432,1070,car,246.78618,333.5899,404.2659,481.91925,325.52603,407.75458
432,1305,truck,818.7455,587.26355,908.90704,744.2273,863.8263,665.7454
432,1464,car,1343.9817,396.15652,1488.7178,549.9196,1416.3497,473.0381
432,606,car,1242.7678,237.39563,1294.4355,309.35638,1268.6017,273.376
432,1799,person,1476.7052,369.57538,1502.3544,430.4607,1489.5298,400.01804
432,53,truck,1531.6045,164.09096,1919.1475,649.239,1725.376,406.66498
432,947,car,1408.3997,540.174,1501.5721,639.9859,1454.9858,590.07996
432,21,truck,1300.3455,228.27011,1387.771,347.8447,1344.0582,288.0574
432,1880,car,529.6426,108.78408,641.872,178.39377,585.7573,143.58893
432,1573,car,655.5669,38.35233,714.26416,82.30914,684.9155,60.330734
432,1333,person,1268.7128,658.5041,1306.7075,737.5171,1287.7102,698.0106
432,1875,person,1219.491,327.49518,1247.9636,390.03003,1233.7273,358.7626
432,1471,car,561.13605,111.26854,642.0356,177.74187,601.5858,144.5052
432,1908,car,1653.1532,1026.6802,1767.5509,1079.6636,1710.352,1053.1719
433,620,car,1307.7432,397.36652,1369.5856,476.437,1338.6643,436.90176
433,879,car,700.84955,309.08777,792.1055,414.34778,746.47754,361.71777
433,1124,car,507.1439,255.07849,614.24207,351.9126,560.693,303.49554
433,1109,truck,373.5547,534.8777,545.94147,734.3933,459.74808,634.6355
433,1188,car,595.37036,284.95273,690.95325,401.62698,643.1618,343.28986
433,1070,car,239.22057,335.2939,399.50464,486.61264,319.3626,410.95328
433,1305,truck,815.75134,595.3496,907.7046,755.79254,861.72797,675.57104
433,1464,car,1342.853,396.11255,1487.8025,551.0936,1415.3278,473.6031
433,606,car,1243.5367,235.68289,1294.9423,307.13995,1269.2395,271.41144
433,1799,person,1476.4489,368.09058,1502.0785,429.11105,1489.2637,398.60083
433,53,truck,1533.9231,170.8944,1915.7333,647.1811,1724.8281,409.03775
433,947,car,1408.1151,539.2681,1502.7748,640.8232,1455.445,590.04565
433,21,truck,1303.2764,226.75519,1388.8422,344.3979,1346.0593,285.57654
433,1880,car,526.07947,108.33214,640.2668,178.77281,583.1731,143.55247
433,1573,car,653.6611,38.03614,712.8098,82.48683,683.2355,60.261486
433,1333,person,1271.7244,664.3657,1307.5039,738.08734,1289.6141,701.22656
433,1875,person,1220.117,328.9074,1248.2972,390.86908,1234.207,359.88824
433,1471,car,559.19476,110.20956,641.8385,178.4043,600.5166,144.30693
433,1267,motorcycle,1444.4257,655.0079,1501.8955,735.3893,1473.1606,695.1986
434,620,car,1307.9576,395.09695,1372.3378,477.65637,1340.1477,436.37665
434,879,car,695.526,311.51727,788.459,418.63684,741.9925,365.07706
434,1124,car,501.41507,257.11002,612.5122,357.6749,556.9636,307.39246
434,1109,car,366.76605,544.80896,540.3035,746.2088,453.5348,645.5089
434,1188,car,593.23224,288.4814,689.1899,405.78198,641.21106,347.1317
434,1070,car,233.40733,339.19635,393.20303,490.15744,313.30518,414.67688
434,1305,truck,812.8166,601.857,906.7162,765.856,859.76636,683.8565
434,1464,car,1343.6086,395.78296,1486.337,549.3377,1414.9729,472.56033
434,606,car,1242.1895,230.58221,1297.2379,307.82468,1269.7136,269.20343
434,1799,person,1475.8243,365.1269,1502.6682,429.6701,1489.2463,397.3985
434,53,truck,1533.7782,167.75995,1915.8728,643.40247,1724.8254,405.5812
434,947,car,1408.0061,538.48865,1502.4075,639.8731,1455.2068,589.1809
434,21,truck,1302.8138,224.19063,1388.4753,342.71732,1345.6445,283.45398
434,1333,person,1273.999,669.8958,1309.4329,741.84155,1291.716,705.86865
434,1875,person,1220.9592,329.86752,1248.3556,390.10544,1234.6575,359.98648
434,1471,car,556.62146,110.58823,639.4722,179.14453,598.0469,144.86638
434,1944,truck,369.74893,545.61444,540.15393,745.31354,454.95142,645.464
434,1946,motorcycle,1517.2498,763.37085,1611.5671,824.66284,1564.4084,794.01685
435,620,car,1308.4845,391.96024,1373.7599,475.7817,1341.1222,433.87097
435,879,car,691.66003,313.1761,787.33154,423.63962,739.4958,368.40784
435,1124,car,497.1181,260.21875,608.607,360.9671,552.86255,310.59293
435,1109,car,358.9585,551.96405,536.2765,758.4839,447.6175,655.224
435,1188,car,588.12335,289.00974,686.4765,409.50308,637.2999,349.2564
435,1070,car,228.39944,345.485,386.59512,494.6587,307.49728,420.07184
435,1305,truck,810.2312,610.7222,904.5387,774.86646,857.38495,692.7943
435,1464,car,1344.2496,394.49664,1486.6218,548.2772,1415.4358,471.38693
435,606,car,1243.0549,229.53923,1296.7135,304.92892,1269.8843,267.23407
435,1799,person,1476.3441,362.92688,1502.7043,426.43213,1489.5242,394.6795
435,53,truck,1534.3805,167.01234,1915.8436,640.8349,1725.112,403.9236
435,947,car,1408.6272,537.9309,1503.1174,639.7235,1455.8723,588.8272
435,21,truck,1297.9962,222.21513,1385.2026,342.49234,1341.5994,282.35373
435,1333,person,1275.657,674.16003,1313.3572,749.3778,1294.5071,711.7689
435,1471,car,551.9499,111.5949,634.9884,179.76562,593.4691,145.68027
435,1946,motorcycle,1520.993,764.31366,1614.2235,824.9454,1567.6083,794.6295
435,1951,car,1306.3774,223.5602,1384.6365,343.86588,1345.507,283.71304
435,1880,car,516.369,109.858894,631.321,180.06805,573.845,144.96347
435,1267,motorcycle,1449.1267,654.7863,1508.3159,736.7598,1478.7213,695.7731
436,620,car,1308.2893,389.88986,1374.2823,475.09106,1341.2859,432.49048
436,879,car,688.1691,316.01917,785.25476,428.3907,736.7119,372.20493
436,1124,car,492.5698,261.5764,603.8763,362.2901,548.223,311.93323
436,1109,car,352.06955,561.84357,531.61005,771.09186,441.83978,666.4677
436,1188,car,584.62494,295.6134,683.4085,415.83865,634.0167,355.726
436,1070,car,222.01878,348.3818,381.90845,499.18607,301.96362,423.78394
436,1305,car,806.4763,617.78534,901.6704,781.8752,854.07336,699.83026
436,1464,car,1345.5615,393.7575,1487.7721,548.1162,1416.6667,470.93686
436,606,car,1242.7936,230.00835,1294.0883,301.9765,1268.4409,265.99243
436,1799,person,1474.673,362.10495,1500.5845,423.69424,1487.6287,392.8996
436,947,car,1408.2963,535.0914,1504.439,639.3037,1456.3677,587.1975
436,21,truck,1300.0485,221.05013,1386.3817,340.7052,1343.2151,280.87766
436,1333,person,1278.3293,682.1478,1314.8905,754.0453,1296.6099,718.09656
436,1471,car,548.8265,111.13451,633.7553,180.91574,591.2909,146.02512
436,1951,car,1306.9027,222.00687,1384.892,341.9134,1345.8973,281.96014
436,1956,person,1439.9169,336.57977,1469.4222,415.84882,1454.6696,376.2143
436,1958,person,1442.694,336.3454,1471.2574,395.1719,1456.9757,365.75867
436,1880,car,511.12534,109.80489,628.76483,181.04143,569.94507,145.42316
436,1267,motorcycle,1452.5118,657.91656,1510.6509,738.0751,1481.5813,697.99585
436,1875,person,1223.0901,326.6096,1248.8744,382.98883,1235.9822,354.7992
436,1944,truck,353.08875,561.1634,531.78217,770.59784,442.43546,665.8806
437,620,car,1309.1135,389.1459,1373.8816,472.63873,1341.4976,430.89233
437,879,car,685.07965,318.1756,784.59784,433.796,734.83875,375.98578
437,1124,car,486.6685,261.08286,602.59534,366.42728,544.6319,313.75507
437,1109,car,344.99573,572.5315,527.1733,785.338,436.0845,678.93475
437,1188,car,582.74384,301.81226,680.08185,419.59866,631.41284,360.70544
437,1070,car,215.11638,351.5836,378.66016,505.46518,296.88828,428.52438
437,1305,bus,805.48425,627.2586,899.206,787.92126,852.3451,707.58997
437,1464,car,1346.2032,392.29904,1487.4489,546.39703,1416.826,469.34802
437,606,car,1244.6841,230.54106,1294.3422,300.33676,1269.5132,265.4389
437,1799,person,1471.5881,359.97986,1500.2952,428.49197,1485.9417,394.2359
437,947,car,1409.0647,532.98535,1506.1777,638.86505,1457.6212,585.9252
437,21,truck,1299.1698,219.7058,1385.6455,339.42676,1342.4077,279.56628
437,1333,person,1279.6962,687.18506,1317.1073,759.25916,1298.4017,723.2221
437,1951,car,1302.0461,219.8996,1380.5812,340.2112,1341.3137,280.05542
437,1958,person,1442.2021,335.385,1470.0609,392.8194,1456.1316,364.1022
437,1880,car,515.5947,110.252914,633.0899,182.2431,574.3423,146.24802
437,1267,person,1452.9142,652.03644,1512.9453,735.9273,1482.9297,693.9819
437,1963,person,1866.888,893.2246,1918.7186,997.56305,1892.8032,945.3938
437,1875,person,1223.0482,324.78082,1249.365,382.4348,1236.2065,353.60782
437,1908,car,1656.8785,1029.2855,1764.7817,1078.6982,1710.8301,1053.992
437,1573,car,645.9156,35.05226,708.381,82.68875,677.1483,58.870506
438,620,car,1309.6649,389.28638,1374.7008,473.09613,1342.1829,431.19125
438,879,car,684.60156,322.62585,782.279,436.47168,733.4403,379.54877
438,1124,car,482.15347,263.84366,599.5367,370.9651,540.8451,317.40436
438,1109,car,337.26178,581.43164,521.52057,796.73224,429.39117,689.0819
438,1188,car,579.3285,304.55457,680.0302,425.9749,629.6793,365.26474
438,1070,car,207.69443,355.55432,374.06326,511.5177,290.87885,433.536
438,1305,car,801.7485,631.25525,898.2158,795.92163,849.9822,713.58844
438,1464,car,1347.8015,391.9982,1486.03,542.8446,1416.9158,467.4214
438,606,car,1243.5886,228.53737,1293.329,297.9419,1268.4587,263.23962
438,1799,person,1470.1941,358.54254,1499.6882,428.79794,1484.9412,393.67023
438,947,car,1409.2615,530.9741,1507.7477,639.01575,1458.5046,584.99493
438,21,truck,1298.3705,219.14633,1384.6578,338.2864,1341.5142,278.71637
438,1333,person,1278.9688,693.2514,1322.6554,777.8732,1300.812,735.5623
438,1958,person,1441.9591,335.05307,1469.5371,391.9261,1455.748,363.48956
438,1880,car,505.81448,111.36574,624.4799,183.14716,565.1472,147.25644
438,1267,person,1456.7377,651.0878,1517.9183,737.4193,1487.328,694.25354
438,1963,person,1866.2034,891.67926,1918.1023,996.1011,1892.1528,943.89014
438,1967,bus,801.80914,630.3187,900.0256,792.9237,850.91736,711.6212
438,1946,motorcycle,1531.2764,771.48413,1614.7677,825.8275,1573.022,798.6558
438,1471,car,542.3203,111.660286,629.54675,183.8315,585.93353,147.7459
438,1956,person,1440.0934,335.66092,1466.5812,406.52222,1453.3373,371.09155
439,620,car,1309.0189,387.7815,1375.9341,474.17142,1342.4766,430.97644
439,879,car,682.33344,325.43155,781.04535,441.27118,731.6894,383.35138
439,1124,car,479.90985,269.74335,595.99194,375.324,537.9509,322.5337
439,1109,car,327.4172,589.05743,516.22534,810.2392,421.8213,699.6483
439,1188,car,572.0581,306.28238,675.02606,430.99216,623.5421,368.63727
439,1070,car,199.25835,357.27203,369.75345,517.6756,284.5059,437.47382
439,1305,truck,800.0257,639.9262,897.9506,806.4499,848.98816,723.18805
439,1464,car,1348.0028,389.49918,1488.5317,543.80475,1418.2673,466.65198
439,606,car,1243.7426,227.1865,1294.2284,297.1864,1268.9855,262.18646
439,1799,person,1469.8499,357.5295,1499.3462,428.07642,1484.598,392.80298
439,947,car,1409.9794,530.1587,1506.3359,636.3482,1458.1577,583.2534
439,21,truck,1297.6687,217.70587,1384.8025,337.4002,1341.2356,277.55304
439,1333,person,1281.5656,699.443,1323.6039,780.45135,1302.5847,739.94714
439,1958,person,1440.8394,332.8438,1468.322,389.63147,1454.5807,361.23764
439,1267,car,1457.8518,655.1058,1518.6915,741.2392,1488.2717,698.1725
439,1963,person,1865.1869,890.9088,1917.2756,995.57214,1891.2312,943.2405
439,1471,car,540.1871,112.50317,627.46484,184.88548,583.8259,148.69432
439,1875,person,1223.5912,324.9517,1252.4418,388.55902,1238.0165,356.75537
439,1908,car,1659.5056,1031.2528,1764.2501,1078.565,1711.8779,1054.9089
439,1573,car,643.3989,33.496685,706.6905,82.59888,675.0447,58.047783
440,620,car,1309.252,387.39462,1375.557,473.0516,1342.4045,430.2231
440,879,car,680.75464,328.2168,779.96063,445.41452,730.35767,386.81567
440,1124,truck,475.3625,273.44644,592.5786,379.73605,533.9706,326.59125
440,1109,car,318.495,597.90497,511.67667,824.6195,415.08582,711.2622
440,1188,car,569.1404,311.4864,671.7825,435.5001,620.4614,373.49323
440,1070,car,190.74557,360.511,364.67474,524.3903,277.71014,442.45065
440,1305,truck,799.38794,651.5141,894.086,810.25494,846.73694,730.8845
440,1464,car,1348.1769,389.483,1487.1876,542.8356,1417.6823,466.1593
440,606,car,1244.1687,226.81282,1293.8596,295.65466,1269.0142,261.23373
440,1799,person,1469.9117,353.75,1498.9304,422.80276,1484.4211,388.27637
440,947,car,1411.2828,530.49146,1504.1708,632.89954,1457.7268,581.6955
440,21,truck,1297.857,216.31444,1382.973,332.6133,1340.415,274.46387
440,1333,person,1284.2572,704.7583,1326.0685,785.2151,1305.1628,744.9867
440,1267,person,1460.8744,652.2032,1521.3766,738.6998,1491.1255,695.45154
440,1963,person,1863.2656,889.35266,1915.9158,995.17114,1889.5907,942.2619
440,1471,car,538.60876,114.795746,624.7019,186.25893,581.65533,150.52734
440,1573,car,642.31195,32.964233,705.6315,82.684494,673.9717,57.824364
440,1880,car,499.8214,112.32048,620.6529,184.87122,560.2372,148.59586
441,620,car,1309.231,385.93832,1375.9862,472.47214,1342.6086,429.20523
441,879,car,678.6336,332.45975,777.3457,449.13553,727.9896,390.79764
441,1124,car,469.68683,276.50037,589.5766,385.212,529.6317,330.8562
441,1109,car,310.1697,609.2288,504.94885,837.85297,407.55927,723.5409
441,1188,car,563.1681,313.12756,669.001,440.85458,616.08453,376.9911
441,1070,car,182.13933,363.42767,359.94043,531.268,271.0399,447.34784
441,1305,bus,794.3306,658.81366,894.7516,827.3878,844.54114,743.1007
441,1464,car,1347.6886,387.41647,1485.941,540.87354,1416.8148,464.14502
441,606,car,1242.7344,221.68341,1295.4495,294.60208,1269.0919,258.14276
441,947,car,1411.3469,527.99164,1506.6595,633.6357,1459.0032,580.81366
441,21,truck,1298.182,214.49812,1384.4286,332.30334,1341.3053,273.40073
441,1333,person,1286.7924,709.2773,1326.543,785.52094,1306.6677,747.3991
441,1963,person,1862.6423,884.6764,1917.1677,994.0622,1889.905,939.36926
441,1471,car,536.7781,115.8934,622.33234,187.10384,579.5552,151.49863
441,1573,car,640.3945,33.32743,702.8637,82.68057,671.6291,58.004
441,1978,truck,313.9407,609.3414,503.46625,836.41693,408.7035,722.87915
441,1979,truck,471.92435,276.44797,590.5526,383.5881,531.23846,330.01804
441,1880,car,493.29327,112.84241,616.68304,185.82574,554.98816,149.33408
441,53,truck,1543.382,159.77437,1912.9976,616.0664,1728.1897,387.92038
441,1958,person,1438.9247,327.85648,1469.318,391.18576,1454.1213,359.52112
441,1875,person,1224.7306,328.3278,1253.5349,391.65704,1239.1328,359.99243
442,620,car,1310.5774,384.89493,1374.5804,467.8008,1342.5789,426.34787
442,879,car,675.01654,335.75354,774.88513,454.0086,724.9508,394.88107
442,1124,car,466.7205,279.85025,586.2119,387.95422,526.4662,333.90222
442,1109,car,300.79416,619.99524,499.18246,852.74493,399.9883,736.3701
442,1188,car,558.3763,314.5537,667.5806,446.58246,612.97845,380.56808
442,1070,car,176.41966,370.16302,353.59818,537.22003,265.0089,453.69153
442,1305,truck,793.67004,669.30756,892.49457,833.9567,843.0823,751.63214
442,1464,car,1348.0261,385.94147,1486.6079,540.6172,1417.317,463.27933
442,947,car,1412.636,527.9111,1508.7949,634.7331,1460.7155,581.3221
442,21,truck,1300.1722,214.23897,1385.7738,330.803,1342.973,272.521
442,1333,person,1284.8625,714.229,1330.4402,802.7204,1307.6514,758.47473
442,1471,car,534.7566,116.77197,620.15576,187.93237,577.4562,152.35217
442,1573,car,639.91095,34.43773,700.5799,82.43582,670.2454,58.436775
442,1978,truck,304.1694,618.3466,498.99655,851.642,401.58298,734.9943
442,1880,car,493.7326,112.07122,620.3709,187.3265,557.05176,149.69887
442,1988,person,673.08344,144.779,704.8008,205.11455,688.94214,174.94678
442,53,truck,1545.7787,151.92291,1920.0,616.64777,1732.8894,384.28534
442,1958,person,1438.1729,325.99033,1468.5696,389.75714,1453.3712,357.87372
442,1875,person,1225.7365,330.1713,1254.4043,393.29553,1240.0703,361.7334
442,1908,car,1663.0537,1033.6617,1763.783,1078.2726,1713.4183,1055.9672
442,1799,person,1469.9504,347.74338,1499.2931,417.8356,1484.6218,382.7895
442,1267,person,1465.9806,651.93677,1526.158,739.35614,1496.0693,695.6465
443,620,car,1311.8209,383.6232,1374.4235,464.3484,1343.1222,423.98578
443,879,car,670.57434,339.7987,771.2429,459.45215,720.9086,399.62543
443,1124,car,463.1224,282.9693,583.87305,391.7825,523.49774,337.37592
443,1109,truck,291.3081,630.77563,494.6071,869.8504,392.95758,750.313
443,1188,truck,555.63654,319.15524,665.3639,451.95508,610.50024,385.55518
443,1070,car,167.95337,373.67426,345.97052,541.4693,256.96194,457.57178
443,1305,truck,788.8,678.0252,891.4948,848.50854,840.1474,763.26685
443,1464,car,1348.2968,382.99722,1488.2666,540.1384,1418.2817,461.5678
443,947,car,1412.3132,526.74774,1508.2365,633.89685,1460.2749,580.32227
443,21,truck,1295.6227,212.59468,1383.4359,331.16763,1339.5293,271.88116
443,1333,person,1286.3062,720.8157,1332.8594,811.5331,1309.5828,766.1744
443,1471,car,532.2232,117.253,617.6612,188.25716,574.9422,152.75508
443,1573,car,639.1048,34.90993,698.8683,81.94431,668.9866,58.427124
443,1978,car,294.80402,630.36755,494.02692,868.9372,394.41547,749.65234
443,1880,car,493.48074,113.63905,617.9522,187.44138,555.7165,150.54022
443,1988,person,670.2241,144.72641,704.1986,209.55078,687.21136,177.1386
443,53,truck,1542.9513,151.89227,1916.4896,612.6569,1729.7205,382.2746
443,1875,person,1227.1094,332.301,1254.7494,393.2576,1240.9294,362.7793
443,1990,person,20.583023,793.27454,76.95062,959.5049,48.766823,876.3897
443,1799,person,1470.7324,346.6112,1497.7448,410.74008,1484.2385,378.67566
443,1267,person,1469.7689,655.0661,1528.5415,740.5716,1499.1553,697.81885
443,1946,motorcycle,1540.103,769.0302,1627.0499,826.37634,1583.5764,797.70325
443,606,car,1241.5662,215.95763,1295.9232,291.29944,1268.7446,253.62854
443,1963,person,1863.0247,888.3607,1913.1252,988.579,1888.075,938.46985
444,620,car,1311.7601,383.0197,1375.8226,465.45844,1343.7914,424.23907
444,879,car,667.6582,342.2159,769.83594,464.29355,718.7471,403.25473
444,1124,car,456.74045,285.6371,580.4565,396.96622,518.59845,341.30164
444,1109,car,281.06073,642.0431,488.2235,886.30145,384.64212,764.17224
444,1188,car,551.07336,324.98083,660.36566,456.54108,605.7195,390.76096
444,1070,car,160.64958,378.34402,340.37784,547.5854,250.5137,462.96472
444,1464,car,1348.7952,380.85703,1488.8662,539.25934,1418.8307,460.05817
444,947,car,1409.6464,524.5353,1508.3007,635.6042,1458.9735,580.0697
444,21,truck,1295.755,210.40482,1384.6136,329.7196,1340.1843,270.0622
444,1333,person,1290.6425,727.36755,1333.1968,809.4476,1311.9197,768.4076
444,1471,car,529.22864,116.514206,616.7326,189.08224,572.9806,152.79822
444,1573,car,637.28094,35.316788,696.0901,81.48296,666.68555,58.399876
444,1978,truck,284.23334,641.8795,487.1746,884.9114,385.70398,763.39545
444,1880,car,485.15854,114.01755,612.7582,188.72237,548.9584,151.36996
444,1988,person,666.87695,145.60283,702.60297,214.19781,684.74,179.90033
444,53,truck,1538.9672,150.73085,1915.7513,614.0038,1727.3593,382.3673
444,1875,person,1227.3815,337.36954,1254.5662,397.67172,1240.9739,367.52063
444,1799,person,1470.5753,346.55606,1498.3972,412.84995,1484.4863,379.703
444,1946,motorcycle,1546.7599,772.51416,1628.8364,827.4512,1587.7981,799.98267
444,606,car,1245.8285,221.77199,1295.337,290.3561,1270.5828,256.06406
444,1958,person,1438.5154,325.00754,1466.7831,384.55496,1452.6492,354.78125
445,620,car,1311.7542,382.63785,1376.2236,465.5546,1343.9889,424.09622
445,879,car,665.4502,346.13028,768.0798,469.06345,716.765,407.59686
445,1124,car,450.57895,287.59683,575.24884,399.64444,512.9139,343.62064
445,1109,car,270.06412,653.07886,481.30463,902.6835,375.6844,777.88116
445,1188,car,547.8825,331.3512,656.4206,461.9548,602.15155,396.653
445,1070,car,152.97537,380.29688,337.66876,554.91724,245.32207,467.60706
445,1464,car,1349.2832,378.47638,1488.3423,536.60736,1418.8127,457.54187
445,947,car,1409.3408,524.1402,1507.4233,635.1865,1458.3821,579.6633
445,21,truck,1297.2732,208.57321,1384.6815,325.76862,1340.9773,267.1709
445,1471,car,526.04895,117.59732,614.418,190.78514,570.2335,154.19122
445,1978,bus,271.1084,652.9603,481.1073,904.70654,376.10785,778.83344
445,1880,car,484.94037,116.158356,611.97784,190.03499,548.4591,153.09668
445,1988,person,664.2203,146.22876,701.22034,217.95503,682.72034,182.09189
445,53,truck,1532.4521,146.2505,1917.1346,618.66626,1724.7935,382.45837
445,1799,person,1469.7616,346.59024,1495.8693,408.76093,1482.8154,377.6756
445,606,car,1244.3904,217.5702,1295.2908,288.2673,1269.8406,252.91876
445,1958,person,1437.2866,323.76254,1464.9592,382.39197,1451.1229,353.07727
445,1305,bus,783.37695,701.79553,887.9644,874.67584,835.67065,788.2357
446,620,car,1310.9819,380.34177,1376.5685,465.15192,1343.7751,422.74683
446,879,car,661.65924,350.1739,766.1803,475.39606,713.9198,412.78497
446,1124,car,444.9384,291.4716,573.03284,406.65387,508.9856,349.06274
446,1109,truck,257.27527,664.0628,478.24728,926.72784,367.7613,795.3953
446,1188,car,542.80615,336.28485,652.2379,467.50616,597.52203,401.8955
446,1070,car,146.9927,385.12756,332.47528,560.20135,239.734,472.66446
446,1464,car,1349.841,377.55634,1488.4844,536.4999,1419.1626,457.0281
446,947,car,1409.9445,523.1693,1508.8461,636.1647,1459.3953,579.667
446,21,truck,1297.6477,205.40811,1387.1184,326.16827,1342.383,265.7882
446,1471,car,523.5853,117.57684,613.0873,191.99638,568.3363,154.78662
446,1978,car,257.4284,664.58234,477.4185,928.9301,367.42346,796.7562
446,1880,car,483.8751,116.98965,611.9072,191.52731,547.8912,154.25848
446,1988,person,661.4902,148.85538,698.14636,220.4102,679.81824,184.63278
446,53,truck,1530.357,141.25221,1918.8961,618.43866,1724.6266,379.84543
446,1799,person,1470.9944,345.39795,1495.5667,404.1806,1483.2805,374.78928
446,606,car,1246.0758,219.70163,1294.2556,286.4142,1270.1658,253.05792
446,2002,car,0.0,836.7434,84.07448,1008.7578,42.03724,922.7506
446,1305,truck,780.25946,711.75696,887.03723,887.8478,833.6483,799.80237
446,1856,car,761.6777,19.781843,821.1066,70.86602,791.39215,45.323933
446,1333,person,1296.2915,739.9238,1339.251,821.3478,1317.7712,780.6358
446,1573,car,634.9805,34.664185,693.58594,80.83754,664.2832,57.750862
446,1875,person,1227.253,335.35565,1256.9327,402.05176,1242.0929,368.7037
447,620,car,1311.1642,378.94595,1375.8657,462.65564,1343.5149,420.80078
447,879,car,658.5485,354.9824,764.8648,482.2558,711.70667,418.61908
447,1124,car,440.61127,294.92154,570.78186,411.89328,505.69656,353.4074
447,1109,car,248.57158,675.83124,471.43842,941.3841,360.005,808.60767
447,1188,car,537.3826,338.35617,651.5354,475.72095,594.459,407.03857
447,1070,car,139.6112,391.1114,326.5674,567.2715,233.08931,479.19144
447,1464,car,1351.0546,376.94348,1488.4172,535.2186,1419.7358,456.08105
447,947,car,1411.4009,521.8807,1508.6478,633.54333,1460.0244,577.71204
447,21,truck,1300.7863,203.73654,1389.2828,324.9734,1345.0345,264.35498
447,1471,car,520.4015,118.163246,610.9809,193.83023,565.69116,155.99673
447,1978,truck,248.58844,675.909,470.87308,943.1788,359.73077,809.5439
447,1880,car,479.8351,117.41595,609.77136,193.04466,544.8032,155.2303
447,53,truck,1531.4044,146.61617,1917.8151,620.38416,1724.6097,383.50015
447,606,car,1242.4956,213.38153,1294.2092,285.0703,1268.3524,249.22592
447,2002,car,0.0,857.88226,72.673195,1005.14105,36.336597,931.51166
447,1305,truck,777.2853,723.8442,885.13776,900.8635,831.21155,812.3539
447,1856,car,760.8929,19.99417,821.34033,71.513336,791.1166,45.753754
447,1333,person,1299.4824,747.5726,1341.8397,826.8528,1320.6611,787.21265
447,1573,car,634.0521,34.582493,692.36194,80.43255,663.20703,57.507523
447,1875,person,1228.9066,334.46262,1256.8462,396.77075,1242.8765,365.6167
448,620,car,1311.8705,378.31256,1376.3281,461.77246,1344.0994,420.0425
448,879,car,656.5247,358.70364,764.35583,488.10495,710.4403,423.4043
448,1124,car,437.83087,299.8165,567.5675,415.91837,502.6992,357.86743
448,1109,bus,239.16711,688.5853,467.57138,960.87964,353.36926,824.7325
448,1188,car,531.8035,342.35458,648.7387,483.25705,590.2711,412.80582
448,1070,car,131.3043,395.93924,321.564,575.39966,226.43414,485.66943
448,1464,car,1353.1403,383.59814,1483.7565,534.23596,1418.4484,458.91705
448,947,car,1412.8293,521.52795,1508.5216,631.9173,1460.6755,576.72266
448,21,truck,1299.7969,201.22289,1387.2683,320.862,1343.5326,261.04245
448,1471,car,516.05963,119.125,607.90436,195.95036,561.982,157.53769
448,1978,car,239.2338,689.14966,466.33408,962.13214,352.78394,825.64087
448,53,truck,1531.2732,149.6616,1917.6865,622.7796,1724.4799,386.2206
448,606,car,1247.3567,219.98941,1293.9948,284.13074,1270.6758,252.06007
448,2002,car,0.0,889.0896,57.959427,1014.5936,28.979713,951.8416
448,1305,bus,771.873,735.85803,884.2681,920.5843,828.07056,828.2212
448,1333,person,1304.4697,755.12854,1344.6052,829.173,1324.5375,792.15076
448,1573,car,632.7738,33.999924,690.6689,79.64697,661.7213,56.82345
448,1875,person,1229.7815,335.00964,1257.3578,395.98587,1243.5696,365.49774
448,1799,person,1471.4799,340.74356,1495.3129,397.9074,1483.3964,369.3255
449,620,car,1311.4808,375.96057,1377.2878,461.5314,1344.3843,418.74597
449,879,car,654.95386,361.53488,763.5675,492.10657,709.2607,426.82074
449,1124,car,432.78088,303.43988,563.09576,419.7609,497.93832,361.6004
449,1188,car,525.8269,346.23245,644.5995,489.0639,585.2132,417.6482
449,1070,car,122.34198,400.49503,315.20212,582.56146,218.77205,491.52826
449,1464,car,1350.1528,375.02563,1484.8807,531.83484,1417.5168,453.43024
449,947,car,1412.5718,519.75543,1508.0101,630.7355,1460.291,575.2455
449,21,truck,1300.0521,200.81609,1387.2389,319.9132,1343.6455,260.36465
449,1471,car,513.73816,119.799324,606.87634,198.05283,560.30725,158.92607
449,53,truck,1531.9664,152.78772,1916.2494,622.02,1724.1079,387.40387
449,606,car,1244.5314,212.35934,1295.0549,281.8174,1269.7932,247.08838
449,2002,car,0.0,912.4016,46.760628,1017.98865,23.380314,965.1951
449,1305,bus,766.4963,746.71564,883.9244,941.05835,825.2103,843.88696
449,1333,person,1309.6873,762.3259,1346.5051,828.4292,1328.0962,795.37756
449,1573,car,631.4195,33.619366,688.98627,79.18017,660.2029,56.399765
449,1875,person,1231.9698,335.55792,1257.2538,390.26727,1244.6118,362.9126
449,1267,person,1480.6929,658.06104,1544.6035,752.64276,1512.6482,705.3519
450,620,car,1313.3699,375.21265,1376.0466,456.4782,1344.7083,415.84543
450,879,car,653.7492,365.70337,762.21985,496.446,707.9845,431.0747
450,1124,car,424.55035,305.006,560.5604,426.74142,492.5554,365.87372
450,1188,car,523.5404,354.04086,641.5192,495.1567,582.5298,424.5988
450,1070,car,114.58073,403.43292,309.734,587.9939,212.15736,495.7134
450,1464,car,1351.1069,371.2394,1486.2864,529.8731,1418.6967,450.55627
450,947,car,1413.1267,516.3977,1508.5387,628.33453,1460.8328,572.3661
450,21,truck,1299.7671,199.6868,1387.5966,320.20776,1343.6819,259.94727
450,1471,car,511.95978,121.32402,606.10394,200.88458,559.03186,161.10431
450,53,truck,1534.959,153.44666,1914.668,615.37476,1724.8135,384.4107
450,606,car,1245.8157,213.13672,1295.5416,280.92447,1270.6787,247.0306
450,1305,truck,763.7937,758.5422,881.3656,953.0543,822.57965,855.7982
450,1333,person,1307.9918,769.72314,1350.1233,845.0226,1329.0576,807.37286
450,1573,car,628.8346,31.22781,688.0671,78.438484,658.4508,54.833145
450,2018,person,1151.459,213.66325,1173.6586,262.02936,1162.5588,237.84631
450,1267,person,1482.9484,658.04047,1545.12,751.9009,1514.0342,704.9707
450,1109,car,219.77946,714.00775,457.52142,997.07025,338.65045,855.539
450,1799,person,1469.3682,336.10492,1495.2234,397.97314,1482.2958,367.03903
451,620,car,1313.3961,373.8484,1379.0166,459.0175,1346.2063,416.43292
451,879,car,648.7124,370.27673,758.4458,502.55847,703.5791,436.4176
451,1124,car,419.26947,306.22217,559.6692,432.23904,489.46933,369.2306
451,1188,car,518.04205,358.09918,637.6734,500.78275,577.8577,429.44098
451,1070,car,106.84176,406.59283,304.44986,593.7306,205.64581,500.1617
451,1464,car,1351.4144,369.60297,1485.7513,528.55176,1418.5829,449.07736
451,947,car,1414.3401,515.75946,1507.8307,625.9451,1461.0854,570.8523
451,21,truck,1300.264,198.64095,1390.4678,324.04633,1345.366,261.34363
451,1471,car,508.10788,121.76059,602.3364,201.73952,555.22217,161.75006
451,53,truck,1532.0443,145.50606,1916.493,612.5983,1724.2687,379.0522
451,606,car,1245.1138,210.6176,1296.1536,280.31406,1270.6337,245.46582
451,1305,truck,757.6082,770.2492,880.24695,974.05963,818.9276,872.1544
451,1333,person,1309.5063,775.789,1353.2152,853.66284,1331.3608,814.72595
451,1573,car,624.2028,28.21015,688.5855,80.21635,656.39417,54.21325
451,2018,person,1151.5381,212.25838,1174.165,261.50482,1162.8516,236.88159
451,1267,person,1485.1394,656.836,1545.8951,750.1914,1515.5173,703.5137
451,1109,car,205.28337,728.81885,448.22803,1019.06586,326.7557,873.9424
451,1799,person,1470.1179,333.57288,1494.2223,390.39734,1482.1702,361.9851
451,1963,person,1864.3152,869.2894,1916.4043,972.6329,1890.3597,920.9612
451,1988,person,647.927,156.9773,685.25104,231.30347,666.589,194.14038
452,620,car,1313.1748,372.2361,1379.2881,458.22327,1346.2314,415.22968
452,879,car,643.88495,374.1871,755.7235,508.93842,699.8042,441.56274
452,1124,car,412.61554,308.66864,556.1922,438.08365,484.40387,373.37616
452,1188,car,511.0678,360.5472,634.8384,509.2455,572.9531,434.89636
452,1070,car,97.7134,413.8372,297.0322,602.5626,197.3728,508.1999
452,1464,car,1352.6002,367.76904,1486.4371,527.19745,1419.5187,447.48325
452,947,car,1413.4509,514.1407,1508.7625,627.17706,1461.1067,570.6589
452,21,truck,1302.2745,196.81506,1385.3248,311.5948,1343.7997,254.20493
452,1471,car,505.1181,122.80316,598.456,202.1169,551.78705,162.46002
452,53,truck,1531.3639,139.34956,1919.2546,610.8927,1725.3093,375.12112
452,606,car,1245.6624,210.15192,1295.8484,278.14703,1270.7554,244.14948
452,1305,truck,754.8602,781.16876,879.07007,987.9902,816.96515,884.57947
452,1333,person,1310.6803,781.7731,1355.7537,862.16327,1333.217,821.96814
452,1573,car,622.61365,27.991283,687.1305,80.66323,654.8721,54.327255
452,2018,person,1151.7885,213.24832,1174.2106,261.9889,1162.9995,237.6186
452,1109,car,190.13275,742.4797,436.99036,1039.4264,313.56155,890.953
452,1799,person,1469.5714,329.7286,1494.0253,387.6142,1481.7983,358.6714
452,1963,person,1863.9177,867.954,1916.5469,971.36255,1890.2323,919.65826
452,1988,person,646.1897,159.13812,682.323,232.3286,664.25635,195.73337
453,620,car,1313.3766,370.51547,1380.3569,458.0619,1346.8667,414.2887
453,879,car,640.243,378.99915,753.02673,514.6597,696.6349,446.82944
453,1124,car,409.33636,313.2511,551.0269,440.76443,480.18164,377.00775
453,1188,car,505.01727,365.06732,630.0354,515.5835,567.52637,440.3254
453,1070,car,89.02239,419.02582,288.90216,608.07745,188.96228,513.55164
453,1464,car,1352.0903,365.13788,1486.4706,527.33014,1419.2805,446.234
453,947,car,1417.1835,513.6774,1507.7877,620.3083,1462.4856,566.99286
453,21,truck,1302.6462,196.22224,1387.6448,314.75757,1345.1455,255.4899
453,1471,car,502.96664,123.32888,595.56323,201.90144,549.26495,162.61516
453,53,truck,1526.8918,129.54991,1920.0,613.288,1723.4459,371.41898
453,606,car,1242.6577,203.91393,1294.2863,273.0845,1268.4719,238.4992
453,1305,truck,752.33014,794.40735,875.75745,999.7259,814.0438,897.06665
453,1333,person,1311.4485,789.2336,1358.551,872.49695,1334.9998,830.86523
453,2018,person,1152.7434,214.28105,1175.494,263.708,1164.1187,238.99454
453,1109,car,177.59859,757.9865,427.4458,1059.4481,302.5222,908.7173
453,1799,person,1469.9592,327.49582,1493.1066,382.18304,1481.533,354.83942
453,1963,person,1863.5739,871.0979,1914.5197,970.5103,1889.0468,920.8041
453,1988,person,644.11975,161.40382,679.513,234.37283,661.8164,197.88834
454,620,car,1313.2751,367.95026,1380.9442,456.8739,1347.1096,412.41208
454,879,car,636.6122,383.62622,750.94806,521.5799,693.78015,452.60306
454,1124,truck,403.47864,316.59286,548.0082,446.65256,475.7434,381.6227
454,1188,car,499.90735,371.88788,625.4321,523.3677,562.66974,447.62778
454,1070,car,80.252426,422.6981,285.48373,616.9495,182.86807,519.8238
454,1464,car,1353.4023,365.07187,1485.8663,526.0555,1419.6343,445.56366
454,947,car,1417.224,513.0398,1507.286,618.7991,1462.255,565.91943
454,21,truck,1298.3824,193.63834,1384.1052,312.63623,1341.2439,253.13728
454,1471,car,500.35068,123.440765,593.5601,202.39749,546.9554,162.91913
454,53,truck,1527.6633,125.19874,1920.0,611.3469,1723.8317,368.27283
454,606,car,1240.5836,199.3924,1294.7837,271.3538,1267.6836,235.3731
454,1305,truck,746.87445,809.72296,872.27515,1018.7908,809.5748,914.25684
454,1333,person,1315.4441,798.1394,1362.3258,879.93085,1338.885,839.03516
454,2018,person,1153.3945,216.2525,1175.6771,264.49915,1164.5359,240.37582
454,1109,car,166.87512,774.2034,416.78012,1076.3969,291.82764,925.3002
454,1963,person,1863.051,871.3712,1914.5784,970.2402,1888.8147,920.80566
454,1988,person,642.08954,163.65695,676.3743,235.74463,659.23193,199.70079
454,1856,car,756.6227,16.406595,819.4755,71.04047,788.0491,43.72353
454,1875,person,1236.5417,336.3179,1263.1725,393.74246,1249.8572,365.03018
455,620,car,1312.861,365.0047,1380.7852,454.8472,1346.823,409.92596
455,879,car,633.211,388.58972,749.27026,529.0215,691.2406,458.8056
455,1124,car,398.39542,323.13385,541.45,451.684,469.92273,387.40894
455,1188,car,496.51053,377.66745,623.39813,531.2005,559.95435,454.43396
455,1070,car,69.80061,425.47867,281.905,626.7571,175.85281,526.11786
455,1464,car,1354.4053,364.32086,1483.5131,521.46893,1418.9592,442.8949
455,947,car,1417.8853,511.44336,1508.6198,617.6872,1463.2524,564.5653
455,21,truck,1298.846,192.32265,1385.9545,313.62216,1342.4001,252.97241
455,1471,car,498.97626,123.87602,592.4782,202.94159,545.72723,163.40881
455,53,truck,1528.8335,125.52151,1920.0,608.918,1724.4167,367.21976
455,606,car,1240.4441,198.80115,1294.3622,270.09668,1267.4031,234.44891
455,1305,truck,741.025,822.32513,869.04706,1035.93,805.036,929.12756
455,1333,person,1318.4758,805.35504,1366.2117,888.1192,1342.3438,846.7371
455,2018,person,1155.143,219.14761,1176.4374,264.90076,1165.7902,242.02419
455,1109,car,160.54045,788.4317,403.85147,1080.0,282.19595,934.2158
455,1963,person,1862.2622,873.7638,1913.3019,969.8847,1887.782,921.8242
455,2041,bus,742.9582,820.60864,868.416,1035.1597,805.68713,927.88416
455,1875,person,1235.8491,335.17322,1264.6747,397.80167,1250.262,366.48743
455,1799,person,1470.0088,324.9272,1492.07,377.14938,1481.0393,351.03827
456,620,car,1312.4923,364.41568,1380.4836,454.78152,1346.488,409.5986
456,879,car,629.8372,393.0368,747.44275,535.82056,688.64,464.42868
456,1124,car,390.5681,325.8161,538.4954,458.84268,464.53177,392.3294
456,1188,car,489.37778,384.08124,617.57104,540.122,553.4744,462.10162
456,1070,car,60.764496,429.4581,274.41312,632.46826,167.5888,530.9632
456,1464,car,1361.6746,380.74512,1480.2023,522.332,1420.9385,451.53854
456,947,car,1417.5359,510.54916,1508.56,617.18384,1463.048,563.8665
456,21,truck,1297.9447,191.13185,1386.63,315.16385,1342.2874,253.14786
456,1471,car,497.56772,123.9396,590.9701,202.97676,544.2689,163.45818
456,53,truck,1529.785,125.768715,1920.0,608.3802,1724.8926,367.07446
456,606,car,1240.8884,196.31601,1296.2108,269.43854,1268.5496,232.87727
456,1305,car,735.7137,835.96173,866.982,1054.909,801.34784,945.4354
456,1333,person,1321.9962,813.96,1370.2517,897.46,1346.124,855.71
456,2018,person,1155.0394,216.60638,1177.7804,265.41425,1166.4099,241.01031
456,1109,car,156.29523,806.43524,390.3657,1080.0,273.33044,943.21765
456,1963,person,1861.5773,875.2176,1911.2174,968.209,1886.3973,921.71326
456,1875,person,1236.7699,336.09393,1265.7922,400.16046,1251.281,368.1272
456,1799,person,1469.3982,324.6574,1490.6879,374.5723,1480.043,349.61487
456,1267,person,1507.8895,666.60474,1564.0668,756.1484,1535.9781,711.3766
457,620,car,1313.4315,363.44055,1380.8651,453.48834,1347.1483,408.46445
457,879,car,627.31384,397.14566,745.7409,541.1863,686.52734,469.16595
457,1124,car,385.2885,328.3207,536.47205,464.76672,460.88028,396.5437
457,1188,car,484.9942,388.84616,614.8466,547.44684,549.9204,468.14648
457,1070,car,53.852356,437.80475,265.6764,638.95435,159.76437,538.3795
457,1464,car,1355.4684,365.8045,1485.6469,522.5669,1420.5576,444.1857
457,947,car,1416.7004,510.37216,1509.3365,619.3896,1463.0186,564.88086
457,21,truck,1299.0786,189.33882,1391.5897,320.37747,1345.3342,254.85815
457,1471,car,495.62112,126.118866,587.26843,203.52078,541.44476,164.81982
457,53,truck,1532.3047,133.3049,1917.188,603.96967,1724.7463,368.63727
457,1305,truck,731.4402,850.9675,865.19464,1074.054,798.3174,962.51074
457,1333,person,1325.7523,822.5872,1373.6632,905.02167,1349.7078,863.80444
457,2018,person,1155.8763,216.88173,1178.8971,265.97763,1167.3867,241.42969
457,1109,car,149.92392,823.1061,374.5932,1080.0,262.25854,951.55304
457,1875,person,1237.9326,337.7499,1266.4688,401.55417,1252.2007,369.65204
457,1799,person,1469.3737,321.9869,1491.25,374.00085,1480.3118,347.9939
457,1267,person,1506.9086,665.3934,1563.4565,755.9681,1535.1826,710.6807
457,1573,car,614.1743,29.635792,678.81226,82.68585,646.4933,56.16082
457,2041,car,733.4143,849.33167,864.7729,1074.0278,799.0936,961.67975
458,620,car,1313.1422,362.50818,1379.9219,452.3044,1346.532,407.4063
458,879,car,624.07574,401.89746,743.4513,547.3648,683.76355,474.63113
458,1124,car,379.84293,334.37787,528.4993,468.3576,454.17114,401.36774
458,1188,car,475.55386,391.74435,611.3701,558.70154,543.462,475.22296
458,1070,car,43.838554,443.51727,258.74023,647.694,151.2894,545.6056
458,1464,car,1364.1058,384.07294,1480.3677,520.995,1422.2368,452.53397
458,21,truck,1302.045,189.18513,1390.2015,315.13068,1346.1233,252.1579
458,1471,car,493.2998,129.01192,583.8567,205.1022,538.57825,167.05707
458,53,truck,1536.3802,135.70305,1913.4983,594.62115,1724.9392,365.1621
458,1305,car,730.3719,865.98175,858.98663,1078.2224,794.67926,972.10205
458,1333,person,1327.708,829.3184,1377.9006,916.5183,1352.8043,872.91833
458,2018,person,1155.8915,216.81688,1179.2421,266.08646,1167.5668,241.45166
458,1109,car,147.45747,839.7697,361.74243,1080.0,254.59995,959.8849
458,1875,person,1239.2959,339.71573,1266.4957,401.17383,1252.8958,370.44476
458,1799,person,1468.3417,318.2504,1490.5405,370.88962,1479.4412,344.57
458,1267,person,1512.7946,664.2472,1566.9105,753.632,1539.8525,708.9396
458,1573,car,611.76984,28.665953,677.8382,83.026146,644.804,55.84605
458,1856,car,751.886,15.973833,814.9517,71.97235,783.4188,43.97309
458,606,car,1241.3267,193.06943,1297.177,267.34375,1269.2518,230.20659
459,620,car,1313.0813,361.80936,1379.7903,451.8824,1346.4358,406.8459
459,879,car,618.46967,406.35645,741.0131,556.4902,679.7414,481.4233
459,1124,car,372.95682,338.5113,524.89246,475.63983,448.92462,407.07556
459,1188,car,469.0639,397.82062,608.0458,569.6558,538.5548,483.73822
459,1070,car,33.671986,449.2003,250.90916,655.7255,142.29057,552.4629
459,1464,car,1358.5721,368.1314,1485.6326,518.3234,1422.1023,443.22742
459,21,truck,1301.7676,186.84427,1389.3256,312.44547,1345.5466,249.64487
459,1471,car,489.26468,129.39452,581.8869,207.31303,535.5758,168.35378
459,53,truck,1532.7262,138.03835,1914.2825,601.0552,1723.5044,369.54675
459,1305,car,728.21436,879.88525,852.861,1080.0,790.5377,979.9426
459,1333,person,1329.8007,838.29877,1381.2036,928.0391,1355.5022,883.16895
459,2018,person,1156.3445,216.26257,1180.4454,266.66177,1168.395,241.46217
459,1109,car,143.60168,859.8265,346.55078,1080.0,245.07623,969.9132
459,1875,person,1238.3245,339.6238,1267.1255,405.34207,1252.725,372.48294
459,1799,person,1466.6844,315.13522,1489.7277,369.86514,1478.206,342.50018
459,1267,person,1517.3522,664.32654,1571.0315,755.8906,1544.1919,710.1086
459,1573,car,611.8592,29.84128,676.46265,82.87356,644.1609,56.357418
459,2057,person,1504.9604,662.7003,1551.9729,740.148,1528.4667,701.4242
459,1856,car,753.2189,23.616365,810.29675,73.42211,781.7578,48.519238
459,606,car,1240.9939,189.86578,1297.6229,265.46902,1269.3083,227.6674
459,1988,person,627.69354,178.25731,662.36237,252.62564,645.02795,215.44147
459,1963,person,1860.0364,864.3457,1911.4183,961.8367,1885.7273,913.0912
459,947,car,1417.4404,503.91235,1512.058,615.7846,1464.7493,559.8485
460,620,car,1314.1031,360.3698,1380.5657,450.22705,1347.3345,405.29843
460,879,car,613.4697,410.9446,736.7874,562.3746,675.12854,486.6596
460,1124,car,367.3927,342.89178,522.0296,482.98398,444.71115,412.93787
460,1188,car,464.93622,405.9661,602.5133,576.38257,533.72473,491.17432
460,1070,car,24.81778,454.8773,245.63058,665.0292,135.22418,559.95325
460,1464,car,1360.3019,367.52933,1487.3079,517.3078,1423.8049,442.41858
460,21,truck,1300.8828,185.24426,1388.501,311.8171,1344.6919,248.53069
460,1471,car,484.98065,129.02974,579.872,209.1325,532.42633,169.08112
460,1305,car,727.02606,899.61,844.8542,1080.0,785.9401,989.805
460,2018,person,1156.9745,215.75021,1181.738,267.30594,1169.3562,241.52808
460,1109,car,140.47754,877.8049,333.1952,1080.0,236.83636,978.90247
460,1875,person,1237.8005,339.48935,1267.8575,408.2601,1252.8291,373.87473
460,1799,person,1466.9219,313.25195,1490.6498,369.59122,1478.7859,341.42157
460,1267,person,1515.6687,663.02594,1568.0946,752.32733,1541.8816,707.67664
460,1573,car,609.8052,27.779411,676.8915,83.189926,643.3483,55.48467
460,2057,person,1507.36,663.7664,1554.8126,741.6804,1531.0863,702.7234
460,1856,car,750.9444,21.047684,811.05035,73.91409,780.9974,47.48089
460,606,car,1241.2577,188.74565,1297.5126,264.00082,1269.3851,226.37323
460,1988,person,624.5753,181.62212,658.84216,256.60873,641.70874,219.11542
460,947,car,1416.7766,501.79834,1512.5444,615.84674,1464.6605,558.8225
461,620,car,1314.7567,359.1002,1380.7706,448.75638,1347.7637,403.92828
461,879,car,608.8912,415.43692,735.0694,571.0375,671.9803,493.23718
461,1124,car,362.9104,348.49292,516.37085,487.52567,439.64062,418.00928
461,1188,car,460.93857,412.86786,598.5001,583.0269,529.71936,497.9474
461,1070,bus,13.77802,460.76282,238.73044,674.61053,126.25423,567.68665
461,1464,car,1356.7091,359.24393,1488.5314,515.9175,1422.6202,437.5807
461,21,truck,1299.4305,182.16917,1388.7609,311.91434,1344.0957,247.04175
461,1471,car,481.3947,129.65073,576.34875,209.78096,528.8717,169.71585
461,1305,car,725.8829,915.47986,837.697,1080.0,781.7899,997.7399
461,2018,person,1157.0155,215.04129,1182.0986,267.09814,1169.5571,241.06972
461,1109,car,137.14821,896.73065,319.40677,1080.0,228.2775,988.36536
461,1875,person,1238.9292,339.49362,1268.8477,408.09882,1253.8884,373.7962
461,1799,person,1466.3228,312.15,1489.8989,367.64645,1478.1108,339.89822
461,1267,person,1516.2572,663.08746,1566.3138,748.45703,1541.2855,705.7722
461,1573,car,607.27356,27.071678,674.84,83.0811,641.05676,55.07639
461,1856,car,749.3719,19.549831,811.69275,74.9271,780.53235,47.238464
461,606,car,1241.4655,188.34315,1297.0382,262.48004,1269.2518,225.41159
461,1988,person,622.16656,183.77893,656.6178,260.2238,639.3922,222.00136
461,2065,car,679.6438,27.122643,741.11774,80.9692,710.38074,54.04592
461,1333,motorcycle,1337.3528,862.87604,1386.6179,947.47577,1361.9854,905.1759
461,1963,person,1860.4702,857.7486,1914.5068,959.2526,1887.4885,908.5006
462,620,car,1315.7815,358.5583,1380.9224,447.0497,1348.3519,402.80402
462,879,truck,606.42944,421.50327,733.5516,578.8902,669.9905,500.19672
462,1124,car,356.28525,352.23917,512.6256,493.44116,434.45544,422.84015
462,1188,car,454.25375,418.5115,594.1023,591.1616,524.17804,504.83655
462,1070,bus,4.4625163,466.30164,232.86835,683.36237,118.66543,574.83203
462,1464,car,1356.7333,355.31622,1488.7515,513.58826,1422.7424,434.45224
462,21,truck,1300.6327,180.86163,1391.992,315.5325,1346.3123,248.19707
462,1471,car,477.04932,129.11363,574.80286,211.75073,525.9261,170.43219
462,1305,car,725.5007,932.95404,830.606,1080.0,778.05334,1006.47705
462,2018,person,1157.5667,216.33829,1181.9944,266.7345,1169.7805,241.53639
462,1109,car,136.22073,915.63495,306.1098,1080.0,221.16527,997.8175
462,1875,person,1240.6243,339.8424,1268.7828,403.51312,1254.7036,371.67776
462,1799,person,1465.5316,311.3177,1488.8673,365.86847,1477.1995,338.59308
462,1573,car,605.8692,27.762194,672.9525,83.21622,639.4109,55.489204
462,1856,car,747.104,22.58101,808.4584,76.439865,777.7812,49.510437
462,606,car,1241.4415,187.01398,1297.1476,261.5955,1269.2946,224.30473
462,1988,person,619.612,185.66171,655.2489,265.7601,637.4304,225.7109
462,2065,car,678.5966,26.21329,740.887,80.88087,709.7418,53.547077
462,2075,car,811.2196,0.0,868.8962,37.572674,840.05786,18.786337
462,2077,truck,864.74414,0.0,927.75684,82.82085,896.2505,41.410423
462,947,car,1418.838,501.16528,1512.4537,612.643,1465.6459,556.9042
463,620,car,1315.6577,357.18863,1380.658,445.59485,1348.1578,401.39172
463,879,car,601.0957,426.4599,729.9989,586.26483,665.5473,506.36237
463,1124,car,349.22766,356.12253,507.78027,499.18753,428.50397,427.65503
463,1188,truck,448.13052,424.55426,589.8478,599.96405,518.98914,512.25916
463,1070,bus,0.0,469.31622,229.14214,693.21344,114.57107,581.26483
463,1464,car,1364.6067,371.74548,1483.2568,512.1671,1423.9318,441.9563
463,21,truck,1306.4708,177.49304,1383.9133,289.0721,1345.1921,233.28258
463,1471,car,474.58777,130.41986,572.23096,212.51994,523.40936,171.46991
463,1305,car,726.7937,950.21423,825.0928,1080.0,775.94324,1015.1071
463,2018,person,1158.7705,218.99924,1182.6543,267.43042,1170.7124,243.21483
463,1109,car,135.2694,935.4138,294.7192,1080.0,214.9943,1007.7069
463,1875,person,1241.9747,340.85834,1268.7673,400.45853,1255.3711,370.65845
463,1799,person,1464.7849,309.74725,1488.754,365.58585,1476.7695,337.66656
463,1573,car,602.9551,27.736189,669.3685,82.86868,636.1618,55.302437
463,1856,car,746.4056,21.70879,808.39703,76.26847,777.4013,48.988632
463,606,car,1243.1691,185.16522,1298.2839,259.28314,1270.7266,222.22418
463,2065,car,675.2191,25.521635,738.504,81.225655,706.8616,53.373646
463,2075,car,811.7706,0.12880598,868.0193,36.73375,839.89496,18.431278
463,2077,truck,863.8718,0.0,927.1082,83.12623,895.49,41.563114
463,2083,truck,0.0,469.13608,232.11014,692.38855,116.05507,580.7623
463,947,car,1419.1288,499.97763,1512.4142,610.9857,1465.7715,555.4817
463,1333,motorcycle,1341.5695,880.7438,1392.8303,968.4043,1367.2,924.57404
463,1963,person,1859.6974,852.98395,1914.1199,955.35406,1886.9087,904.169
464,620,car,1315.1688,356.77115,1380.4664,445.66708,1347.8176,401.21912
464,879,car,597.9048,431.76816,727.0285,592.02997,662.4667,511.89905
464,1124,car,338.43088,357.34988,505.97214,509.6085,422.2015,433.4792
464,1188,car,441.94034,431.4443,584.9956,608.98627,513.46796,520.2153
464,1070,bus,0.0,476.13428,225.22737,703.3355,112.613686,589.73486
464,1464,car,1367.1968,381.15063,1480.0769,513.4587,1423.6368,447.30466
464,21,truck,1302.576,174.98758,1392.6371,306.83917,1347.6066,240.91338
464,1471,car,471.64874,131.72617,569.7546,213.92754,520.70166,172.82684
464,2018,person,1158.6985,216.70915,1183.9484,268.06354,1171.3235,242.38635
464,1109,car,133.70332,956.5319,279.00684,1080.0,206.35507,1018.266
464,1875,person,1241.9122,341.66522,1269.5026,402.52307,1255.7074,372.09415
464,1799,person,1464.1855,307.84918,1488.716,365.0697,1476.4507,336.45944
464,1573,car,602.76953,28.599804,667.9954,82.80006,635.38245,55.69993
464,1856,car,744.2328,19.234564,808.34467,75.66367,776.2887,47.44912
464,606,car,1242.5829,184.39494,1297.5847,258.22693,1270.0837,221.31094
464,2075,car,811.34155,0.03979124,866.57465,35.97867,838.9581,18.00923
464,2083,truck,0.0,476.77573,228.8615,701.99585,114.43075,589.3858
464,947,car,1422.1942,494.42114,1524.1284,614.2008,1473.1614,554.311
464,2090,person,1776.5077,1033.6263,1835.762,1080.0,1806.1348,1056.8132
464,1333,person,1344.9282,886.39307,1397.3607,974.7005,1371.1445,930.54675
465,620,car,1314.9927,354.50433,1381.1111,444.89706,1348.0519,399.70068
465,879,car,592.4341,437.77756,723.9587,600.95795,658.1964,519.36774
465,1124,car,330.97156,358.99112,502.95175,516.322,416.96167,437.65656
465,1188,car,434.74405,438.00882,579.55536,618.6017,507.14972,528.30524
465,1070,car,0.0,481.8154,223.07144,714.7299,111.53572,598.27264
465,1464,car,1372.7219,395.1041,1475.7504,512.87537,1424.2361,453.98975
465,21,truck,1308.4856,173.82526,1385.7429,285.3089,1347.1143,229.56708
465,1471,car,469.26505,132.80989,568.1816,215.49728,518.7233,174.1536
465,1109,car,135.05534,979.26,264.16763,1080.0,199.61148,1029.63
465,1875,person,1241.6562,342.52417,1271.026,407.12222,1256.3411,374.82318
465,1799,person,1463.815,303.8261,1489.1644,362.84933,1476.4897,333.3377
465,1573,car,600.84314,26.836329,667.88434,82.85661,634.3638,54.84647
465,1856,car,742.64575,18.478222,807.3313,75.36853,774.9885,46.923378
465,606,car,1242.8052,183.05577,1297.5813,256.94247,1270.1932,219.99911
465,2075,car,811.4639,0.009595068,865.13165,34.862156,838.2978,17.435875
465,947,car,1420.8516,495.82355,1517.1746,608.9938,1469.0131,552.4087
465,2090,person,1773.6279,1032.0348,1834.8007,1080.0,1804.2144,1056.0173
465,1333,person,1349.216,894.9582,1400.5835,981.50354,1374.8997,938.23083
465,2093,person,1836.8297,759.4326,1881.3186,861.05054,1859.0742,810.2416
465,2057,person,1522.3545,666.7355,1565.5778,738.7204,1543.9661,702.7279
465,1267,person,1526.2019,666.41626,1572.9786,747.02106,1549.5903,706.7186
465,2065,car,671.88367,27.123198,734.4376,82.41613,703.16064,54.769665
465,1963,person,1861.8064,847.7458,1916.2766,949.92865,1889.0415,898.8372
466,620,car,1314.7848,353.3303,1380.6201,443.49442,1347.7024,398.41235
466,879,car,588.5992,442.3614,722.0251,608.14154,655.31213,525.25146
466,1124,car,323.17596,366.3844,495.72324,525.016,409.4496,445.7002
466,1188,car,427.45944,445.78806,573.55817,629.0651,500.5088,537.4266
466,1070,bus,0.0,489.15182,218.33792,724.39325,109.16896,606.7725
466,1464,car,1368.8153,386.94513,1479.4816,512.997,1424.1484,449.97107
466,21,truck,1306.6681,172.35466,1383.9138,282.91132,1345.291,227.633
466,1471,car,466.18896,133.41637,566.7504,217.5844,516.4697,175.50038
466,1109,car,136.34895,1003.1239,244.67755,1080.0,190.51324,1041.562
466,1875,person,1241.835,342.55298,1271.8828,408.4834,1256.8589,375.5182
466,1799,person,1463.3152,302.34662,1489.0442,361.9955,1476.1797,332.17108
466,1856,car,739.8384,18.92151,804.88727,75.746445,772.3628,47.333977
466,606,car,1245.5876,185.43968,1297.0265,254.35716,1271.3071,219.89842
466,2075,car,810.63165,8.9282395e-05,865.79364,35.70642,838.21265,17.853254
466,947,car,1419.5176,495.15765,1515.2157,608.2889,1467.3667,551.72327
466,2090,person,1770.9224,1030.6475,1833.5925,1080.0,1802.2574,1055.3237
466,1333,person,1350.7041,904.8098,1403.8212,994.21783,1377.2627,949.5138
466,2093,person,1837.8627,756.82635,1881.569,856.5864,1859.7158,806.7064
466,2101,car,1371.5089,346.21887,1476.5438,440.09335,1424.0264,393.15613
466,2057,person,1521.148,665.2842,1568.4476,744.37286,1544.7979,704.8285
466,1267,person,1526.0986,668.0997,1580.5386,762.33765,1553.3186,715.2186
466,1963,person,1861.319,845.8085,1915.9185,947.92285,1888.6187,896.86566
467,620,car,1314.9209,351.53696,1381.6853,443.6606,1348.3031,397.5988
467,879,car,584.8874,448.4119,720.4353,617.3355,652.6614,532.8737
467,1124,car,318.30533,375.0096,489.096,532.3187,403.70068,453.66418
467,1188,truck,419.83084,452.40475,568.07,639.25464,493.95044,545.8297
467,1070,car,0.0,494.7298,214.47939,734.5032,107.23969,614.61646
467,1464,car,1366.6268,380.7635,1482.522,512.78674,1424.5745,446.77512
467,21,truck,1300.9573,171.72511,1389.0896,299.06216,1345.0234,235.39365
467,1471,car,460.7163,134.61647,562.8571,220.80461,511.7867,177.71054
467,1875,person,1242.6179,341.50815,1272.4523,406.6433,1257.5352,374.07574
467,1799,person,1462.0112,300.40506,1488.8698,362.39563,1475.4404,331.40033
467,1856,car,737.58923,16.01821,805.8263,75.52111,771.70776,45.76966
467,606,car,1248.3362,187.60857,1297.2513,252.86012,1272.7937,220.23434
467,2075,car,811.2007,0.0,865.9191,35.23051,838.55994,17.615255
467,947,car,1420.3514,495.7466,1513.6268,606.30725,1466.9891,551.0269
467,2090,person,1768.4974,1028.9805,1832.7754,1079.9999,1800.6365,1054.4902
467,1333,person,1355.3433,913.4793,1409.4113,1004.1699,1382.3772,958.8246
467,2093,person,1835.8939,755.1685,1880.2147,856.46985,1858.0543,805.8192
467,2057,person,1525.0106,664.93286,1571.9302,742.5677,1548.4705,703.75024
467,1267,person,1526.6733,668.0896,1583.8048,766.1023,1555.239,717.09595
467,2104,bus,0.0,494.51648,201.91063,732.7266,100.955315,613.6216
467,2110,car,424.7001,451.97415,566.1992,638.90643,495.44965,545.4403
467,1988,person,595.90356,196.66377,634.853,284.01666,615.3783,240.34021
467,1573,car,594.3979,25.681082,664.3944,83.1505,629.3961,54.41579
468,620,car,1315.0046,350.36316,1381.4572,442.42105,1348.231,396.3921
468,879,bus,580.18225,453.88736,718.39215,626.9594,649.28723,540.4234
468,1124,car,311.40073,380.08783,481.81726,537.2297,396.609,458.65875
468,1188,car,412.8487,458.62952,562.8203,648.4944,487.8345,553.56195
468,1070,truck,0.0,501.23148,210.68044,744.5087,105.34022,622.8701
468,1464,car,1366.1007,375.19992,1482.7701,507.8951,1424.4354,441.54752
468,21,truck,1299.5396,169.67609,1385.707,293.02063,1342.6233,231.34836
468,1471,car,457.68997,136.35864,558.7922,221.46223,508.2411,178.91043
468,1875,person,1243.0466,340.06952,1273.8798,407.53415,1258.4631,373.80182
468,1799,person,1460.7974,297.95538,1488.5671,361.70392,1474.6823,329.82965
468,1856,car,737.5345,15.821065,806.663,76.27545,772.09875,46.04826
468,606,car,1250.2823,187.41884,1297.9087,250.96962,1274.0955,219.19423
468,2075,car,811.6544,0.0,865.1366,34.136204,838.3955,17.068102
468,947,car,1420.4532,494.68332,1513.3287,605.3483,1466.891,550.0158
468,2090,person,1767.3785,1027.0618,1833.1925,1080.0,1800.2855,1053.5309
468,1333,person,1359.8209,923.92303,1413.7313,1013.7352,1386.7761,968.8291
468,2093,person,1833.9988,752.3192,1879.1119,855.47296,1856.5554,803.8961
468,2057,person,1528.1847,665.56445,1576.5928,744.2369,1552.3887,704.90063
468,1267,person,1527.0726,668.17267,1586.0981,768.441,1556.5854,718.3068
468,2104,car,0.0,500.0049,200.02023,741.22485,100.01012,620.61487
468,1988,person,591.952,197.87192,632.1966,288.05573,612.07434,242.96382
468,2065,car,662.9616,26.530396,729.03174,84.96428,695.9967,55.747337
469,620,car,1314.9445,348.86765,1380.1818,439.5336,1347.5631,394.20062
469,879,bus,576.62634,460.82388,713.9917,632.81006,645.309,546.81696
469,1124,car,305.3797,384.81064,477.17648,543.30835,391.27808,464.0595
469,1188,car,406.0409,465.87186,558.8234,660.0998,482.43216,562.98584
469,1070,truck,0.0,508.26288,205.49152,754.6273,102.74576,631.44507
469,1464,car,1365.7,374.58923,1484.1172,509.24857,1424.9086,441.91888
469,21,truck,1299.9209,167.9599,1392.3705,301.9722,1346.1458,234.96605
469,1471,car,452.62442,137.42299,555.5547,223.96704,504.08954,180.695
469,1875,person,1242.8883,339.78546,1274.6018,409.7283,1258.7451,374.7569
469,1799,person,1460.4939,293.38907,1488.438,357.69232,1474.466,325.5407
469,1856,car,736.00214,15.188258,806.2887,76.885445,771.1454,46.03685
469,947,car,1420.3324,494.48062,1513.5416,606.08746,1466.937,550.28406
469,2090,person,1764.5486,1024.3469,1832.6305,1080.0,1798.5896,1052.1735
469,1333,person,1362.1636,934.4903,1419.0947,1028.6086,1390.6292,981.54944
469,2093,person,1832.6803,748.0966,1879.4303,855.24536,1856.0553,801.671
469,1267,person,1528.6287,666.82074,1586.635,764.1605,1557.6318,715.4906
469,2104,car,0.0,508.81772,195.89772,752.0102,97.94886,630.41394
469,1988,person,589.5829,199.89577,630.20636,291.4442,609.89465,245.66998
469,2116,person,1551.748,702.93677,1587.9774,768.5278,1569.8628,735.7323
469,2065,car,660.5465,26.77395,727.65094,86.33811,694.09875,56.55603
470,620,car,1316.1086,347.18152,1381.2551,438.25687,1348.6819,392.71918
470,879,bus,572.7763,468.00153,710.02203,640.14294,641.3992,554.07227
470,1124,car,295.67062,389.46307,472.44284,553.1207,384.05673,471.2919
470,1188,car,397.9815,474.13217,554.79254,673.7712,476.38702,573.95166
470,1464,car,1367.3665,374.73965,1484.6344,507.6846,1426.0005,441.21213
470,1471,car,449.27167,138.10533,552.5172,224.6334,500.89444,181.36937
470,1875,person,1243.1307,339.96228,1274.8197,410.11652,1258.9752,375.0394
470,1799,person,1459.6199,290.1508,1489.6256,359.84576,1474.6228,324.9983
470,1856,car,733.6531,10.735554,807.40344,76.512955,770.52826,43.624252
470,947,car,1420.3524,493.42203,1512.8112,604.70807,1466.5818,549.06506
470,2090,person,1762.2537,1021.2354,1832.7,1080.0,1797.4768,1050.6177
470,1333,person,1366.101,946.42847,1424.0675,1041.3962,1395.0842,993.91235
470,2093,person,1829.8796,743.6448,1877.3993,853.1011,1853.6394,798.3729
470,1267,person,1535.3048,668.00494,1593.639,768.22144,1564.4719,718.11316
470,2065,car,659.7541,26.91829,726.39325,85.87742,693.07367,56.397854
470,2118,truck,572.0683,466.6821,710.4635,640.0237,641.26587,553.3529
470,2077,truck,857.8448,0.056012616,921.8714,83.486084,889.8581,41.77105
470,1573,car,587.6679,25.463533,659.4456,84.438194,623.55676,54.950863
470,606,car,1246.4252,175.5044,1299.3574,246.49034,1272.8914,210.99738
470,2075,car,809.1985,0.0,862.82745,33.947914,836.01294,16.973957
470,2057,person,1534.1953,667.0916,1581.4114,742.4437,1557.8033,704.7677
471,620,car,1316.5056,345.16672,1382.0022,437.44955,1349.2539,391.30814
471,879,bus,567.4923,474.1416,708.5809,651.61926,638.0366,562.88043
471,1124,car,287.6814,395.1844,468.30978,563.0385,377.9956,479.11145
471,1188,car,392.12357,483.4407,548.83496,683.4146,470.47925,583.4277
471,1464,car,1367.7399,375.3024,1483.5602,506.48386,1425.65,440.89313
471,1471,car,446.64526,138.85379,549.61456,225.06194,498.1299,181.95786
471,1875,person,1243.5065,340.8978,1275.1239,411.06464,1259.3152,375.9812
471,1799,person,1460.3044,287.8311,1489.15,355.10077,1474.7273,321.46594
471,1856,car,732.5606,10.38103,806.03735,76.580345,769.29895,43.480686
471,947,car,1421.7532,491.5146,1511.8857,600.0473,1466.8195,545.78094
471,2090,person,1759.9076,1019.17596,1831.2007,1079.9957,1795.5542,1049.5858
471,1333,person,1370.4008,955.93445,1428.5149,1050.0652,1399.4578,1002.9998
471,2093,person,1828.923,738.9081,1877.215,850.4928,1853.069,794.70044
471,1267,person,1533.1272,667.73663,1591.5753,766.71075,1562.3513,717.2237
471,2065,car,658.539,27.614689,724.2539,85.58277,691.3965,56.598732
471,2120,car,761.493,119.368324,819.71045,203.17088,790.6017,161.2696
471,2077,truck,855.6241,0.2777828,920.7136,85.04747,888.1688,42.66263
471,1573,car,586.90204,25.91386,658.1533,84.42202,622.5277,55.16794
471,606,car,1246.2288,174.30896,1298.7386,244.99304,1272.4836,209.651
471,53,truck,1539.4758,117.15763,1914.1832,569.28485,1726.8296,343.22125
471,1070,truck,0.0,524.9761,196.67339,777.95746,98.33669,651.4668
471,21,truck,1300.7811,165.69365,1392.811,300.7752,1346.7961,233.23444
472,620,car,1316.6027,344.19363,1381.9509,436.9865,1349.2769,390.5901
472,879,bus,563.1912,480.43457,705.8024,660.44525,634.4968,570.43994
472,1124,car,279.87302,400.47736,462.6922,570.78827,371.2826,485.6328
472,1188,bus,384.47083,492.415,543.82605,696.0539,464.14844,594.23444
472,1464,car,1372.2156,384.02997,1481.7301,506.3347,1426.9729,445.1823
472,1471,car,445.16852,141.68436,546.9113,226.50229,496.03992,184.09332
472,1875,person,1244.5919,340.78412,1275.7506,409.77185,1260.1713,375.27798
472,1799,person,1460.053,286.61795,1488.6617,353.42572,1474.3574,320.02185
472,1856,car,732.73193,10.156243,805.2521,76.55619,768.992,43.356216
472,947,car,1422.1409,490.95276,1510.5707,597.3291,1466.3557,544.1409
472,2090,person,1758.3657,1017.58026,1829.1917,1079.5967,1793.7787,1048.5885
472,2093,person,1828.0219,736.6037,1875.952,847.76843,1851.9869,792.18604
472,1267,person,1533.9738,668.7559,1589.2433,760.03174,1561.6085,714.3938
472,2065,car,656.81024,28.941008,723.4475,87.55633,690.1289,58.24867
472,2120,car,761.1001,119.28465,820.54254,204.97122,790.8213,162.12793
472,2077,truck,854.245,0.35187328,920.2766,86.36693,887.2608,43.3594
472,606,car,1246.8373,174.53445,1298.2527,244.15344,1272.5449,209.34395
472,2123,car,0.0,532.7468,160.03523,780.3227,80.01762,656.5348
472,53,truck,1532.2864,99.28206,1920.0,571.68054,1726.1432,335.4813
472,1070,truck,0.0,533.24786,188.57439,783.96497,94.28719,658.60645
472,21,truck,1301.692,164.79869,1391.3274,296.88412,1346.5098,230.8414
472,2110,car,385.2221,491.60727,541.3094,697.8399,463.26575,594.7236
472,2075,car,808.8728,0.0,862.06134,33.093216,835.46704,16.546608
472,2057,person,1538.8346,668.03314,1584.1195,739.65173,1561.477,703.8424
473,620,car,1316.6841,343.41476,1381.8041,436.40427,1349.2441,389.90952
473,879,bus,558.7973,487.8147,702.757,669.89355,630.77716,578.8541
473,1124,car,270.8351,405.64325,457.92633,580.8405,364.38074,493.24188
473,1188,bus,377.82376,498.81564,540.79926,707.15015,459.31152,602.9829
473,1464,car,1371.8207,382.92023,1481.1552,504.00247,1426.4879,443.46136
473,1471,car,441.96436,141.93427,545.7628,228.5251,493.8636,185.22968
473,1875,person,1245.8331,341.77332,1275.7399,407.38202,1260.7865,374.57767
473,1799,person,1459.2804,285.5242,1488.196,353.14175,1473.7383,319.33298
473,1856,car,730.8162,9.005556,804.1496,77.061226,767.4829,43.03339
473,947,car,1421.6674,490.06738,1513.1155,600.87103,1467.3914,545.46924
473,2090,person,1754.8546,1014.37103,1826.564,1078.6768,1790.7092,1046.5239
473,2093,person,1827.5984,732.95935,1875.848,845.6079,1851.7231,789.2836
473,1267,person,1535.5387,669.6534,1592.6637,763.41895,1564.1012,716.53613
473,2065,car,655.2971,27.860575,723.85486,88.10024,689.576,57.980408
473,2120,car,758.4356,119.42562,817.95544,205.3926,788.19556,162.4091
473,2077,truck,853.1187,0.25527465,919.9612,87.24728,886.5399,43.751274
473,606,car,1247.1621,171.36127,1298.7035,241.54936,1272.9329,206.45532
473,2123,car,0.0,540.06067,157.64886,791.7464,78.82443,665.90356
473,53,truck,1530.4218,91.65492,1920.0,567.2491,1725.2109,329.452
473,1070,truck,0.0,539.6477,184.00037,796.3607,92.00018,668.0042
473,21,truck,1300.7086,162.09503,1390.3265,294.39618,1345.5176,228.2456
473,2110,car,378.42252,498.47083,537.728,708.6682,458.07526,603.5695
473,2075,car,809.35693,0.0,860.8337,31.744392,835.09534,15.872196
473,2018,person,1166.0419,218.63896,1193.5192,274.2975,1179.7805,246.46823
473,1333,person,1379.173,977.2682,1435.8628,1068.6741,1407.5178,1022.9711
473,1573,car,584.314,26.662052,655.42487,85.04179,619.86945,55.85192
474,620,car,1317.9896,341.94687,1383.0083,435.29367,1350.499,388.62027
474,879,bus,553.08777,494.27728,699.20856,679.74854,626.1482,587.01294
474,1124,car,262.1254,409.88132,453.09674,589.50415,357.61108,499.69275
474,1188,bus,369.53824,506.33887,536.0287,719.4153,452.78345,612.8771
474,1464,car,1374.517,393.75455,1474.8107,502.684,1424.6638,448.21927
474,1471,car,437.78143,143.46945,542.0005,230.06021,489.89096,186.76483
474,1875,person,1246.1897,342.22623,1276.3259,407.99426,1261.2578,375.11023
474,1799,person,1460.2062,283.90933,1487.4857,347.2778,1473.846,315.59357
474,1856,car,731.33,8.522991,804.0338,76.74125,767.6819,42.63212
474,947,car,1421.5085,489.642,1514.1279,602.4233,1467.8182,546.03265
474,2090,person,1747.5491,1012.2597,1821.0988,1079.477,1784.324,1045.8684
474,2065,car,653.7542,27.450222,722.28235,87.69263,688.0183,57.571426
474,2077,truck,852.1145,0.33167353,919.60016,88.09526,885.8573,44.213467
474,2123,car,0.0,546.6647,154.74812,801.6248,77.37406,674.1448
474,53,truck,1531.3594,93.46826,1918.9243,564.1265,1725.1418,328.7974
474,1070,truck,0.0,546.34674,177.11674,804.5588,88.55837,675.45276
474,21,truck,1301.546,159.60808,1392.4275,294.81934,1346.9868,227.21371
474,2110,car,370.58008,506.16278,533.0588,720.5117,451.81943,613.3373
474,1333,person,1384.4877,990.7555,1439.5559,1077.9218,1412.0217,1034.3386
474,1573,car,582.0349,26.551987,654.0088,85.2374,618.02185,55.89469
474,1988,person,569.31006,222.93143,609.2678,313.04633,589.28894,267.9889
475,620,car,1318.4326,341.22232,1382.0919,432.68716,1350.2622,386.95474
475,879,bus,548.29767,500.98856,695.15485,687.95337,621.72626,594.47095
475,1124,car,253.29007,415.82977,447.24622,599.41254,350.26813,507.62115
475,1188,bus,362.0617,516.79407,530.48413,732.14594,446.27292,624.47
475,1464,car,1374.2468,392.0233,1477.1069,502.25974,1425.6769,447.1415
475,1471,car,433.42422,144.18039,539.4202,231.84357,486.42224,188.01198
475,1875,person,1246.1959,343.5099,1276.6217,410.0743,1261.4088,376.7921
475,1799,person,1459.6494,281.18002,1487.4376,345.65662,1473.5435,313.41833
475,1856,car,729.3581,9.632833,800.97504,77.141304,765.16656,43.38707
475,947,car,1422.2668,489.16425,1514.1554,601.2372,1468.2112,545.2007
475,2090,person,1743.4084,1008.81995,1819.1925,1079.7948,1781.3005,1044.3074
475,2065,car,651.5966,28.632027,719.69904,88.956276,685.6478,58.79415
475,2077,truck,850.3969,1.1529347,917.9112,88.492325,884.15405,44.822628
475,2123,car,0.0,554.2706,149.49208,809.69183,74.74604,681.9812
475,53,truck,1527.6528,90.27127,1920.0,569.3535,1723.8264,329.81238
475,1070,truck,0.0,552.11334,169.78008,813.91254,84.89004,683.01294
475,21,truck,1302.7281,157.71321,1390.1659,288.23038,1346.447,222.9718
475,2110,truck,363.67163,518.0737,526.8494,732.49524,445.26053,625.2845
475,1333,person,1389.4613,1001.84467,1441.614,1080.0,1415.5376,1040.9224
475,1573,car,578.47864,26.71906,651.94525,86.34061,615.2119,56.529835
475,1988,person,567.12317,226.55345,606.23083,315.27274,586.677,270.9131
475,606,car,1248.1012,168.75992,1298.7201,238.10022,1273.4106,203.43007
476,620,car,1318.3121,339.64972,1382.0149,431.5535,1350.1636,385.60162
476,879,bus,542.76227,508.32797,690.9004,697.00183,616.8313,602.6649
476,1124,car,246.20367,423.58032,439.90582,607.5678,343.05475,515.5741
476,1188,bus,354.5968,526.32385,524.98047,744.33545,439.78864,635.32965
476,1464,car,1358.5614,352.64984,1494.1525,501.51874,1426.3569,427.0843
476,1471,car,427.9367,145.18523,534.9847,233.58032,481.4607,189.38278
476,1875,person,1246.1892,343.73746,1277.089,411.4377,1261.6392,377.5876
476,1799,person,1460.085,277.951,1487.5267,341.76703,1473.8059,309.859
476,1856,car,728.5663,9.897933,799.96747,77.44923,764.26685,43.67358
476,947,car,1422.2872,487.5975,1514.4573,599.9222,1468.3723,543.7598
476,2090,person,1739.3615,1006.7755,1815.7051,1079.9215,1777.5332,1043.3485
476,2065,car,649.69965,29.746561,718.2832,90.83989,683.99146,60.293224
476,2077,truck,849.0892,1.1655954,916.84106,88.36842,882.9651,44.76701
476,2123,bus,0.0,560.5443,143.9304,817.6721,71.9652,689.1082
476,53,truck,1526.1566,90.64115,1920.0,573.0669,1723.0784,331.85403
476,21,truck,1303.4912,154.84488,1391.5339,286.1801,1347.5126,220.5125
476,2110,car,355.50522,527.1253,521.31726,744.51843,438.41125,635.8219
476,1333,person,1398.3075,1014.2606,1445.4926,1080.0,1421.9,1047.1304
476,1573,car,576.48413,26.808163,650.8304,87.22978,613.6572,57.018974
476,606,car,1250.007,171.69142,1296.7332,235.23962,1273.3701,203.46552
476,2093,person,1824.338,728.08026,1871.5858,838.77783,1847.9619,783.4291
477,620,car,1319.2941,339.4428,1382.6066,430.9224,1350.9503,385.18262
477,879,bus,537.7998,515.4678,689.1377,708.71765,613.46875,612.0927
477,1124,car,237.24866,430.49506,433.5979,617.6397,335.42328,524.0674
477,1188,truck,345.99228,537.0352,518.7206,757.8982,432.35645,647.4667
477,1464,car,1363.1537,360.05554,1491.1125,501.02832,1427.133,430.54193
477,1471,car,424.3427,147.42455,531.1763,235.32275,477.7595,191.37366
477,1875,person,1247.2214,347.06152,1277.8151,414.2184,1262.5183,380.63995
477,1799,person,1459.4955,275.78918,1486.8064,339.6649,1473.1509,307.72705
477,1856,car,726.2125,8.987501,799.4565,78.5948,762.8345,43.791153
477,947,car,1422.1141,485.92575,1514.6129,598.73444,1468.3635,542.3301
477,2090,person,1735.7974,1003.9959,1813.0348,1079.8591,1774.416,1041.9275
477,2065,car,648.1525,31.262236,717.49445,93.37275,682.8235,62.317493
477,2077,truck,848.4419,0.43936062,917.55096,89.29533,882.99646,44.867344
477,2123,car,0.0,567.11993,134.59138,815.4583,67.29569,691.2891
477,53,truck,1525.4484,85.47973,1920.0,575.04034,1722.7241,330.26004
477,21,truck,1303.8701,153.08205,1392.0634,284.77658,1347.9668,218.92932
477,2110,car,346.92743,538.02673,514.86334,757.5212,430.8954,647.7739
477,1333,person,1402.6589,1025.5111,1444.8312,1080.0,1423.7451,1052.7556
477,1573,car,574.8209,27.794317,648.9522,88.05223,611.8866,57.923275
477,606,car,1250.2765,169.51753,1296.6526,232.28395,1273.4646,200.90074
477,2142,truck,0.0,565.9245,117.733315,820.8526,58.866657,693.38855
477,2093,person,1824.6858,723.27765,1870.803,831.4303,1847.7444,777.354
477,1988,person,560.2104,234.35684,600.85016,326.74734,580.5303,280.5521
478,620,car,1319.4657,337.28308,1382.1887,428.04105,1350.8271,382.66205
478,879,bus,532.1559,523.4931,685.525,719.7493,608.84045,621.6212
478,1124,car,227.86366,437.4674,427.26373,627.7961,327.5637,532.6317
478,1188,car,334.94083,546.1536,513.696,774.97205,424.31842,660.56287
478,1464,car,1365.7811,361.4632,1488.3296,496.8884,1427.0554,429.17578
478,1471,car,419.15585,147.69743,528.663,237.84267,473.90942,192.77005
478,1875,person,1247.5449,347.41205,1277.5275,412.49246,1262.5361,379.95227
478,1799,person,1459.0293,273.60803,1486.7963,338.92365,1472.9128,306.26584
478,1856,car,723.47394,8.821825,799.12134,80.92352,761.2976,44.872673
478,947,car,1423.0299,484.13336,1518.4344,599.6228,1470.7322,541.87805
478,2090,person,1738.4266,1000.8123,1814.8655,1079.0409,1776.646,1039.9266
478,2065,car,647.3615,32.435455,714.208,92.65059,680.7848,62.543022
478,2077,truck,849.055,0.2535643,918.58466,89.90055,883.8198,45.077057
478,53,truck,1526.1339,83.603096,1920.0,573.5359,1723.0669,328.5695
478,21,truck,1304.339,151.45279,1392.4117,282.76736,1348.3754,217.11008
478,1573,car,572.2977,26.333231,649.74365,89.265724,611.0207,57.799477
478,606,car,1249.9927,167.12422,1296.6842,230.14728,1273.3384,198.63574
478,2142,car,0.4489631,573.2967,109.035416,805.86676,54.742188,689.5817
478,2093,person,1823.7751,718.43713,1869.9019,827.22833,1846.8385,772.83276
478,1963,person,1858.2882,829.3279,1912.747,926.01074,1885.5176,877.6693
478,1267,person,1550.6692,672.62054,1609.9261,770.53265,1580.2976,721.5766
478,2120,car,752.9057,133.8749,806.0142,209.93687,779.45996,171.90588
479,620,car,1320.6375,336.9911,1383.0128,426.85202,1351.8252,381.92157
479,879,bus,527.52405,531.6085,682.1133,729.9262,604.81866,630.76733
479,1124,car,219.08119,441.78287,422.4421,636.50195,320.76166,539.1424
479,1188,car,326.19653,555.5228,507.51828,788.0849,416.85742,671.80383
479,1464,car,1368.8813,365.05585,1486.839,495.32327,1427.8601,430.18958
479,1471,car,416.18442,149.3729,526.3136,239.8728,471.24902,194.62285
479,1875,person,1248.4906,349.49316,1277.8507,412.55823,1263.1707,381.0257
479,1799,person,1459.1674,272.29416,1486.485,336.5201,1472.8262,304.40714
479,1856,car,723.1646,9.180441,798.78503,81.36311,760.97485,45.27178
479,947,car,1424.3003,484.3935,1518.8748,598.5674,1471.5875,541.48047
479,2090,person,1736.9004,998.17505,1811.503,1077.0065,1774.2017,1037.5908
479,2065,car,645.86536,33.232494,712.1562,93.05205,679.01074,63.142273
479,2077,truck,848.8013,1.0875472,917.8662,89.96904,883.33374,45.528294
479,53,truck,1526.875,84.494385,1920.0,570.9467,1723.4375,327.72055
479,21,truck,1301.4584,150.29453,1389.4484,281.44702,1345.4534,215.87077
479,1573,car,568.6017,26.063343,648.8226,91.22152,608.71216,58.642433
479,606,car,1249.7811,164.79886,1296.6682,227.67473,1273.2246,196.23679
479,2142,car,0.0,587.8566,99.48355,802.9859,49.741776,695.42126
479,2093,person,1821.4474,714.1774,1868.3988,825.4343,1844.9231,769.8059
479,1267,person,1560.5402,681.89954,1614.1371,771.7941,1587.3386,726.8468
479,2120,car,749.9946,136.57574,803.62683,212.58054,776.8107,174.57814
479,2075,car,802.471,0.0,857.25635,33.71027,829.86365,16.855135
479,1988,person,552.33307,239.94519,594.5982,336.9814,573.46564,288.46332
480,620,car,1320.9624,335.85934,1381.9973,423.51254,1351.4799,379.68594
480,879,car,521.9241,539.068,679.46814,741.3893,600.6961,640.22864
480,1124,car,210.36942,447.43848,418.10822,647.3198,314.23883,547.37915
480,1188,car,317.50995,568.31573,500.52478,802.78357,409.01736,685.5497
480,1464,car,1371.1687,366.33563,1486.4027,493.1764,1428.7856,429.756
480,1471,car,412.7263,148.34615,523.42633,239.41345,468.0763,193.87979
480,1875,person,1249.2875,350.71368,1277.8893,411.7771,1263.5884,381.2454
480,1799,person,1457.0619,270.75635,1486.3893,340.04782,1471.7256,305.4021
480,1856,car,722.5164,8.806716,798.1497,81.3475,760.33307,45.07711
480,947,car,1422.0183,479.38495,1519.3428,597.55005,1470.6805,538.4675
480,2090,person,1735.6531,996.12604,1808.2183,1075.2092,1771.9357,1035.6676
480,2065,car,642.1779,32.951412,709.35803,93.74163,675.76794,63.34652
480,2077,truck,848.6422,1.5989338,917.4333,90.16522,883.0377,45.882076
480,53,truck,1526.5414,74.95481,1920.0,566.0185,1723.2708,320.48666
480,21,truck,1302.3999,148.8064,1386.2241,272.59824,1344.312,210.70232
480,1573,car,565.44385,26.65509,646.33453,92.41021,605.88916,59.53265
480,606,car,1251.4448,165.72226,1297.2963,227.00568,1274.3706,196.36397
480,2142,car,0.0,594.28864,94.24048,803.08484,47.12024,698.68677
480,2093,person,1820.1738,710.87494,1864.4053,815.65643,1842.2896,763.2657
480,1267,person,1553.459,675.3144,1612.813,773.4431,1583.136,724.3788
480,2120,car,747.304,134.48763,803.1028,213.24359,775.20337,173.8656
480,2150,person,698.343,99.28346,728.013,166.16954,713.178,132.7265
480,2075,car,801.24976,0.12323145,856.4772,34.09101,828.86346,17.10712
480,1988,person,548.114,245.44699,589.1489,340.46338,568.6315,292.9552
480,2101,car,1359.0117,322.36746,1477.1483,428.58862,1418.0801,375.47803
481,620,car,1321.0226,334.41504,1382.4889,422.10846,1351.7557,378.26175
481,879,bus,516.5455,547.2469,675.538,751.4846,596.04175,649.3657
481,1124,car,199.7625,452.11984,412.22412,657.47266,305.99332,554.79626
481,1188,car,308.5683,579.35034,496.6358,819.05756,402.60205,699.204
481,1464,car,1368.9182,361.8436,1487.2365,492.5984,1428.0774,427.221
481,1471,car,407.8873,150.2918,521.48206,243.62749,464.6847,196.95964
481,1875,person,1250.2314,349.36023,1278.8618,409.7657,1264.5466,379.56296
481,1799,person,1457.7948,267.63297,1486.2538,334.96402,1472.0243,301.2985
481,1856,car,717.1802,9.430022,793.5991,81.85495,755.38965,45.642487
481,947,car,1421.7493,480.0986,1517.3242,596.6544,1469.5367,538.3765
481,2090,person,1730.7754,994.81555,1802.8499,1074.6353,1766.8126,1034.7253
481,2065,car,637.54364,33.87108,706.93713,96.82856,672.24036,65.34982
481,2077,truck,848.2558,1.4805869,917.0781,90.32078,882.667,45.90068
481,53,truck,1526.7917,70.570366,1920.0,562.19604,1723.3959,316.3832
481,21,truck,1299.6824,145.97192,1384.5317,270.21207,1342.107,208.092
481,1573,car,562.86084,26.012571,645.07697,93.24451,603.9689,59.62854
481,606,car,1252.4238,164.31532,1298.1865,225.5805,1275.3052,194.9479
481,2142,car,0.0,604.8952,85.440254,798.5543,42.720127,701.72473
481,2093,person,1818.5718,708.37366,1863.4119,814.4384,1840.9918,761.406
481,1267,person,1550.3834,671.88837,1612.3258,773.2116,1581.3546,722.55
481,2150,person,696.42926,98.49163,728.10876,170.12663,712.26904,134.30913
481,2075,car,800.56537,0.5079781,856.1438,34.411526,828.3546,17.459751
482,620,car,1320.3269,331.79474,1382.9619,421.40674,1351.6444,376.60074
482,879,bus,510.8275,554.9618,673.54364,764.5713,592.18555,659.76654
482,1124,car,190.79251,462.45984,402.76544,667.97363,296.779,565.21674
482,1188,car,297.0145,589.8704,489.91425,836.43665,393.46436,713.15356
482,1464,car,1375.3735,376.28635,1482.038,491.96262,1428.7058,434.12448
482,1471,car,402.68964,151.29584,518.83264,246.7173,460.76114,199.00656
482,1875,person,1250.9315,349.3523,1279.5148,408.9224,1265.2231,379.13733
482,1799,person,1455.862,265.31116,1486.3589,337.9374,1471.1105,301.62427
482,1856,car,715.0245,9.420505,791.8921,82.00997,753.45825,45.715237
482,947,car,1421.5272,479.12616,1516.842,595.9762,1469.1846,537.55115
482,2090,person,1727.8229,992.75323,1799.6927,1073.6241,1763.7578,1033.1887
482,2065,car,633.978,34.25921,705.2381,99.38883,669.60803,66.82402
482,2077,truck,847.4414,1.0684574,916.67456,90.849106,882.058,45.958782
482,53,truck,1526.379,73.84881,1920.0,564.40857,1723.1895,319.1287
482,21,truck,1299.671,144.00012,1387.8843,274.05127,1343.7776,209.0257
482,1573,car,560.06476,26.048117,641.78796,93.50902,600.9264,59.77857
482,2142,car,0.0,616.1373,75.200935,790.3028,37.600468,703.2201
482,2093,person,1817.2126,706.8733,1861.2944,810.3404,1839.2535,758.6068
482,1267,person,1551.7761,671.59937,1613.4736,771.2264,1582.6249,721.41284
482,2075,car,799.7716,0.19297737,856.34515,34.57902,828.05835,17.386
482,2120,car,736.43054,137.28902,798.1527,223.05693,767.2916,180.17297
483,620,car,1321.1908,330.43228,1384.4159,420.47433,1352.8033,375.4533
483,879,bus,504.85303,563.7432,669.8182,776.20496,587.3356,669.9741
483,1124,car,182.17519,472.49185,394.4603,678.69464,288.31775,575.59326
483,1188,car,283.76965,600.5852,483.19568,856.29553,383.48267,728.44037
483,1464,car,1359.2484,339.147,1495.8528,491.24127,1427.5505,415.19415
483,1471,car,396.56915,151.8846,514.06354,248.578,455.31635,200.2313
483,1875,person,1251.5596,350.28098,1279.888,408.59625,1265.7238,379.4386
483,1799,person,1455.2272,263.32285,1486.714,338.70544,1470.9706,301.01416
483,1856,car,712.5997,9.619829,789.48456,82.2178,751.0421,45.91881
483,947,car,1421.091,476.106,1517.252,594.64307,1469.1714,535.3745
483,2090,person,1725.8236,991.16974,1798.2443,1073.9087,1762.0339,1032.5392
483,2065,car,630.1267,33.175682,703.75336,100.80981,666.94006,66.992744
483,2077,truck,847.35065,1.1569155,916.83685,91.67933,882.09375,46.41812
483,53,truck,1529.5072,80.43426,1919.162,562.30457,1724.3346,321.36942
483,21,truck,1301.6697,142.21666,1390.8538,274.56482,1346.2617,208.39075
483,1573,car,558.46246,26.545748,638.77765,93.224365,598.62006,59.885056
483,2142,car,0.0,624.7559,65.338104,786.15753,32.669052,705.4567
483,2093,person,1816.1449,703.84546,1860.0869,805.4278,1838.116,754.6366
483,1267,person,1552.1504,671.0023,1616.758,775.1642,1584.4542,723.08325
483,2075,car,798.65265,0.1588549,855.6596,34.84989,827.1561,17.504374
483,2120,car,730.8478,140.50232,795.2962,228.60464,763.072,184.55348
483,2018,person,1173.6226,219.63048,1202.6384,278.40002,1188.1305,249.01526
483,1988,person,535.523,257.00256,578.04565,356.80908,556.7843,306.90582
484,620,car,1321.4646,327.16336,1386.7123,419.72888,1354.0884,373.4461
484,879,bus,499.88705,573.20013,666.2325,787.21387,583.05975,680.20703
484,1124,car,173.76021,480.67618,386.90213,687.7358,280.33118,584.206
484,1188,car,275.08368,611.4744,478.39276,872.2224,376.73822,741.8484
484,1464,car,1356.9503,325.27957,1500.4943,488.54688,1428.7223,406.9132
484,1471,car,392.8744,153.64171,511.60168,251.7317,452.23804,202.6867
484,1875,person,1252.368,351.1277,1280.332,408.02332,1266.3501,379.5755
484,1799,person,1456.4076,261.4662,1487.1387,334.98407,1471.7732,298.22513
484,1856,car,711.2888,9.906561,788.023,82.333664,749.6559,46.120113
484,947,car,1423.484,468.90057,1526.8191,595.44366,1475.1516,532.1721
484,2090,person,1723.5381,988.3557,1796.1898,1072.898,1759.864,1030.6268
484,2065,car,628.1029,33.548878,701.68835,101.2508,664.8956,67.39984
484,2077,truck,847.4886,3.7565603,915.6735,92.52502,881.58105,48.14079
484,53,truck,1530.892,85.525055,1918.9348,565.1554,1724.9133,325.3402
484,21,truck,1303.4017,140.50246,1391.3231,271.6511,1347.3624,206.07678
484,2142,car,0.0,634.58484,56.366566,780.36945,28.183283,707.4772
484,2093,person,1813.8418,699.67194,1859.1996,802.5411,1836.5208,751.1065
484,1267,person,1555.9963,672.4487,1619.425,775.512,1587.7107,723.98035
484,2075,car,796.8713,0.4988604,853.7234,35.142597,825.29736,17.820728
484,2120,car,730.99365,142.54778,795.76514,230.38483,763.3794,186.46631
484,2171,truck,279.5959,610.11334,476.70612,870.4624,378.151,740.28784
484,2018,person,1174.9015,220.82135,1203.6287,279.47498,1189.2651,250.14816
485,620,car,1321.6475,325.63992,1387.4171,419.06775,1354.5322,372.35382
485,879,bus,492.99146,581.7774,662.9178,800.6282,577.9546,691.20276
485,1124,car,164.43506,488.96365,381.34113,699.99426,272.8881,594.47894
485,1188,car,265.74542,622.6574,473.43195,889.13995,369.58868,755.8987
485,1464,car,1359.4406,325.7076,1498.481,486.1319,1428.9607,405.91974
485,1471,car,388.09784,155.9329,507.81927,255.07208,447.95856,205.5025
485,1875,person,1252.5531,350.74988,1281.475,408.93887,1267.014,379.84436
485,1799,person,1453.5623,258.74496,1487.695,341.12323,1470.6287,299.93408
485,1856,car,710.51215,10.373279,786.7697,82.48891,748.6409,46.43109
485,947,car,1422.5182,471.2286,1521.9767,593.50323,1472.2474,532.3659
485,2090,person,1722.1577,986.8539,1793.5895,1071.4744,1757.8735,1029.1641
485,2065,car,627.9345,35.2685,700.5559,102.36984,664.24524,68.81917
485,2077,truck,845.69507,2.462106,915.3648,93.240715,880.5299,47.85141
485,53,truck,1531.2516,84.31027,1917.4291,560.7606,1724.3403,322.53546
485,21,truck,1305.2506,139.14423,1391.5103,267.9188,1348.3804,203.53151
485,2142,car,0.0,651.7825,48.672367,783.5025,24.336184,717.64246
485,2093,person,1809.3198,695.93384,1859.9259,810.5965,1834.6228,753.26514
485,1267,person,1559.9238,672.54016,1622.43,775.7321,1591.177,724.1361
485,2075,car,792.3785,0.2073085,852.24347,36.472065,822.311,18.339687
485,2120,car,730.0962,143.17926,795.86237,232.39708,762.97925,187.78818
485,2018,person,1175.5519,219.36595,1204.4777,278.849,1190.0148,249.10748
485,1573,car,552.44104,28.000439,633.8021,95.84624,593.1216,61.92334
485,1988,person,522.88153,265.5921,564.6669,362.6348,543.7742,314.11346
486,620,car,1323.4762,323.85278,1389.2104,416.64728,1356.3433,370.25003
486,879,car,486.29297,591.5123,659.1887,814.44653,572.74084,702.97943
486,1124,car,154.05016,496.1762,375.22516,711.81274,264.63766,603.9945
486,1188,car,256.17496,635.827,467.35504,906.36926,361.765,771.09814
486,1464,car,1362.917,326.73868,1497.4745,483.7274,1430.1958,405.23303
486,1471,car,383.43546,157.90515,503.9526,257.96127,443.69403,207.93321
486,1875,person,1252.6375,350.45132,1282.3088,408.97244,1267.4731,379.71188
486,1799,person,1456.0684,257.12637,1485.8141,328.104,1470.9412,292.61517
486,1856,car,709.62714,10.525525,786.26434,83.75397,747.94574,47.139748
486,947,car,1425.1088,466.26303,1530.2266,594.452,1477.6677,530.35754
486,2090,person,1720.9292,984.98584,1791.6543,1070.3843,1756.2917,1027.685
486,2065,car,626.25507,36.163002,699.5845,104.3467,662.9198,70.25485
486,2077,truck,843.9976,1.2996467,914.58527,93.546165,879.29144,47.422905
486,53,truck,1529.6715,79.48282,1917.6178,557.59155,1723.6447,318.53717
486,21,truck,1305.7582,136.748,1391.0769,264.6528,1348.4175,200.70041
486,2142,car,0.0,674.2458,41.099655,789.33496,20.549828,731.7904
486,2093,person,1806.249,693.4933,1856.3828,805.9067,1831.3159,749.69995
486,1267,person,1567.2677,673.19116,1626.9001,774.0217,1597.084,723.60645
486,2075,car,789.62463,0.05436935,850.73425,36.79399,820.17944,18.424181
486,2120,car,730.1371,145.7585,795.8346,234.66348,762.98584,190.211
486,2018,person,1175.8623,218.6851,1205.321,279.41223,1190.5917,249.04868
486,2177,motorcycle,1665.159,788.56665,1775.8363,900.69946,1720.4977,844.63306
486,1573,car,550.2721,28.30581,632.8067,97.66683,591.5394,62.98632
486,1988,person,519.59924,269.67905,560.3195,363.88544,539.95935,316.78223
486,606,car,1247.2518,145.03796,1301.1575,218.48792,1274.2046,181.76294
487,620,car,1323.6272,323.22266,1389.9596,415.99576,1356.7935,369.6092
487,879,bus,480.01508,599.82355,656.40924,827.75085,568.21216,713.78723
487,1124,car,141.13309,502.53107,368.40634,725.03754,254.76971,613.7843
487,1188,car,242.80112,648.19037,458.86285,925.9875,350.83197,787.0889
487,1464,car,1365.1715,326.9142,1497.5609,483.02078,1431.3662,404.9675
487,1471,car,378.86893,159.3843,500.1564,260.0332,439.51266,209.70874
487,1875,person,1252.4641,352.88965,1285.1024,416.95352,1268.7832,384.92157
487,1799,person,1457.2385,254.92755,1484.7059,319.81052,1470.9722,287.36902
487,1856,car,709.269,10.206336,785.57355,83.69793,747.42126,46.952133
487,947,car,1423.9015,467.6517,1526.0651,593.02637,1474.9833,530.33905
487,2090,person,1718.614,983.1243,1788.6006,1069.2498,1753.6073,1026.187
487,2065,car,624.09894,34.579426,698.05896,104.24335,661.079,69.411385
487,2077,truck,843.6431,1.2433505,914.26483,93.90613,878.954,47.574738
487,53,truck,1529.5759,77.141304,1918.8746,556.89606,1724.2253,317.01868
487,21,truck,1305.6694,133.55771,1392.9021,264.5559,1349.2858,199.05681
487,2093,person,1806.055,688.5781,1856.1896,799.72473,1831.1223,744.1514
487,2075,car,790.2767,0.0,851.27216,36.548088,820.7744,18.274044
487,2120,car,728.9758,146.5293,794.99884,235.90048,761.9873,191.21489
487,2018,person,1176.9678,216.7436,1207.1599,279.6774,1192.0638,248.21051
487,2177,motorcycle,1671.9752,793.5355,1779.3345,902.33966,1725.6548,847.9376
487,1573,car,549.3861,29.406487,631.6957,98.93182,590.5409,64.16916
488,620,car,1324.2545,321.485,1390.7566,414.04044,1357.5056,367.7627
488,879,bus,473.1236,608.6178,653.7999,842.78284,563.4618,725.7003
488,1124,car,130.18788,511.39157,361.84348,738.9546,246.01569,625.1731
488,1188,car,229.72353,662.78046,450.32227,947.13586,340.0229,804.9581
488,1464,car,1362.5863,317.30145,1498.8737,480.9423,1430.73,399.1219
488,1471,car,374.30746,161.0472,496.69733,262.50986,435.50238,211.77853
488,1875,person,1253.4663,354.65887,1285.7245,416.98846,1269.5955,385.82367
488,1799,person,1456.3859,252.60768,1483.6022,316.3599,1469.994,284.4838
488,1856,car,708.09973,10.989299,784.8891,85.33485,746.4944,48.16207
488,2090,person,1717.412,982.2737,1788.3204,1071.229,1752.8662,1026.7513
488,2065,car,621.76013,38.115276,695.113,107.473564,658.4365,72.79442
488,2077,truck,843.3361,0.42805853,914.991,94.542625,879.1636,47.48534
488,53,truck,1529.7848,74.493385,1919.416,554.6652,1724.6003,314.5793
488,21,truck,1305.8516,131.43161,1393.6593,263.47247,1349.7554,197.45204
488,2093,person,1803.6042,686.01654,1856.6779,803.8494,1830.1411,744.933
488,2075,car,790.5692,0.0,850.89606,36.118683,820.73267,18.059341
488,2120,car,729.755,146.73553,792.35895,230.85982,761.057,188.79767
488,2018,person,1177.8745,217.0144,1208.195,280.74133,1193.0347,248.87787
488,2177,motorcycle,1678.7769,795.2988,1782.6816,900.39526,1730.7292,847.84705
488,1573,car,544.72,28.804295,630.3942,101.61094,587.5571,65.20762
488,2186,person,1454.746,253.60133,1485.3667,337.03568,1470.0564,295.3185
488,1267,person,1581.7241,680.3561,1637.5168,777.85065,1609.6205,729.1034
489,620,car,1324.6499,321.36194,1391.6781,413.93253,1358.1641,367.64722
489,879,bus,465.77188,617.9479,649.7589,857.81226,557.7654,737.88007
489,1124,car,119.067955,520.8734,352.09607,750.18945,235.58202,635.53143
489,1188,car,219.25104,678.3623,441.6734,966.16785,330.46222,822.2651
489,1464,car,1361.9417,313.71198,1498.1093,479.70087,1430.0254,396.70642
489,1471,car,369.63773,162.71599,494.14093,266.3294,431.88934,214.5227
489,1875,person,1255.1732,355.58124,1286.2041,414.59946,1270.6887,385.09033
489,1799,person,1455.7655,250.72046,1483.5051,315.13583,1469.6353,282.92816
489,1856,car,707.68225,11.754397,783.9983,86.2166,745.8403,48.985497
489,2090,person,1716.2117,982.0518,1785.7224,1070.6555,1750.967,1026.3536
489,2065,car,618.2023,39.211945,693.6204,111.04568,655.9114,75.128815
489,2077,truck,842.5209,1.1038446,914.04865,95.433876,878.2848,48.26886
489,53,truck,1528.1884,71.70891,1920.0,557.2153,1724.0942,314.4621
489,21,truck,1303.9236,128.72256,1393.5052,263.05975,1348.7144,195.89116
489,2093,person,1803.4811,684.50024,1856.016,800.658,1829.7485,742.5791
489,2075,car,790.658,0.16137387,848.9962,35.161263,819.82715,17.661318
489,2120,car,725.2636,148.2544,792.8455,239.51823,759.05457,193.88632
489,2018,person,1178.6047,218.18747,1208.6527,281.6283,1193.6287,249.90788
489,2177,motorcycle,1686.0062,793.2759,1779.9445,887.8141,1732.9753,840.545
489,1573,car,541.9381,29.983932,628.209,103.500404,585.07355,66.74217
489,2186,person,1453.5449,251.92761,1487.6664,344.87485,1470.6057,298.40125
489,1267,person,1584.6703,676.33344,1641.0928,778.17914,1612.8816,727.2563
489,606,car,1249.6663,142.70383,1299.744,211.39113,1274.7051,177.04749
490,620,car,1324.9092,319.2828,1391.738,410.8232,1358.3236,365.053
490,879,bus,459.18488,628.1684,645.7491,872.9469,552.467,750.5576
490,1124,car,107.392876,529.8325,345.20367,764.13116,226.29828,646.9818
490,1188,car,208.09422,693.4734,434.29282,986.40955,321.1935,839.94147
490,1464,car,1361.1274,306.28125,1499.934,478.918,1430.5308,392.5996
490,1471,car,365.05887,165.45074,490.73428,270.25665,427.89658,217.8537
490,1799,person,1454.5951,249.15063,1483.7716,316.51498,1469.1833,282.83282
490,1856,car,705.37994,11.8476,782.3702,87.386536,743.87506,49.61707
490,2090,person,1715.5115,980.30615,1785.5956,1071.3411,1750.5535,1025.8236
490,2065,car,616.1923,39.96447,690.6034,111.202614,653.3978,75.58354
490,2077,truck,841.6682,0.37791726,914.9936,97.74769,878.33093,49.0628
490,53,truck,1531.5707,76.891594,1920.0,556.3461,1725.7854,316.61887
490,21,truck,1303.1311,125.01144,1394.7772,262.16492,1348.9541,193.58818
490,2093,person,1802.774,683.1886,1855.0596,798.4792,1828.9167,740.83386
490,2075,car,789.90076,0.30987433,847.4544,34.726334,818.6776,17.518105
490,2120,car,721.77856,148.7377,792.01074,244.5231,756.89465,196.6304
490,2018,person,1180.2705,217.31007,1211.2821,282.7646,1195.7764,250.03732
490,1573,car,538.1993,30.614147,623.98285,103.81157,581.09106,67.21286
490,2186,person,1452.8291,250.65096,1487.2188,344.21954,1470.0239,297.43524
490,1267,person,1582.0273,673.8424,1640.4335,780.35156,1611.2305,727.097
490,2200,person,671.9761,119.14517,704.0985,191.59718,688.0373,155.37119
491,620,car,1324.9382,317.77798,1392.67,410.17957,1358.8042,363.97876
491,879,bus,453.0048,638.98083,641.62646,887.5668,547.3156,763.2738
491,1124,car,94.592476,536.4299,338.54355,777.41956,216.56801,656.9247
491,1188,car,194.02788,706.73083,427.2967,1009.6605,310.6623,858.1957
491,1464,car,1367.6958,322.4232,1492.4784,478.20663,1430.0872,400.3149
491,1471,car,360.36304,167.73523,485.5992,272.17908,422.98114,219.95715
491,1799,person,1454.7119,246.536,1483.6036,313.20642,1469.1577,279.87122
491,1856,car,703.24664,10.611376,782.61646,89.53521,742.9315,50.07329
491,2090,person,1714.0602,978.5881,1784.971,1071.9592,1749.5156,1025.2737
491,2065,car,613.47577,42.892006,688.3467,114.709206,650.91125,78.800606
491,2077,truck,840.73,0.10437249,915.03906,99.52891,877.8845,49.81664
491,53,truck,1531.9764,75.20543,1920.0,556.18884,1725.9883,315.69714
491,21,truck,1304.9342,124.50864,1395.8794,260.49136,1350.4067,192.5
491,2093,person,1802.4337,681.33405,1853.5878,794.0077,1828.0107,737.6709
491,2075,car,788.4863,0.09904953,847.5406,35.42857,818.0134,17.76381
491,2120,car,720.31116,151.49506,789.18866,246.32692,754.7499,198.91098
491,1573,car,534.4189,29.755245,623.0011,106.050125,578.70996,67.90269
491,1267,person,1580.7804,674.55536,1638.9235,780.61743,1609.8519,727.5864
491,2200,person,669.6091,118.62132,703.0949,194.40025,686.352,156.51079
491,947,motorcycle,1429.2892,472.7092,1522.3262,589.9393,1475.8076,531.3242
491,1875,person,1255.7477,356.6156,1289.2655,419.71896,1272.5066,388.1673
492,620,car,1324.7292,316.6021,1392.7571,408.84738,1358.7432,362.72473
492,879,bus,444.80862,648.76715,637.57715,904.0502,541.1929,776.4087
492,1124,car,84.12666,546.7106,331.91254,792.50476,208.01959,669.60767
492,1188,car,180.73343,721.7644,417.30377,1028.9966,299.01862,875.3805
492,1464,car,1366.5554,312.56308,1495.8431,476.42062,1431.1992,394.49185
492,1471,car,354.83118,167.76959,482.60782,274.3342,418.71948,221.0519
492,1799,person,1455.205,243.25288,1484.0834,309.84814,1469.6442,276.5505
492,1856,car,701.5177,8.410652,782.541,89.96572,742.02936,49.188187
492,2090,person,1712.2924,977.5993,1783.2644,1072.0277,1747.7783,1024.8135
492,2065,car,610.5865,43.273422,685.5274,115.1807,648.05695,79.227066
492,2077,truck,840.0551,0.36989224,913.5652,99.387024,876.8102,49.87846
492,53,truck,1533.4365,71.379875,1920.0,550.81165,1726.7183,311.09576
492,21,truck,1302.3491,124.59345,1393.4637,260.10617,1347.9065,192.34981
492,2093,person,1802.5995,677.91235,1852.6697,788.574,1827.6345,733.24316
492,2075,car,789.06635,0.14960301,847.90576,35.522476,818.4861,17.83604
492,2120,car,718.93115,154.56746,787.7243,250.34827,753.32776,202.45786
492,1573,car,531.52686,29.392057,620.38916,106.60767,575.958,67.99986
492,1267,person,1582.989,675.31433,1639.9047,780.1664,1611.4468,727.74036
492,2200,person,667.4906,122.109795,700.3433,196.73254,683.917,159.42117
492,2213,truck,449.2372,648.47876,633.0275,901.60474,541.1324,775.04175
492,1875,person,1255.7937,356.38336,1290.1549,420.25592,1272.9744,388.31964
493,620,car,1324.6484,315.35132,1393.8723,408.2724,1359.2604,361.81186
493,879,bus,437.31442,658.6857,633.8484,920.08167,535.5814,789.38367
493,1124,car,71.98618,556.2579,323.06158,805.708,197.52388,680.9829
493,1188,car,168.71988,738.4504,409.4147,1050.9309,289.0673,894.6907
493,1464,car,1369.3922,312.83383,1495.2996,474.044,1432.346,393.4389
493,1471,car,351.74,170.3017,478.9051,276.38452,415.32254,223.34311
493,1799,person,1452.5743,241.97345,1485.7546,319.57132,1469.1646,280.7724
493,1856,car,700.85376,7.804421,782.0759,90.179016,741.46484,48.99172
493,2090,person,1711.3622,976.17444,1782.0332,1071.41,1746.6978,1023.79224
493,2065,car,607.103,44.722866,683.1591,117.70761,645.1311,81.21524
493,21,truck,1301.8018,121.96943,1390.0951,252.66577,1345.9485,187.3176
493,2093,person,1799.5796,671.6899,1852.1455,789.202,1825.8625,730.4459
493,2075,car,789.91223,0.38137648,848.3176,35.563988,819.1149,17.972683
493,2120,car,716.34033,154.7242,786.7938,253.30963,751.5671,204.0169
493,1573,car,532.34784,31.429678,619.4269,108.25328,575.8873,69.84148
493,1267,person,1584.3696,674.04645,1641.8453,781.15,1613.1074,727.59827
493,2200,person,665.24506,123.99591,698.09186,198.78967,681.66846,161.39279
493,1875,motorcycle,1255.2139,357.35492,1292.4492,427.50287,1273.8315,392.4289
493,2218,car,1126.9719,84.054825,1169.6926,141.80363,1148.3323,112.92923
493,2222,bus,73.325905,555.3345,321.1758,804.4549,197.25085,679.89465
493,947,car,1425.6464,466.01337,1520.2559,586.27563,1472.9512,526.14453
494,620,car,1323.7352,313.88046,1394.3687,408.39893,1359.052,361.1397
494,879,bus,431.11148,669.40814,630.9139,936.5283,531.0127,802.96826
494,1124,car,58.149624,566.10236,313.91287,820.8415,186.03125,693.4719
494,1188,car,155.513,755.3327,400.17435,1073.0399,277.8437,914.1863
494,1464,car,1373.9716,320.7424,1491.2178,471.25366,1432.5947,395.99805
494,1471,car,346.93454,171.72603,476.76364,280.26993,411.8491,225.99799
494,1799,person,1454.4941,239.63585,1484.3986,309.05618,1469.4463,274.346
494,1856,car,698.78876,9.466299,779.18176,91.33173,738.9852,50.399017
494,2090,person,1708.8278,974.5644,1779.185,1070.7631,1744.0063,1022.6637
494,2065,car,605.0103,46.447823,681.31146,119.893906,643.1609,83.17087
494,21,truck,1303.9368,119.70076,1393.5237,251.89038,1348.7302,185.79556
494,2093,person,1802.2366,668.59546,1850.0961,774.9679,1826.1663,721.7817
494,2075,car,788.1881,0.43790895,846.3989,35.367252,817.2935,17.90258
494,2120,car,715.88855,156.20708,783.0524,250.39384,749.47046,203.30046
494,1573,car,527.3487,29.704601,615.8623,108.269264,571.60547,68.98693
494,1267,person,1582.5549,672.36,1639.3033,778.0725,1610.9292,725.21625
494,2200,person,663.7718,128.98846,694.94025,199.98442,679.356,164.48645
494,2218,car,1127.2145,84.49381,1170.489,143.00446,1148.8518,113.74913
494,2222,bus,59.87591,563.7508,314.3413,819.6518,187.10861,691.7013
494,947,car,1425.5553,464.14444,1520.2349,585.06934,1472.895,524.6069
494,606,car,1247.0548,126.28403,1301.9122,202.55037,1274.4835,164.4172
494,53,truck,1536.6298,55.823715,1920.0,530.73486,1728.315,293.2793
495,620,car,1323.6722,312.27155,1395.2572,407.5874,1359.4647,359.92947
495,879,bus,424.1833,682.2305,626.03345,953.2292,525.1084,817.72986
495,1124,car,46.108353,575.0124,308.31918,836.46185,177.21378,705.7371
495,1188,car,145.87701,769.4843,389.09653,1080.0,267.48676,924.7422
495,1464,car,1379.653,331.55908,1488.6816,470.0297,1434.1672,400.79437
495,1471,car,342.7435,173.9572,473.11935,282.798,407.93143,228.3776
495,1799,person,1452.5604,237.66667,1484.6915,312.62814,1468.626,275.1474
495,1856,car,698.0115,13.614682,775.2778,92.29948,736.64465,52.95708
495,2090,person,1707.6188,973.55585,1777.066,1069.9313,1742.3424,1021.7435
495,2065,car,603.1245,48.790253,678.2232,120.72552,640.6738,84.75789
495,21,truck,1302.4652,116.57229,1394.1089,251.1472,1348.2871,183.85974
495,2093,person,1801.9935,663.71405,1848.5403,767.26135,1825.2668,715.4877
495,2075,car,789.04553,0.41529694,846.7929,35.24169,817.9192,17.828495
495,2120,car,713.17596,158.0559,783.2624,256.77234,748.2192,207.41412
495,1573,car,525.7334,30.241928,612.6179,107.57247,569.17566,68.907196
495,1267,person,1585.2998,672.40247,1640.0558,776.0256,1612.6777,724.214
495,2200,person,661.13025,131.06868,692.9441,203.41705,677.0372,167.24286
495,2218,car,1129.8442,87.49196,1171.7946,144.25253,1150.8193,115.872246
495,2222,truck,47.658844,574.99866,307.67096,836.5925,177.6649,705.7956
495,947,car,1427.1399,463.29144,1522.1738,584.21185,1474.6569,523.75165
495,2177,motorcycle,1713.9453,799.17645,1784.648,867.57544,1749.2966,833.376
495,2077,truck,835.89087,0.67523247,912.2252,104.041916,874.05804,52.358574
496,620,car,1324.2986,310.82257,1395.3022,404.78802,1359.8004,357.8053
496,879,bus,417.505,694.7777,621.3554,969.1491,519.4302,831.9634
496,1124,car,33.339718,584.3186,301.85132,852.4826,167.59552,718.40063
496,1188,car,140.0752,784.7184,376.52692,1080.0,258.30106,932.3592
496,1464,car,1380.9829,333.92264,1487.7806,468.50775,1434.3818,401.2152
496,1471,car,336.77664,177.14134,467.16034,285.87506,401.9685,231.50821
496,1799,person,1452.1116,234.47523,1484.974,311.92926,1468.5427,273.20224
496,1856,car,697.738,15.495813,774.15076,93.19547,735.94434,54.345642
496,2090,person,1706.1516,972.23987,1775.7347,1070.4141,1740.9431,1021.32697
496,2065,car,599.4995,50.498936,674.8606,122.15907,637.18005,86.329
496,21,truck,1302.4268,114.788284,1394.0969,248.90685,1348.2618,181.84756
496,2093,person,1802.421,660.67395,1846.9855,759.0992,1824.7032,709.8866
496,2075,car,789.98694,0.6444867,846.77026,35.005108,818.3786,17.824797
496,2120,car,711.7796,161.68445,781.39874,259.48135,746.5892,210.5829
496,1573,car,525.8918,31.71915,609.22034,105.91987,567.556,68.81951
496,1267,person,1585.3654,673.834,1638.5623,772.54913,1611.9639,723.1915
496,2200,person,657.14124,132.35892,689.5729,206.2523,673.35706,169.3056
496,2218,car,1131.2684,88.08287,1173.2932,144.99974,1152.2808,116.541306
496,2222,truck,33.296146,584.7885,299.64883,852.83136,166.47249,718.80994
496,947,car,1430.5157,461.4602,1528.2428,584.327,1479.3793,522.8936
496,2077,truck,834.10504,0.3226212,911.1587,105.215645,872.63184,52.769135
496,2057,person,1587.0475,672.8339,1640.4688,760.46173,1613.758,716.6478
496,606,car,1247.0183,121.937035,1302.2065,199.98709,1274.6124,160.96207
496,53,truck,1534.3862,47.00495,1919.8116,523.8229,1727.0989,285.4139
497,620,car,1324.524,309.38037,1394.7767,402.12085,1359.6504,355.7506
497,879,bus,409.57925,706.61194,616.6136,985.7465,513.09644,846.1792
497,1124,bus,19.368624,596.6758,290.76834,868.18787,155.06848,732.4318
497,1188,truck,135.20969,807.0354,358.92963,1080.0,247.06966,943.5177
497,1464,car,1386.9813,352.4609,1477.5656,462.61557,1432.2734,407.53824
497,1471,car,329.89758,178.8798,462.50882,289.46436,396.2032,234.17209
497,1799,person,1451.8447,231.91768,1485.2517,311.3699,1468.5482,271.6438
497,1856,car,696.7901,16.974277,772.8232,94.056274,734.80664,55.515274
497,2090,person,1704.6049,971.53656,1773.9939,1070.9836,1739.2993,1021.26013
497,2065,car,595.33026,50.395653,673.791,125.010445,634.56067,87.70305
497,21,truck,1303.3898,114.08801,1394.3466,246.84293,1348.8682,180.46547
497,2093,person,1803.0363,659.2639,1846.259,753.68036,1824.6477,706.47217
497,2075,car,789.01263,0.3512879,846.6633,35.375343,817.838,17.863316
497,2120,car,710.46124,165.52097,779.1024,261.6993,744.78186,213.61014
497,1573,car,524.0876,32.735744,606.5573,105.99105,565.32245,69.363396
497,1267,person,1586.2998,675.3471,1642.5334,778.5352,1614.4166,726.94116
497,2200,person,655.238,136.43932,687.4514,210.07895,671.3447,173.25912
497,2218,car,1130.7897,86.30082,1174.4364,145.5305,1152.613,115.915665
497,2222,car,19.245659,596.2108,290.10855,869.0907,154.67711,732.65076
497,947,car,1429.6582,461.45074,1525.7444,582.0074,1477.7013,521.72906
497,2077,truck,833.31116,0.6569603,910.4973,106.19383,871.90424,53.425396
497,2237,car,132.8974,806.8056,364.24088,1080.0,248.56914,943.40283
497,606,car,1247.4995,121.820595,1301.2758,197.89975,1274.3877,159.86017
497,53,truck,1535.7134,39.153023,1920.0,518.18335,1727.8567,278.66818
498,620,car,1323.3585,306.27332,1395.1592,401.97064,1359.2588,354.12198
498,879,bus,402.39087,718.4826,613.1608,1003.33624,507.77585,860.9094
498,1464,car,1382.3889,339.70416,1484.4706,463.1644,1433.4297,401.43427
498,1471,car,323.4128,180.44547,458.17886,292.79858,390.79584,236.62202
498,1799,person,1452.8951,230.268,1483.1986,302.0797,1468.0469,266.17386
498,1856,car,695.1533,18.423765,771.2125,95.29063,733.1829,56.857197
498,2090,person,1703.3922,969.51154,1772.6709,1070.0435,1738.0315,1019.77747
498,2065,car,591.8784,52.051,670.7284,126.64111,631.3034,89.346054
498,21,truck,1303.4331,112.59373,1393.8165,243.31921,1348.6248,177.95647
498,2093,person,1802.5458,656.7108,1846.8246,751.6536,1824.6852,704.18225
498,2075,car,787.4625,0.16285485,846.1524,35.77885,816.8075,17.970852
498,2120,car,707.3555,165.85913,777.27136,264.13068,742.3135,214.9949
498,1573,car,519.70044,32.5032,604.637,108.04452,562.1687,70.27386
498,2200,person,651.8014,139.36227,684.34454,214.38852,668.073,176.8754
498,2218,car,1130.8219,86.24962,1174.9778,146.31544,1152.8999,116.28253
498,2077,truck,831.94244,0.91207147,909.51825,107.249176,870.73035,54.080624
498,53,truck,1538.5815,36.33545,1920.0,512.47217,1729.2908,274.4038
498,1875,person,1256.1652,362.83664,1298.002,444.15475,1277.0835,403.4957
498,2057,person,1587.4856,674.13745,1642.7655,765.429,1615.1255,719.7832
499,620,car,1323.4823,302.1522,1394.9518,397.88016,1359.217,350.01617
499,879,bus,393.98538,732.693,606.924,1020.6745,500.4547,876.6837
499,1464,car,1381.6514,333.69632,1488.6194,462.6091,1435.1354,398.1527
499,1471,car,319.1273,183.2359,454.6138,296.2245,386.87054,239.7302
499,1799,person,1452.1012,227.50964,1483.3193,301.4426,1467.7102,264.47614
499,1856,car,693.9369,19.066666,770.617,96.373604,732.277,57.720135
499,2090,person,1701.9921,968.5236,1772.2004,1072.0792,1737.0962,1020.3014
499,2065,car,588.84314,53.372242,668.3629,128.58324,628.603,90.97774
499,21,truck,1302.5693,109.7461,1392.9131,240.13315,1347.7412,174.93962
499,2093,person,1799.3245,650.9645,1845.6869,750.3065,1822.5056,700.6355
499,2075,car,786.64514,0.04679844,846.12103,36.105732,816.38306,18.076265
499,2120,car,706.34155,167.7199,774.53937,263.60333,740.4404,215.66162
499,1573,car,517.0783,32.48804,602.28516,108.36147,559.68176,70.42476
499,2200,person,649.0492,140.34288,682.66516,218.27875,665.8572,179.31082
499,2218,car,1131.1024,85.82459,1175.7031,146.75325,1153.4028,116.288925
499,2077,truck,830.2543,1.01175,908.91815,109.60319,869.5862,55.30747
499,53,truck,1535.7803,38.72826,1919.4475,514.4455,1727.6139,276.58688
499,1124,car,0.0,617.63367,277.31165,904.59674,138.65582,761.11523
499,1188,car,127.380135,844.5732,327.31268,1080.0,227.3464,962.2866
